"Tilda UID";Brand;SKU;Mark;Category;Title;Description;Text;Photo;Price;Quantity;"Price Old";Editions;Modifications;"External ID";"Parent UID";"Characteristics:Марка автомобиля";Weight;Length;Width;Height;"SEO title";"SEO descr";"SEO keywords";"FB title";"FB descr"
537912202132;;A.001.000037,103-002-002-00;;"Багажники>>>Багажники STORM;Автомобили>>>Tank 300;Багажники";"Багажник экспедиционный STORM для Tank 300 (короткая версия)";;"Легкий и прочный полноразмерный экспедиционный автомобильный багажник из алюминия <strong>STORM </strong>для <strong>Tank 300 (короткая версия)</strong> входит в систему Arcane Warrior для перевозки вещей и установки дополнительного оборудования для кемпинга и автопутешествий.<br /><ul><li data-list=""bullet"">Минимальное завышение от штатной высоты автомобиля</li><li data-list=""bullet"">Удобная сборная конструкция, в комплекте шаблон для сборки</li><li data-list=""bullet"">Специальные пазы для крепежных болтов в поперечинах для закрепления дополнительного оборудования</li><li data-list=""bullet"">Эстетичные и надежные крепления для заводских релингов</li></ul><br /><strong>Для установки автомобиль должен быть оборудован продольными релингами</strong><br /><br /><strong>Характеристики</strong><br /><strong>Размер багажника:</strong> 1539*1225*66мм<br /><strong>Размеры погрузочной площадки: </strong>1043*1060мм<br /><strong>Размер упаковки:</strong> 1595*360*495мм<br /><strong>Завышение от штатной высоты</strong>: 40мм<br /><strong>Расстояние от дна платформы до крыши автомобиля:</strong> 48мм<br /><strong>Вес: </strong>23.5кг<br /><strong>Динамическая грузоподьемность: </strong>150кг<br /><strong>Статическая грузоподьемность: </strong>320кг<br /><strong>Макимальный размер светодиодной балки:</strong> 950мм<br /><strong>Совместим с кронштейном для диодной балки PRO version:</strong> √";https://static.tildacdn.com/stor3938-6336-4933-b065-383161323738/65064910.jpg;86944.00;;;;;AsAVhTejOyT54BjbhVe3;;Tank;0;0;0;0;;;;;
602465611012;;A.001.000005,103-002-001-00;;"Багажники>>>Багажники STORM;Автомобили>>>Tank 300;Багажники";"Багажник экспедиционный STORM для Tank 300 (длинная версия)";;"Легкий и прочный полноразмерный экспедиционный автомобильный багажник из алюминия <strong>STORM </strong>для <strong>Tank 300 (длинная версия)</strong> входит в систему Arcane Warrior для перевозки вещей и установки дополнительного оборудования для кемпинга и автопутешествий.<br /><ul><li data-list=""bullet"">Минимальное завышение от штатной высоты автомобиля</li><li data-list=""bullet"">Удобная сборная конструкция, в комплекте шаблон для сборки</li><li data-list=""bullet"">Специальные пазы для крепежных болтов в поперечинах для закрепления дополнительного оборудования</li><li data-list=""bullet"">Эстетичные и надежные крепления для заводских релингов</li></ul><br /><strong>Для установки автомобиль должен быть оборудован продольными релингами.</strong><br /><br /><strong>Характеристики</strong><br /><strong>Размер багажника:</strong> 1889*1225*66мм<br /><strong>Размеры погрузочной площадки: </strong>1043*1060мм<br /><strong>Размер упаковки: </strong>1595*360*495мм<br /><strong>Завышение от штатной высоты:</strong> 40мм<br /><strong>Расстояние от дна платформы до крыши автомобиля:</strong> 48мм<br /><strong>Вес: </strong>23.5кг<br /><strong>Динамическая грузоподьемность: </strong>150кг<br /><strong>Статическая грузоподьемность: </strong>320кг<br /><strong>Макcимальный размер диодной балки: </strong>950мм<br /><strong>Совместим с кронштейном для диодной балки PRO version:</strong> √";https://static.tildacdn.com/stor6339-3036-4639-b136-383764313132/40133308.jpg;96663.00;;;;;mz4itt7bbITjONn9Y9t1;;Tank;0;0;0;0;;;;;
990619521282;"Arcane Warrior";A.012.000020,103-000-009-00;;"Маркизы и тенты";"Кронштейны крепления маркизы Canopy Mounting Bracket PRO Version (1 пара)";;"Легкие алюминиевые кронштейны <strong>Canopy Mounting Bracket PRO Version</strong> предназначены для крепления маркизы <strong>HARDCORE</strong> к экспедиционным багажникам серии <strong> STORM</strong><br />Легкая, прочная алюминиевая конструкция<br />Быстрая и надежная установка<br />Отсутствие вибраций маркизы при движении<br />Возможность регулировки глубины и высоты";https://static.tildacdn.com/stor3232-3132-4061-b563-323361343563/92551328.jpg;10355.00;;;;;eHTCRu1hLeYP767RKm2k;;;630;314;372;141;;;;;
907049188602;"Arcane Warrior";B.031.000003,105-001-019-00;;"Палатки;Допы>>>Допы к багажникам;Автомобили>>>Tank 300;Автомобили>>>LC300;Автомобили>>>LC250";"Автомобильная палатка на крышу Arcane Warrior LANDING Hardshell";;"Автомобильная палатка в стильном пластиковом корпусе<strong> LANDING Hardshell.</strong> Рассчитана на размещение 2-3х человек (два взрослых, один ребенок). <br />Палатка ArcaneWarrior с пластиковым жестким корпусом - одна из самых ярких палаток на рынке.<br /><br /><strong>Характеристики</strong><br />Закрытый размер: 1606*1367*347 мм<br />Развернутый размер: 1606 * 2000 мм<br />Вместимость: 2взрослых+2 ребенка <br />Материал оболочки: высокопрочный композитный материал PC + ABS<br />Ткань палатки: 280г поли-хлопок<br />Вес продукта: 80кг";https://static.tildacdn.com/stor3237-6363-4639-b930-616665626232/55166007.jpg;199650.00;;;;;R63BL98f9Ny5uozKmdfe;;;0;0;0;0;;;"автопалатка, палатка на крышу, автомобильная палатка, палатка на багажник";;
269785361262;"Arcane Warrior";;;"Палатки;Допы>>>Допы к багажникам";"Супертонкая автопалатка в алюминиевом корпусе Arcane Warrior LANDING Ultra Slim";;"<strong>LANDING Ultra Slim </strong>одна из самых тонких автомобильных палаток в алюминиевом корпусе со встроенной зарядкой и подсветкой, рассчитанная на ночевку 1-2 человек.<br /><br /><br /><br /><br />";https://static.tildacdn.com/stor3464-3333-4161-b961-633839623536/22034365.jpg;;;;;;DKuXJfpYXtdNYU6LoXMx;;;76000;2100;1270;140;;;;;
359364404763;;B.032.000001,105-001-002-00;;;"Супертонкая автопалатка в алюминиевом корпусе Arcane Warrior LANDING Ultra Slim - LANDING";;;;261360.00;;;Версия:LANDING;;DVXhNiTxcYVFDJ62VVJ9;269785361262;;0;0;0;0;;;;;
448543495223;;B.032.000002,702-001-015-00;;;"Супертонкая автопалатка в алюминиевом корпусе Arcane Warrior LANDING Ultra Slim - CROSSING";;;;261360.00;;;Версия:CROSSING;;eETMTA7JtHmZjOeRp95i;269785361262;;0;0;0;0;;;;;
594197495122;"Arcane Warrior";A.024.000002,105-005-002-00;;"Мебель;Допы>>>Допы к палаткам";"Складной стул с чехлом Arcane Warrior LANDING Folding Chair (с чехлом)";;"<br /><strong>Комфортный стул-кресло Arcane Warrior LANDING </strong><br />Максимальный комфорт и прочность при минимальных размерах<br />Удобный чехол в комплекте<br /><br /><br />";https://static.tildacdn.com/stor6261-6137-4162-a664-323738383539/2e12ba0b98879d6a3b760e22fc55cd5d.png;18525.00;;;;;HRduIoA4iBRydFlv1664;;;3600;486;155;484;;;;;
206471437832;"Arcane Warrior";A.023.000001,105-005-001-00;;"Мебель;Допы>>>Допы к палаткам;Допы>>>Допы к багажникам";"Складной кемпинговый стол с магнитными защелками Arcane Warrior LANDING Magnetic Camping Table";;"Легкий, компактный и прочный стол <strong>Arcane Warrior LANDING magnetic camping table</strong> с уникальной системой магнитных защелок и модульной конструкцией. <br />Может быть адаптирован к системе расширения IGT";https://static.tildacdn.com/stor6133-3737-4639-b964-633461623064/71960656.jpg;32965.00;;;;;zTMV9P4ImjEs0biyYBCI;;;8300;793;245;262;;;;;
404179596762;"Arcane Warrior";A.013.000002,105-002-002-00;;"Маркизы и тенты;Допы>>>Допы к палаткам;Допы>>>Допы к багажникам;Маркизы и тенты>>>Маркизы обычные";"Маркиза автомобильная Arcane Warrior HARDCORE Car Canopy (версия Silver)";;"Маркиза автомобильная <strong>HARDCORE Car Canopy </strong>(боковой навес) в алюминиевом корпусе<strong>. </strong>Стандартная версия silver (Внутренняя сторона серебристого цвета, усиленная защита от солнца).<br /><br />Откройте для себя новую ступень комфорта на открытом воздухе с боковым навесом <strong>HARDCORE</strong>, где передовые инновации сочетаются с надежностью и прочностью.<br /><br />Создан для тех, кто ищет приключений, не жертвуя качеством, этот навес — не просто аксессуар, а настоящий прорыв.<br /><ul><li data-list=""bullet"">Стильный, прочный и эргономичный алюминиевый корпус</li><li data-list=""bullet"">Полуавтоматическая система складывания и установки</li><li data-list=""bullet"">В базовой комплектации поставляется со светодиодной подсветкой.</li></ul>";https://static.tildacdn.com/stor3166-3666-4632-b331-653162373663/33857130.jpg;60990.00;;;;;gfZrYkcLCIFZZb88i79p;;;15000;2191;208;172;;;;;
958028366522;"Arcane Warrior";A.013.000004,105-002-007-00;;"Маркизы и тенты;Допы>>>Допы к палаткам;Маркизы и тенты>>>Маркизы обычные";"Маркиза автомобильная Arcane Warrior HARDCORE Car Canopy (версия Vinyl)";;"Маркиза автомобильная складная в алюминиевом корпусе <strong>HARDCORE Car Canopy </strong>(версия Vinil. Внутренняя сторона черного цвета, усиленная защита от дождя). <br />Откройте для себя новую ступень комфорта на открытом воздухе с боковым навесом <strong>HARDCORE</strong>, где передовые инновации сочетаются с надежностью и прочностью. <br />Создан для тех, кто ищет приключений, не жертвуя качеством, этот навес — не просто аксессуар, а настоящий прорыв.<br /><ul><li data-list=""bullet"">Стильный, прочный и эргономичный алюминиевый корпус</li><li data-list=""bullet"">Полуавтоматическая система складывания и установки</li><li data-list=""bullet"">Светодиодная подсветка</li></ul><br /><br />";https://static.tildacdn.com/stor3166-3666-4632-b331-653162373663/33857130.jpg;71250.00;;;;;TbYvLnkn9CZiAp9LbhFs;;;16700;2191;208;172;;;;;
384128390122;"Arcane Warrior";A.036.000001,101-005-004-00;;"Экспедиционные боксы;Допы>>>Допы к багажникам;Хранение";"Экспедиционный бокс FLEX 36L";;"Пластиковый экспедиционный бокс <strong>Arcane Warrior FLEX 36 л</strong> - идеальное решение для перевозки вещей и оборудования на крыше внедорожника, в кузове пикапа или в багажнике";https://static.tildacdn.com/stor6136-6364-4261-a430-383234393263/878a8de0ab117a374a661d4667c3008a.jpg;36005.00;;;;;oJPImo0xAVU3JXnT1VJ3;;;12000;1100;430;180;;;;;
113557803412;"Arcane Warrior";A.036.000002,101-005-003-00;;"Экспедиционные боксы;Допы>>>Допы к багажникам;Хранение";"Экспедиционный бокс FLEX 52L";;"Пластиковый экспедиционный бокс<strong> Arcane Warrior FLEX 52 л</strong> - идеальное решение для перевозки вещей и оборудования на крыше внедорожника, в кузове пикапа или в багажнике.";https://static.tildacdn.com/stor6233-3664-4462-b439-366637366461/23340119.jpg;38475.00;;;;;S7akoG35dJ4bDFXxh9LS;;;9200;1070;450;230;;;;;
890068420922;"Arcane Warrior";A.036.000003,101-005-002-00;;"Экспедиционные боксы;Допы>>>Допы к багажникам;Хранение";"Экспедиционный бокс FLEX 108L";;"Пластиковый экспедиционный бокс <strong>Arcane Warrior FLEX 108 л</strong> - идеальное решение для перевозки вещей и оборудования на крыше внедорожника, в кузове пикапа или в багажнике.";https://static.tildacdn.com/stor3864-3036-4232-b034-373962666461/78573249.jpg;43415.00;;;;;RnkASA1EgEZxTGReGpdr;;;14100;1250;490;300;;;;;
145702115602;"Arcane Warrior";A.036.000004,101-005-001-00;;"Экспедиционные боксы;Допы>>>Допы к багажникам;Хранение";"Экспедиционный бокс FLEX 116L";;"Пластиковый экспедиционный бокс <strong>Arcane Warrior FLEX 116 л</strong> - идеальное решение для перевозки вещей и оборудования на крыше, в кузове пикапа или в багажнике внедорожника.<br /><br /><strong>Характеристики</strong><br />Габариты: (ДxШxВ): 890x490x410#nbsp;мм<br />Вес: 11,8 кг<br />Старый артикул: 101-005-001-00";https://static.tildacdn.com/stor3466-3931-4234-a261-376462353535/14892936.jpg;40280.00;;;;;l0IfXc4xjm4FIRfEB6my;;;0;0;0;0;;;;;
885965964382;"Arcane Warrior";A.037.000012,101-000-024-00;;"Экспедиционные боксы>>>Аксессуары к экспедиционным боксам;Допы>>>Допы к боксам;Хранение";"Внутренняя молле-панель на крышку бокса 36 л FLEX Equipment Box Top Cover Expansion Plate (36L)";;"Алюминиевая молле-панель <strong>Top Cover Expansion Plate</strong> для бокса 36л серии <strong>FLEX</strong> позволяет закрепить на внутренней части крышки контейнера мелкие вещи и оборудование";https://static.tildacdn.com/stor6136-3764-4538-a661-353866333939/71918272.jpg;6840.00;;;;;lUmM3oKKl5aIANRA1yp4;;;1500;940;280;3;;;;;
365729223812;"Arcane Warrior";A.037.000013,101-000-006-00;;"Экспедиционные боксы>>>Аксессуары к экспедиционным боксам;Допы>>>Допы к боксам;Хранение";"Внутренняя молле-панель на крышку бокса 52 л FLEX Equipment Box Top Cover Expansion Plate (52L)";;"Алюминиевая молле-панель <strong>Top Cover Expansion Plate</strong> для бокса 52л серии <strong>FLEX</strong> позволяет закрепить на внутренней части крышки контейнера мелкие вещи и оборудование";https://static.tildacdn.com/stor6336-3830-4433-a361-333637653433/19133463.jpg;6840.00;;;;;4NUKKmsyyfjea06kImlB;;;1300;859;264;3;;;;;
790403691422;"Arcane Warrior";A.037.000014,101-000-005-00;;"Экспедиционные боксы>>>Аксессуары к экспедиционным боксам;Допы>>>Допы к боксам;Хранение";"Внутренняя молле-панель на крышку бокса 108 л FLEX Equipment Box Top Cover Expansion Plate (108L)";;"Алюминиевая молле-панель <strong>Top Cover Expansion Plate</strong> для бокса 108л серии <strong>FLEX</strong> позволяет закрепить на внутренней части крышки контейнера мелкие вещи и оборудование";https://static.tildacdn.com/stor3862-3836-4439-a431-353737373764/10653252.jpg;8550.00;;;;;mGUnZHD6KD3FA59s3fEJ;;;1800;1052;314;3;;;;;
300658462892;"Arcane Warrior";A.037.000015,101-000-004-00;;"Экспедиционные боксы>>>Аксессуары к экспедиционным боксам;Допы>>>Допы к боксам;Хранение";"Внутренняя молле-панель на крышку бокса 116 л FLEX Equipment Box Top Cover Expansion Plate (116L)";;"Алюминиевая молле-панель <strong>Top Cover Expansion Plate</strong>#nbsp;для бокса 116л серии <strong>FLEX</strong>#nbsp;позволяет закрепить на внутренней части крышки контейнера мелкие вещи и оборудование";https://static.tildacdn.com/stor3863-6636-4335-b766-376230363765/41448206.jpg;7505.00;;;;;04gHLVT3JxZ7g4unYfDB;;;1300;700;332;3;;;;;
395571570292;"Arcane Warrior";A.037.000008,101-000-021-00;;"Экспедиционные боксы>>>Аксессуары к экспедиционным боксам;Допы>>>Допы к боксам;Хранение";"Наружная молле-панель на крышку бокса 36 л FLEX Equipment Box Top Cover Expansion Plate (36L)";;"Наружная алюминиевая панель расширения верхней части бокса<strong> FLEX </strong>(36 л)<br />Позволяет закрепить на внешней части крышки экспедиционного бокса <strong>FLEX </strong>различные дополнительные аксессуары и оборудование";https://static.tildacdn.com/stor3766-6164-4065-a232-636131313165/10307358.jpg;12160.00;;;;;VxzSEPFk5tbki9N4ThH8;;;2200;1040;366;4;;;;;
125645501532;"Arcane Warrior";A.037.000009,101-000-018-00;;"Экспедиционные боксы>>>Аксессуары к экспедиционным боксам;Допы>>>Допы к боксам;Хранение";"Наружная молле-панель на крышку бокса 52 л FLEX Equipment Box Top Cover Expansion Plate (52L)";;"Наружная алюминиевая панель расширения верхней части бокса<strong>#nbsp;FLEX </strong>(52л)<br />Позволяет закрепить на внешней части крышки экспедиционного бокса <strong>FLEX </strong>различные дополнительные аксессуары и оборудование";https://static.tildacdn.com/stor3766-6164-4065-a232-636131313165/10307358.jpg;11780.00;;;;;nlYDIJhbMBm1gjk8PRDK;;;2100;979;360;4;;;;;
292828962752;"Arcane Warrior";A.037.000010,101-000-019-00;;"Экспедиционные боксы>>>Аксессуары к экспедиционным боксам;Допы>>>Допы к боксам;Хранение";"Наружная молле-панель на крышку бокса 108 л FLEX Equipment Box Top Cover Expansion Plate (108L)";;"Наружная алюминиевая панель расширения верхней части бокса<strong>#nbsp;FLEX </strong>(108л)<br />Позволяет закрепить на внешней части крышки экспедиционного бокса <strong>FLEX </strong>различные дополнительные аксессуары и оборудование";https://static.tildacdn.com/stor3766-6164-4065-a232-636131313165/10307358.jpg;13585.00;;;;;Fd0Cviyaf29he278etnE;;;3000;1179;426;4;;;;;
322116958982;"Arcane Warrior";A.037.000018,101-000-025-00;;"Экспедиционные боксы>>>Аксессуары к экспедиционным боксам;Допы>>>Допы к боксам;Хранение";"Внутренний органайзер на крышку бокса FLEX Expansion Organiser (36L)";;"Внутренний органайзер FLEX Expansion Organiser (36 л)<br />Предназначен для закрепления на внутренней части крышки экспедиционного бокса <strong>Arcane Warrior</strong> серии <strong>FLEX</strong> для удобного размещения мелких аксессуаров и оборудования";https://static.tildacdn.com/stor3363-6235-4965-a139-633666396239/60667375.jpg;6460.00;;;;;ZEvIPRHN7dml6uRXhPRc;;;600;940;275;20;;;;;
793944172992;"Arcane Warrior";A.037.000017,101-000-009-00;;"Экспедиционные боксы>>>Аксессуары к экспедиционным боксам;Допы>>>Допы к боксам;Хранение";"Внутренний органайзер на крышку бокса FLEX Expansion Organiser (52L)";;"Внутренний органайзер FLEX Expansion Organiser (52л)<br />Предназначен для закрепления на внутренней части крышки экспедиционного бокса <strong>Arcane Warrior</strong>#nbsp;серии <strong>FLEX</strong>#nbsp;для удобного размещения мелких аксессуаров и оборудования";https://static.tildacdn.com/stor3564-3330-4634-b064-363265396330/98285560.jpg;6460.00;;;;;tKX8rzAynObxus28nFOR;;;700;895;260;20;;;;;
137884726502;"Arcane Warrior";A.037.000016,101-000-008-00;;"Экспедиционные боксы>>>Аксессуары к экспедиционным боксам;Допы>>>Допы к боксам;Хранение";"Внутренний органайзер на крышку бокса FLEX Expansion Organiser (108L)";;"Внутренний органайзер FLEX Expansion Organiser (108л)<br />Предназначен для закрепления на внутренней части крышки экспедиционного бокса <strong>Arcane Warrior</strong>#nbsp;серии <strong>FLEX</strong>#nbsp;для удобного размещения мелких аксессуаров и оборудования";https://static.tildacdn.com/stor6566-3465-4139-b466-626434396131/75974464.jpg;6840.00;;;;;ZA32VOlbIz1p2AC47U2C;;;800;1054;312;20;;;;;
864111939582;"Arcane Warrior";A.037.000019,101-000-007-00;;"Экспедиционные боксы>>>Аксессуары к экспедиционным боксам;Допы>>>Допы к боксам;Хранение";"Внутренний органайзер на крышку бокса FLEX Expansion Organiser (116L)";;"Внутренний органайзер FLEX Expansion Organiser (116л)<br />Предназначен для закрепления на внутренней части крышки экспедиционного бокса <strong>Arcane Warrior</strong>#nbsp;серии <strong>FLEX</strong>#nbsp;для удобного размещения мелких аксессуаров и оборудования";https://static.tildacdn.com/stor6536-3936-4363-b335-356131386632/66378053.jpg;6460.00;;;;;14hUFACaZfmabn2NaK5r;;;600;700;330;20;;;;;
698756784572;"Arcane Warrior";A.037.000005,101-000-013-00;;"Экспедиционные боксы>>>Аксессуары к экспедиционным боксам;Допы>>>Допы к боксам;Хранение";"Делитель внутреннего пространства бокса 52л FLEX equipment box divider (52L)";;"Разделитель внутреннего пространства <strong>Arcane Warrior </strong>для экспедиционного бокса 52л<strong> </strong>серии <strong>FLEX</strong><br />Позволяет правильно организовать пространство внутри бокса и надежно защитить оборудование от повреждений при движении по бездорожью<br /><br /><strong>Характеристики</strong><br /><ul><li data-list=""bullet"">Размер: 894*292*94 мм</li><li data-list=""bullet"">Материал: PP доска покрыта нетканым материалом</li><li data-list=""bullet"">Вес: около 0.5кг</li><li data-list=""bullet"">Свободное разделение, гибкое хранение</li><li data-list=""bullet"">Сопряжение модулей, простой в эксплуатации</li><li data-list=""bullet"">Мягкая поверхность для защиты объектов хранения</li><li data-list=""bullet"">Двухслойный дизайн, толстый и прочный</li><li data-list=""bullet"">Максимальное использование пространства, повышение эффективности хранения</li></ul>";https://static.tildacdn.com/stor3762-3364-4630-b233-383964373633/38130823.jpg;2850.00;;;;;6IFi2m3DsXXx7NmKPnZR;;;500;894;292;94;;;;;
756574991452;"Arcane Warrior";A.037.000006,101-000-012-00;;"Экспедиционные боксы>>>Аксессуары к экспедиционным боксам;Допы>>>Допы к боксам;Хранение";"Делитель внутреннего пространства бокса 108л FLEX equipment box divider (108L)";;"Разделитель внутреннего пространства <strong>Arcane Warrior </strong>для экспедиционного бокса 108л<strong> </strong>серии <strong>FLEX</strong><br />Позволяет правильно организовать пространство внутри бокса и надежно защитить оборудование от повреждений при движении по бездорожью<br /><br /><strong>Характеристики</strong><br /><ul><li data-list=""bullet"">Размер: 1082*340*184мм</li><li data-list=""bullet"">Материал: PP доска покрыта нетканым материалом</li><li data-list=""bullet"">Вес: около 1.1кг</li><li data-list=""bullet"">Свободное разделение, гибкое хранение</li><li data-list=""bullet"">Сопряжение модулей, простой в эксплуатации</li><li data-list=""bullet"">Мягкая поверхность для защиты объектов хранения</li><li data-list=""bullet"">Двухслойный дизайн, толстый и прочный</li><li data-list=""bullet"">Максимальное использование пространства, повышение эффективности хранения</li></ul>";https://static.tildacdn.com/stor6133-3336-4864-a133-313661333065/62572383.jpg;3230.00;;;;;ctA0Y59DrXSpyGsZE0Zi;;;1100;1082;340;184;;;;;
367461547402;"Arcane Warrior";A.037.000007,101-000-011-00;;"Экспедиционные боксы>>>Аксессуары к экспедиционным боксам;Допы>>>Допы к боксам;Хранение";"Делитель внутреннего пространства бокса 116л FLEX equipment box divider (116L)";;"Разделитель внутреннего пространства <strong>Arcane Warrior </strong>для экспедиционного бокса 116л<strong> </strong>серии <strong>FLEX</strong><br />Позволяет правильно организовать пространство внутри бокса и надежно защитить оборудование от повреждений при движении по бездорожью<br /><br /><strong>Характеристики</strong><br /><ul><li data-list=""bullet"">Размер: 730*358*275мм</li><li data-list=""bullet"">Материал: PP доска покрыта нетканым материалом</li><li data-list=""bullet"">Вес: около 1.1кг</li><li data-list=""bullet"">Свободное разделение, гибкое хранение</li><li data-list=""bullet"">Сопряжение модулей, простой в эксплуатации</li><li data-list=""bullet"">Мягкая поверхность для защиты объектов хранения</li><li data-list=""bullet"">Двухслойный дизайн, толстый и прочный</li><li data-list=""bullet"">Максимальное использование пространства, повышение эффективности хранения</li></ul>";https://static.tildacdn.com/stor6362-3630-4630-a661-383234323462/94849080.jpg;3230.00;;;;;Akn6JbklePdo4VZJls7l;;;1100;730;358;75;;;;;
914706143282;;;;"Одежда и мерч";"Ультратонкие тактические перчатки Ultra-thin Tactical Gloves";;"Ультратонкие тактические перчатки <strong>Arcane Warrior Ultra-thin Outdoor Tactical Gloves</strong><br /><ul><li data-list=""bullet"">Полная ладонь с сенсорным экраном PU, нет необходимости снимать перчатки для управления мобильными телефонами, камерами, компьютерами и другими электронными устройствами</li><li data-list=""bullet"">манжеты вшиты внутрь эластичной ленты, чтобы обеспечить плотное прилегание манжет к запястью.</li><li data-list=""bullet"">Перфорированный ПУ с подкладкой из эластичной ткани для комфорта и воздухопроницаемости.</li><li data-list=""bullet"">Гексагональный ПУ для усиленной защиты пальцев и сетчатый композит для легкой амортизации.</li><li data-list=""bullet"">Отверстия для костяшек с эластичной подкладкой, дополнительное пространство для сгибания, легкость сгибания пальцев без усилий.</li><li data-list=""bullet"">Ремешок для удобного ношения и подвешивания.</li><li data-list=""bullet"">Ультратонкая, суперэластичная и дышащая ткань из спандекса, мягкая и приятная на ощупь, превосходная посадка.</li><li data-list=""bullet"">Полиуретановая подкладка обеспечивает двойную защиту и повышает устойчивость к истиранию.</li></ul><br /><strong>Размеры</strong>:<br />M ширина ладони: 87 мм общая длина: 210 мм длина среднего пальца: 83 мм вес: 0.064 кг<br />L ширина ладони: 97 мм, длина: 225 мм, длина среднего пальца: 88 мм, вес: 0.071 кг<br />XL ширина ладони: 98 мм, длина: 233 мм, длина среднего пальца: 96 мм, вес: 0.073 кг<br />-Материал: Полиэстер, ПУ, ПВХ.";https://static.tildacdn.com/stor3433-3337-4537-a364-393734336361/83886417.jpg;;;;;;XyG34GvfxR00NjHbhFEu;;;0;0;0;0;;;;;
891905591742;;102-003-004-00;;;"Ультратонкие тактические перчатки Ultra-thin Tactical Gloves - M";;;;3206.00;0;;Размер:M;;5XpFiPFZFuN47g2ssHvp;914706143282;;0;0;0;0;;;;;
517489969122;;102-003-005-00;;;"Ультратонкие тактические перчатки Ultra-thin Tactical Gloves - L";;;;3230.00;0;;Размер:L;;b3G5ukJlMLOoaBA2tZfs;914706143282;;0;0;0;0;;;;;
198870462962;;102-003-009-00;;;"Ультратонкие тактические перчатки Ultra-thin Tactical Gloves - XL";;;;3230.00;0;;Размер:XL;;2troEPLBITG1KgTg57A1;914706143282;;0;0;0;0;;;;;
289247944172;;;;"Одежда и мерч";"Ультратонкие тактические перчатки Ultra-thin half-finger non-slip gloves";;"Ультратонкие тактические перчатки <strong>Arcane Warrior Ultra-thin half-finger non-slip gloves</strong><br /><ul><li data-list=""bullet"">Материал: Полиэстер, ПУ, ПВХ.</li><li data-list=""bullet"">Ультратонкие, высокоэластичные и дышащие ткани, идеально подходят для руки, более удобны в ношении.</li><li data-list=""bullet"">Модный дизайн, яркие ткани</li><li data-list=""bullet"">Ультрамягкая и удобная замша на тыльной стороне большого пальца, легко сгибаются пальцы.</li><li data-list=""bullet"">Ремешок из микрофибры на манжете ладони, легко надевать и снимать перчатки.</li><li data-list=""bullet"">Нескользящий силиконовый принт обеспечивает надежный захват, а подкладка из EVA обеспечивает амортизацию и устойчивость к ударам.</li></ul><br />РАЗМЕРЫ:<br />M ширина ладони: 93 мм, длина: 122 мм, длина среднего пальца: 25 мм, вес: 0.042 кг<br />L ширина ладони: 96 мм, длина: 147 мм, длина среднего пальца: 30 мм, вес: 0.049 кг<br />XL ширина ладони: 106 мм, длина: 158 мм, длина среднего пальца: 34 мм, вес: 0.051 кг";https://static.tildacdn.com/stor3532-6165-4133-b034-393938643562/52443053.jpg;;;;;;txaixDkka8tfyIzfDyte;;;0;0;0;0;;;;;
476072809562;;102-003-006-00;;;"Ультратонкие тактические перчатки Ultra-thin half-finger non-slip gloves - M";;;;3206.00;0;;Размер:M;;Oi618HAJHKC4aFNcXbCk;289247944172;;0;0;0;0;;;;;
751697220102;;102-003-007-00;;;"Ультратонкие тактические перчатки Ultra-thin half-finger non-slip gloves - L";;;;3206.00;0;;Размер:L;;knAojOcvTVU6o9LHkPIr;289247944172;;0;0;0;0;;;;;
607007724562;;102-003-008-00;;;"Ультратонкие тактические перчатки Ultra-thin half-finger non-slip gloves - XL";;;;3206.00;0;;Размер:XL;;s5ByuxENm22ceDufcbs8;289247944172;;0;0;0;0;;;;;
778873696292;;;;"Одежда и мерч";"Тактические перчатки OFF ROAD MASTER Tactical Gloves";;"Удобные, комфортные и стильные тактические перчатки <strong>Arcane Warrior OFF ROAD MASTER Tactical Gloves</strong><br /><ul><li data-list=""bullet"">Накладки из TPR на тыльной стороне ладони, костяшках и пальцах обеспечивают эффективную защиту всей тыльной стороны ладони, превосходную амортизацию от ударов.</li><li data-list=""bullet"">Указательный и большой пальцы имеют накладки из полиуретанового материала, совместимого с сенсорными экранами.</li><li data-list=""bullet"">Боковой ремешок + застежка-защелка позволяют легко соединить две перчатки, чтобы их не потерять.</li><li data-list=""bullet"">TPR резиновое уплотнение анти-удар, анти-капля для повышения защиты суставов, мягкий, легко сгибается</li><li data-list=""bullet"">Силиконовая губка ладони, совмещена с губкой анти-шок, удобно носить - поверхностный слой силикона нескользящей, улучшает сцепление</li><li data-list=""bullet"">Пальцы с сенсорным экраном, подходят для большинства электронных устройств</li><li data-list=""bullet"">Усиленная кожа пальцев, устойчивая к истиранию микрофибра, обеспечивает двойную защиту ногтей</li><li data-list=""bullet"">Трехмерная структура пальцев, микрофибра сшита с ультратонкой лестничной тканью на всех четырех сторонах структуры пальцев, так что ношение более комфортно, дополнительная вентиляция от пота.</li><li data-list=""bullet"">Боковая тесьма + кнопки-защелки, легко соединить две перчатки вместе, чтобы не потерять.</li><li data-list=""bullet"">Манжета ладони для крепления альпинистской пряжки.</li><li data-list=""bullet""></li></ul>РАЗМЕРЫ:<br />M ширина ладони: 100 мм, длина: 220 мм, длина среднего пальца: 92, мм вес: 0.148 кг<br />L ширина ладони: 105 мм, длина: 230 мм, длина среднего пальца: 96 мм, вес: 0.156 кг<br />XL ширина ладони: 110 мм, длина: 240 мм, длина среднего пальца: 100 мм, вес: 0.162 кг<br /><br />";https://static.tildacdn.com/stor3566-3864-4866-b432-306662316661/11557399.jpg;;;;;;dFfFNfm7HpAOu5I95jh5;;;0;0;0;0;;;;;
454615892122;;A.046.000001,102-003-012-00;;;"Тактические перчатки OFF ROAD MASTER Tactical Gloves - M";;;;4987.00;0;;Размер:M;;KZEdnHKLfJz6P1yTDiuF;778873696292;;0;0;0;0;;;;;
617404929362;;A.046.000002,102-003-013-00;;;"Тактические перчатки OFF ROAD MASTER Tactical Gloves - L";;;;4987.00;0;;Размер:L;;64u42x8BN0V5F5evB1pn;778873696292;;0;0;0;0;;;;;
576885425652;;A.046.000003,102-003-014-00;;;"Тактические перчатки OFF ROAD MASTER Tactical Gloves - XL";;;;4987.00;0;;Размер:XL;;HBfshyY1Veae1U7VcisZ;778873696292;;0;0;0;0;;;;;
594716568752;;501-002-011-00;;"Одежда и мерч";"Кепка LANDING Sun Hat";;"S/M (55-57 см) Подходит для небольшой окружности головы.<br />L/XL (58-60 см) для нормального обхвата головы<br />XXL (60-62 см) подходит для большой окружности головы<br />XXXL (62-65 см) подходит для очень большой окружности головы.<br />Растяжимая и удобная посадка<br />Материал: Хлопок, полиэстер, спандекс.";https://static.tildacdn.com/stor3964-3430-4233-b965-633862666163/88613766.jpg;3515.00;0;;;"Выберите размер:XXL;XXXL";lLkB311HPHXuSim1vPuo;;;0;0;0;0;;;;;
843955184992;;A.059.000001,501-013-003-00;;"Одежда и мерч";"Зонт Arcane Warrior Brand Umbrellas";;"Двойной зонт максимального класса<br />Защищает 2-3 человек от ветра и дождя.<br />Сенсорное управление <br />Одна шелковистая гладкая кнопка для легкого открытия и закрытия";https://static.tildacdn.com/stor3935-3537-4263-a166-386634393239/35440728.jpg;3515.00;0;;;;5b9bZgHRLMVZ0pmRv2NF;;;0;0;0;0;;;;;
676686184702;;A.063.000004,501-004-010-00;;"Одежда и мерч";"Нарукавник Warrior's HEART Outdoor Ice Sleeve (Пара)";;"Размер изделия: 450*(100-120)мм<br />Обхват верхней части руки: 170-230 мм<br />Индекс защиты от солнца: SPF50+<br />Охлаждающая ткань, легкая и дышащая, впитывает влагу и пот, не боится солнца.<br />Полная эластичность, удобные и комфортные, длительное время ношения без стягивания, растяжение без деформации";https://static.tildacdn.com/stor3337-3937-4632-a431-323161373535/86638123.jpg;1045.00;0;;;;Rd46SKGi2afDaL4nJcYl;;;0;0;0;0;;;;;
743953308242;;;;"Offroad-оборудование;Допы>>>Допы к багажникам";"Шакл для буксировки Arcane Warrior DOMINATOR Lord's Buckle";;"Прочный шакл для буксировки внедорожника <strong>Arcane Warrior DOMINATOR Lord's Buckle</strong><br /><br /><strong>Размер</strong> : 126*123*45 мм<br /><strong>Размер упаковки</strong>: 215*132*76мм<br /><strong>Вес</strong>: 1.18 кг<br /><strong>Максимальное тяговое усилие</strong>: 6 т<br /><strong>Концепция дизайна</strong>: итальянский нотный дизайн<br /><strong>Материал</strong>: Сталь 40Cr, алюминиевый сплав 6061<br /><strong>Процесс производства</strong>: ЧПУ, ковка<br /><strong>Покрытие поверхности</strong>: электрофорезное порошковое покрытие, нано-оксидирование";https://static.tildacdn.com/stor3861-6236-4163-b664-613265373836/74718092.jpg;;;;;;IHvBFtRXNZuFRFtFeR1p;;;0;0;0;0;;;;;
548515613032;;A.049.000001,102-002-001-00;;;"Шакл для буксировки Arcane Warrior DOMINATOR Lord's Buckle - Santorini Blue";;;https://static.tildacdn.com/stor3861-6236-4163-b664-613265373836/74718092.jpg;5035.00;;;"Цвет:Santorini Blue";;L9YYeE38S8lHd0vI5NCt;743953308242;;0;0;0;0;;;;;
111457646262;;A.049.000002,102-002-002-00;;;"Шакл для буксировки Arcane Warrior DOMINATOR Lord's Buckle - Venice Red";;;https://static.tildacdn.com/stor3831-6261-4135-a533-386561386336/60898597.jpg;5035.00;;;"Цвет:Venice Red";;gvEX4jpFC4AzNS4pUu7a;743953308242;;0;0;0;0;;;;;
223702367662;;A.049.000003,102-002-003-00;;;"Шакл для буксировки Arcane Warrior DOMINATOR Lord's Buckle - Daylight Yellow";;;https://static.tildacdn.com/stor3764-3732-4332-b339-336137393634/68767738.jpg;5035.00;;;"Цвет:Daylight Yellow";;LBMttsARrDkFHkaLMLHo;743953308242;;0;0;0;0;;;;;
820349707312;;A.049.000004,102-002-004-00;;;"Шакл для буксировки Arcane Warrior DOMINATOR Lord's Buckle - Crystal Purple";;;https://static.tildacdn.com/stor6236-3463-4438-a264-616365636531/22592685.jpg;5035.00;;;"Цвет:Crystal Purple";;J687nL4ZgOf37ceko0c5;743953308242;;0;0;0;0;;;;;
953882849142;;A.049.000006,102-002-006-00;;;"Шакл для буксировки Arcane Warrior DOMINATOR Lord's Buckle - Dark Night Gray";;;https://static.tildacdn.com/stor3634-6561-4432-a566-323264333939/61174814.jpg;5035.00;;;"Цвет:Dark Night Gray";;guMVc7TcDiktaetUsJLR;743953308242;;0;0;0;0;;;;;
661725366092;"Arcane Warrior";A.022.000001,105-003-007-00;;"Все для сна";"Самонадувающаяся подушка Arcane Warrior LANDING self-inflating pillow";;"Супер компактная и легкая самонадувающаяся подушка <strong>Arcane Warrior LANDING self-inflating pillow</strong> <br /><ul><li data-list=""bullet"">Экономит энергию и время.</li><li data-list=""bullet"">Снимает напряжение и усталость</li></ul><br /><br />";https://static.tildacdn.com/stor3430-3036-4134-a337-303564613238/90290747.jpg;3135.00;;;;;gGMtOtRUNdbx44oIHPJs;;;550;350;150;130;;;;;
819880798982;"Arcane Warrior";A.021.000001,105-003-006-00;;"Все для сна;Мебель;Допы>>>Допы к палаткам;Допы>>>Допы к багажникам";"Самонадувающаяся складная кровать Arcane Warrior LANDING self-inflating bed";;"Компактная, легкая и удобная самонадувающаяся складная кровать <strong>Arcane Warrior LANDING self-inflating bed</strong>";https://static.tildacdn.com/stor3631-6537-4038-a131-393134666435/99910869.jpg;19190.00;;;;;2u39XYplbAUKdZfyytH4;;;0;0;0;0;;;;;
862115811902;"Arcane Warrior";A.025.000001,105-003-008-00;;Сумки;"Набор походных органайзеров для вещей и туалетных принадлежностей Arcane Warrior LANDING";;"Набор походных органайзеров для вещей и туалетных принадлежностей <strong>Arcane Warrior LANDING.</strong><br /><br />С этим набором вы можете удобно распределить вещи и косметические принадлежности в дороге и на стоянке, защитив их от влаги.";https://static.tildacdn.com/stor3335-3033-4434-a537-366232306439/53286494.jpg;3230.00;0;;;;z0CUxfMTiMyXkvSS8F7T;;;0;0;0;0;;;;;
232831373362;"Arcane Warrior";B.027.000001,105-006-002-00;;Посуда;"Походный кухонный набор для специй Arcane Warrior LANDING";;"Походный кухонный набор для специй <strong>Arcane Warrior LANDING.</strong><br />Для комфортной готовки вкусной еды в походе важны даже незначительные, на первый взгляд, мелочи - например набор для специй и жидких приправ. <br />Получайте удовольствие от приготовления еды даже в самых удаленных уголках природы.";https://static.tildacdn.com/stor6166-6335-4336-b432-626632313766/50074745.jpg;8170.00;0;;;;jldImgoNbdoUEIFsg3K8;;;0;0;0;0;;;;;
331182423762;"Arcane Warrior";A.074.000001,105-003-004-00;;"Посуда;Сумки";"Сумка-холодильник Arcane Warrior POSITION Softshell Ice Pack";;"Удобная сумка-холодильник <strong>Arcane Warrior POSITION Outdoor Softshell Ice Pack </strong>сохранит ваши продукты свежими до 72 часов<br /><br /><br />";https://static.tildacdn.com/stor3631-3937-4932-b266-613631303834/38579060.jpg;19475.00;0;;;;rHMo1CBh9nm6rGTHJ6U5;;;0;415;290;360;;;;;
181039522032;"Arcane Warrior";A.037.000020,101-000-016-00;;"Экспедиционные боксы>>>Аксессуары к экспедиционным боксам;Допы>>>Допы к боксам;Хранение";"Пенный наполнитель для бокса 52л FLEX Household Equipment Box Universal Sponge";;"Пенный наполнитель <strong>Household Equipment Box Universal Sponge </strong>для бокса 52л серии <strong>FLEX </strong>- противоударная, износостойкая, эффективная защита для точных инструментов , оборудования и охотничmего оружия";https://static.tildacdn.com/stor3839-6635-4038-a532-636165376536/21935726.jpg;3230.00;;;;;E0ejav4rDM4RXlSrTiom;;;200;960;365;25;;;;;
514448403172;"Arcane Warrior";A.037.000021,101-000-017-00;;"Экспедиционные боксы>>>Аксессуары к экспедиционным боксам;Допы>>>Допы к боксам;Хранение";"Пенный наполнитель для бокса 108л FLEX Household Equipment Box Universal Sponge";;"Пенный наполнитель <strong>Household Equipment Box Universal Sponge </strong>для бокса 108л серии <strong>FLEX </strong>- противоударная, износостойкая, эффективная защита для точных инструментов , оборудования и охотничьего оружия";https://static.tildacdn.com/stor3461-3432-4762-b865-653962383165/42411801.jpg;5035.00;;;;;LRZvTUuCuX4lbHUoS3jO;;;300;1160;420;45;;;;;
767490928002;"Arcane Warrior";A.001.000032,103-001-010-00;;"Багажники>>>Багажники STORM;Багажники";"Багажник экспедиционный STORM для Jeep Wrangler JL 2018+ (короткий, усиленная версия)";;"Легкий и прочный полноразмерный экспедиционный автомобильный багажник из алюминия <strong>STORM </strong>для<strong> Jeep Wrangler JL 2018+</strong> (короткий, усиленная версия) входит в систему Arcane Warrior для перевозки вещей и установки дополнительного оборудования для кемпинга и автопутешествий.";https://static.tildacdn.com/stor3938-6336-4933-b065-383161323738/65064910.jpg;111293.00;;;;;0x2pGdLZFsdKfRO9F0vP;;Jeep;27000;1595;360;495;;;;;
267617491112;;A.001.000023,103-001-011-00;;"Багажники>>>Багажники STORM;Багажники";"Багажник экспедиционный STORM для Jeep Wrangler JL 2018+ (длинный, усиленная версия)";;"Легкий и прочный полноразмерный экспедиционный автомобильный багажник из алюминия <strong>STORM </strong>для <strong>Jeep Wrangler JL 2018+ </strong>(длинный, усиленная версия) входит в систему Arcane Warrior для перевозки вещей и установки дополнительного оборудования для кемпинга и автопутешествий.<br /><ul><li data-list=""bullet"">Минимальное завышение от штатной высоты автомобиля</li><li data-list=""bullet"">Удобная сборная конструкция, в комплекте шаблон для сборки</li><li data-list=""bullet"">Специальные пазы для крепежных болтов в поперечинах для закрепления дополнительного оборудования</li><li data-list=""bullet"">Эстетичные и надежные крепления для заводских релингов</li></ul><br /><strong>Характеристики</strong><br /><strong>Размер багажника</strong>: 2044*1410*66 мм<br /><strong>Размер погрузочной платформы</strong>: 1548*1244 мм<br /><strong>Размер упаковки</strong>: 2022*363*495 мм<br /><strong>Завышение от штатной высоты</strong>: 69 мм<br /><strong>Расстояние от дна платформы до крыши автомобиля</strong>: 14 мм<br /><strong>Вес:</strong> 31.9 кг<br /><strong>Динамическая грузоподьемность:</strong> 160кг<br /><strong>Статическая грузоподьемность: </strong>350кг<br /><strong>Макcимальный размер диодной балки</strong>: 1100 мм";https://static.tildacdn.com/stor3865-3030-4536-a465-666464333166/49934420.jpg;135641.00;;;;;7LxsSyGOZx73TjjehHmn;;Jeep;0;0;0;0;;;;;
920165833882;;A.001.000007,103-002-003-00;;"Багажники>>>Багажники STORM;Автомобили>>>Tank 500;Багажники";"Багажник экспедиционный STORM для Tank 500/500Hi4-T";;"Легкий и прочный полноразмерный экспедиционный автомобильный багажник из алюминия <strong>STORM </strong>для<strong> Tank 500/500Hi4-T </strong>входит в систему Arcane Warrior для перевозки вещей и установки дополнительного оборудования для кемпинга и автопутешествий.<br /><ul><li data-list=""bullet"">Минимальное завышение от штатной высоты автомобиля</li><li data-list=""bullet"">Удобная сборная конструкция, в комплекте шаблон для сборки</li><li data-list=""bullet"">Специальные пазы для крепежных болтов в поперечинах для закрепления дополнительного оборудования</li><li data-list=""bullet"">Эстетичные и надежные крепления для заводских релингов</li></ul><br /><strong>Характеристики</strong><br /><strong>Размер багажника:</strong> 1739*1165*66мм<br /><strong>Размеры погрузочной площадки:</strong> 1242*1000мм<br /><strong>Размер упаковки: </strong>1595*360*495мм<br /><strong>Завышение от штатной высоты:</strong> 75мм<br /><strong>Расстояние от дна платформы до крыши автомобиля:</strong> 80мм<br /><strong>Вес: </strong>23.1кг<br /><strong>Динамическая грузоподьемность: </strong>160кг<br /><strong>Статическая грузоподьемность: </strong>350кг<br /><strong>Макcимальный размер диодной балки: </strong>900мм";https://static.tildacdn.com/stor3938-6336-4933-b065-383161323738/65064910.jpg;103978.00;;;;;6m8I6hHhGxFEc8FcgOdy;;Tank;0;0;0;0;;;;;
602303272502;;;;"Багажники>>>Багажники STORM;Багажники";"Багажник экспедиционный STORM для Toyota Land Cruiser 200";;"Легкий и прочный полноразмерный экспедиционный автомобильный багажник из алюминия <strong>STORM </strong>для <strong>Toyota Land Cruiser 200</strong> входит в систему Arcane Warrior для перевозки вещей и установки дополнительного оборудования для кемпинга и автопутешествий.<br /><ul><li data-list=""bullet"">Минимальное завышение от штатной высоты автомобиля</li><li data-list=""bullet"">Удобная сборная конструкция, в комплекте шаблон для сборки</li><li data-list=""bullet"">Специальные пазы для крепежных болтов в поперечинах для закрепления дополнительного оборудования</li><li data-list=""bullet"">Эстетичные и надежные крепления для заводских релингов</li></ul><br /><strong>Не подходит для версии для Ближнего Востока</strong><br /><br /><strong>Характеристики</strong><br /><strong>Размер багажника</strong>: 1766*1151*66мм<br /><strong>Размеры погрузочной площадки</strong>: 1270*985мм<br /><strong>Размер упаковки</strong>: 1595*360*495мм<br /><strong>Завышение от штатной высоты</strong>: 59мм<br /><strong>Расстояние от дна платформы до крыши автомобиля</strong>: 55мм<br /><strong>Вес</strong>: 24.7кг<br /><strong>Динамическая грузоподьемность:</strong> 150кг<br /><strong>Статическая грузоподьемность: </strong>320кг<br /><strong>Макcимальный размер диодной балки</strong>: 900мм";https://static.tildacdn.com/stor3865-3030-4536-a465-666464333166/49934420.jpg;;;;;;PcOZP9MntCS7afsaph20;;Toyota;0;0;0;0;;;;;
221709032242;;103-005-004-00;;;"Багажник экспедиционный STORM для Toyota Land Cruiser 200 - Черный";;;https://static.tildacdn.com/stor3865-3030-4536-a465-666464333166/49934420.jpg;103978.00;;;Цвет:Черный;;7xsoC5g9oClhNrafZpte;602303272502;;0;0;0;0;;;;;
507417749562;;A.001.000025,103-005-002-00;;;"Багажник экспедиционный STORM для Toyota Land Cruiser 200 - Серый";;;https://static.tildacdn.com/stor3331-3361-4232-a332-613563323466/71335830.jpg;103978.00;;;Цвет:Серый;;R5jv78F9G439tr7JorHG;602303272502;;0;0;0;0;;;;;
850123533132;"Arcane Warrior";A.001.000006,103-002-004-00;;"Багажники>>>Багажники STORM;Автомобили>>>Tank 400;Багажники";"Багажник экспедиционный STORM для Tank 400 hi4-t";;"Легкий и прочный полноразмерный экспедиционный автомобильный багажник из алюминия <strong>STORM </strong>для <strong>TANK 400</strong> входит в систему Arcane Warrior для перевозки вещей и установки дополнительного оборудования для кемпинга и автопутешествий. <br /><ul><li data-list=""bullet"">Минимальное завышение от штатной высоты автомобиля</li><li data-list=""bullet"">Удобная сборная конструкция, в комплекте шаблон для сборки</li><li data-list=""bullet"">Специальные пазы для крепежных болтов в поперечинах для закрепления дополнительного оборудования</li><li data-list=""bullet"">Эстетичные и надежные крепления для заводских релингов</li></ul><br /><strong>Характеристики</strong><br /><strong>Размер багажника:</strong> 1770*1260*66 мм<br /><strong>Размеры погрузочной площадки:</strong> 1276*1099 мм<br /><strong>Размер упаковки: </strong>1595*360*495мм<br /><strong>Завышение от штатной высоты:</strong> 95мм<br /><strong>Расстояние от дна платформы до крыши автомобиля:</strong> 90мм<br /><strong>Вес: </strong>27кг<br /><strong>Динамическая грузоподьемность: </strong>150кг<br /><strong>Статическая грузоподьемность: </strong>320кг<br /><strong>Макcимальный размер диодной балки: </strong>1000мм";https://static.tildacdn.com/stor3938-6336-4933-b065-383161323738/65064910.jpg;96663.00;;;;;UOG0bblBx8valcDReJx9;;Tank;0;0;0;0;;;;;
724602809242;;A.001.000035,103-001-014-00;;"Багажники>>>Багажники STORM;Багажники";"Багажник экспедиционный STORM для Jeep Gladiator JT STORM (усиленная версия)";;"Легкий и прочный полноразмерный экспедиционный автомобильный багажник из алюминия <strong>STORM </strong>для<strong> Jeep Gladiator JT STORM </strong>(усиленная версия) входит в систему Arcane Warrior для перевозки вещей и установки дополнительного оборудования для кемпинга и автопутешествий.<br /><ul><li data-list=""bullet"">Минимальное завышение от штатной высоты автомобиля</li><li data-list=""bullet"">Удобная сборная конструкция, в комплекте шаблон для сборки</li><li data-list=""bullet"">Специальные пазы для крепежных болтов в поперечинах для закрепления дополнительного оборудования</li><li data-list=""bullet"">Эстетичные и надежные крепления для заводских релингов</li><li data-list=""bullet"">Подходит для активного использования на бездорожье.</li><li data-list=""bullet"">Прочная алюминиевая конструкция</li><li data-list=""bullet"">Модульная система, возможна установка большого количества аксессуаров</li><li data-list=""bullet"">Брутальный и современный дизайн</li></ul><br /><strong>Характеристики</strong><br /><strong>Размер багажника:</strong> 1594*1410*66мм<br /><strong>Размеры погрузочной площадки</strong>: 1384*1244мм<br /><strong>Размер упаковки:</strong> 1595*360*495мм<br /><strong>Завышение от штатной высоты:</strong> 70мм<br /><strong>Расстояние от дна платформы до крыши автомобиля:</strong> 38мм<br /><strong>Вес:</strong> 20.4кг<br /><strong>Динамическая грузоподьемность: </strong>140кг<br /><strong>Статическая грузоподьемность: </strong>300кг<br /><strong>Макcимальный размер диодной балки:</strong>1100мм";https://static.tildacdn.com/stor3233-3461-4836-b564-646538373137/15677255.jpg;103978.00;;;;;tjb8rhu1d4bZGefgbf7i;;Jeep;0;0;0;0;;;;;
377627191802;;;"Скидка 15%";"Багажники>>>Багажники STORM;Багажники;Скидки и распродажи";"Багажник экспедиционный STORM для Toyota Land Cruiser Prado 250 2024+";;"Легкий и прочный полноразмерный экспедиционный автомобильный багажник из алюминия <strong>STORM </strong>для <strong>Toyota Land Cruiser Prado 250</strong> <strong>2024+</strong> входит в систему Arcane Warrior для перевозки вещей и установки дополнительного оборудования для кемпинга и автопутешествий.<br /><ul><li data-list=""bullet"">Минимальное завышение от штатной высоты автомобиля</li><li data-list=""bullet"">Удобная сборная конструкция, в комплекте шаблон для сборки</li><li data-list=""bullet"">Специальные пазы для крепежных болтов в поперечинах для закрепления дополнительного оборудования</li><li data-list=""bullet"">Эстетичные и надежные крепления для заводских релингов</li></ul><br /><strong>Выпускается в двух версиях:</strong><br /><ul><li data-list=""bullet""><strong>для установки на заводские рейлинги (OPT), артикул 702-001-002-00</strong></li><li data-list=""bullet""><strong>для установки без заводских рейлингов (STD), артикул 702-001-003-00</strong></li></ul><br /><strong>Характеристики</strong><br /><strong>Размер багажника</strong>: 1855*1195*66мм<br /><strong>Размеры погрузочной площадки</strong>: 1358*1030мм<br /><strong>Размер упаковки</strong>: 1595*360*495мм<br /><strong>Завышение от штатной высоты</strong>: 50мм<br /><strong>Расстояние от дна платформы до крыши автомобиля</strong>: 55мм<br /><strong>Вес</strong>: 25,3кг<br /><strong>Динамическая грузоподьемность: </strong>160кг<br /><strong>Статическая грузоподьемность: </strong>350кг<br /><strong>Макcимальный размер диодной балки</strong>: 900мм";https://static.tildacdn.com/stor6331-3465-4637-a132-346131613630/89778673.jpg;;;;;;700tUJoICv1ohRUVfRkm;;Toyota;0;0;0;0;;;;;
343585969092;;702-001-002-00;;;"Багажник экспедиционный STORM для Toyota Land Cruiser Prado 250 2024+ - С заводскими рейлингами";;;;109000.00;;141075;"Вариант установки:С заводскими рейлингами";;tIIg2tM47ozHvs1IZMoa;377627191802;;0;0;0;0;;;;;
341053071432;;702-001-003-00;;;"Багажник экспедиционный STORM для Toyota Land Cruiser Prado 250 2024+ - Без заводских рейлингов";;;;109000.00;;141075;"Вариант установки:Без заводских рейлингов";;l5FI36H2xbeV7B8nnos9;377627191802;;0;0;0;0;;;;;
133449085322;;A.001.000124,103-006-005-00;;"Багажники>>>Багажники STORM;Багажники";"Багажник экспедиционный STORM для Land Rover Defender 90";;"Легкий и прочный полноразмерный экспедиционный автомобильный багажник из алюминия <strong>STORM </strong>для <strong>Land Rover Defender 90</strong> входит в систему Arcane Warrior для перевозки вещей и установки дополнительного оборудования для кемпинга и автопутешествий.<br /><ul><li data-list=""bullet"">Минимальное завышение от штатной высоты автомобиля</li><li data-list=""bullet"">Удобная сборная конструкция, в комплекте шаблон для сборки</li><li data-list=""bullet"">Специальные пазы для крепежных болтов в поперечинах для закрепления дополнительного оборудования</li><li data-list=""bullet"">Эстетичные и надежные крепления для заводских релингов</li></ul><br /><strong>Для установки автомобиль должен быть оборудован продольными релингами</strong><br /><br /><strong>Характеристики</strong><br /><strong>Размер багажника:</strong>#nbsp;1665*1165*66мм<br /><strong>Размеры погрузочной площадки: </strong>1168*1000 мм<br /><strong>Размер упаковки:</strong>#nbsp;1595*360*495мм<br /><strong>Завышение от штатной высоты</strong>: 36мм<br /><strong>Расстояние от дна платформы до крыши автомобиля:</strong>#nbsp;68мм<br /><strong>Вес: </strong>23.2кг<br /><strong>Динамическая грузоподьемность:</strong> 150кг<br /><strong>Статическая грузоподьемность: </strong>320кг<br /><strong>Макимальный размер светодиодной балки:</strong>#nbsp;900мм";https://static.tildacdn.com/stor3865-3030-4536-a465-666464333166/49934420.jpg;103978.00;;;;;81dg13OboZIDMDj7xb65;;"Land Rover";0;0;0;0;;;;;
223739101302;;A.001.000122,103-006-003-00;;"Багажники>>>Багажники STORM;Багажники";"Багажник экспедиционный STORM для Land Rover Defender 110";;"Легкий и прочный полноразмерный экспедиционный автомобильный багажник из алюминия <strong>STORM </strong>для<strong> Land Rover Defender 110 </strong>входит в систему Arcane Warrior для перевозки вещей и установки дополнительного оборудования для кемпинга и автопутешествий.<br /><ul><li data-list=""bullet"">Минимальное завышение от штатной высоты автомобиля</li><li data-list=""bullet"">Удобная сборная конструкция, в комплекте шаблон для сборки</li><li data-list=""bullet"">Специальные пазы для крепежных болтов в поперечинах для закрепления дополнительного оборудования</li><li data-list=""bullet"">Эстетичные и надежные крепления для заводских релингов</li></ul><br /><strong>Для установки автомобиль должен быть оборудован продольными релингами</strong><br /><br /><strong>Характеристики</strong><br /><strong>Размер багажника:</strong>#nbsp; 2065*1165*66мм<br /><strong>Размеры погрузочной площадки: </strong>1569*1000мм<br /><strong>Размер упаковки:</strong>#nbsp;2022*363*495мм<br /><strong>Завышение от штатной высоты</strong>: 32мм<br /><strong>Расстояние от дна платформы до крыши автомобиля:</strong>#nbsp;40мм<br /><strong>Вес: </strong>28кг<br /><strong>Динамическая грузоподьемность:</strong> 170кг<br /><strong>Статическая грузоподьемность: </strong>360кг<br /><strong>Макимальный размер светодиодной балки:</strong>#nbsp;900мм";https://static.tildacdn.com/stor3865-3030-4536-a465-666464333166/49934420.jpg;113696.00;;;;;lxnSFap7kSOajfeXvhNr;;"Land Rover";0;0;0;0;;;;;
531323227272;;A.001.000125,103-006-006-00;;"Багажники>>>Багажники STORM;Багажники";"Багажник экспедиционный STORM для Land Rover Defender 130";;"Легкий и прочный полноразмерный экспедиционный автомобильный багажник из алюминия <strong>STORM </strong>для <strong>Land Rover Defender 130 </strong>входит в систему Arcane Warrior для перевозки вещей и установки дополнительного оборудования для кемпинга и автопутешествий.<br /><ul><li data-list=""bullet"">Минимальное завышение от штатной высоты автомобиля</li><li data-list=""bullet"">Удобная сборная конструкция, в комплекте шаблон для сборки</li><li data-list=""bullet"">Специальные пазы для крепежных болтов в поперечинах для закрепления дополнительного оборудования</li><li data-list=""bullet"">Эстетичные и надежные крепления для заводских релингов</li></ul><br /><strong>Для установки автомобиль должен быть оборудован продольными релингами</strong><br /><br /><strong>Характеристики</strong><br /><strong>Размер багажника:</strong>#nbsp;2300*1165*66мм<br /><strong>Размеры погрузочной площадки: </strong>1803*1000мм<br /><strong>Размер упаковки:</strong>#nbsp;2022*363*495мм<br /><strong>Завышение от штатной высоты</strong>: 32мм<br /><strong>Расстояние от дна платформы до крыши автомобиля:</strong>#nbsp;40м<br /><strong>Вес: </strong>28.5кг<br /><strong>Динамическая грузоподьемность:</strong> 180кг<br /><strong>Статическая грузоподьемность: </strong>380кг<br /><strong>Макимальный размер светодиодной балки:</strong>#nbsp;900мм<br /><br />";https://static.tildacdn.com/stor3865-3030-4536-a465-666464333166/49934420.jpg;121011.00;;;;;fVrM59xrldEtxH2tbBYJ;;"Land Rover";0;0;0;0;;;;;
646277839232;;A.001.000019,103-012-005-00;;"Багажники>>>Багажники STORM;Багажники";"Багажник экспедиционный STORM для FORD Bronco (короткий)";;"Легкий и прочный полноразмерный экспедиционный автомобильный багажник из алюминия <strong>STORM </strong>для<strong> FORD Bronco (короткий)</strong> входит в систему Arcane Warrior для перевозки вещей и установки дополнительного оборудования для кемпинга и автопутешествий.<br /><ul><li data-list=""bullet"">Минимальное завышение от штатной высоты автомобиля</li><li data-list=""bullet"">Удобная сборная конструкция, в комплекте шаблон для сборки</li><li data-list=""bullet"">Специальные пазы для крепежных болтов в поперечинах для закрепления дополнительного оборудования</li></ul><br /><strong>Характеристики</strong><br /><strong>Размер багажника:</strong> 1515*1305*66мм<br /><strong>Размеры погрузочной площадки:</strong> 1053*1139мм<br /><strong>Размер упаковки:</strong> 1595*360*495мм<br /><strong>Завышение от штатной высоты:</strong> 74мм<br /><strong>Расстояние от дна платформы до крыши автомобиля: </strong>58мм<br /><strong>Вес: </strong>22,9кг<br /><strong>Динамическая грузоподьемность:</strong> 140кг<br /><strong>Статическая грузоподьемность: </strong>300кг<br /><strong>Макcимальный размер диодной балки: </strong>1000мм";https://static.tildacdn.com/stor3865-3030-4536-a465-666464333166/49934420.jpg;106904.00;;;;;LRlCxktJP5Ca01dpXFFV;;Ford;0;0;0;0;;;;;
628256448152;"Arcane Warrior";A.006.000005,104-001-001-06;;"Багажники для пикапов";"Раздвижная продольная штанга для багажной системы Ultra Ridge (пара)";;"Регулируемая по длине продольная штанга (распорка) для багажной системы <strong>Arcane Warrior ULTRA RIDGE</strong><br /><br />Предназначена для усиления конструкции багажной системы ULTRA RIDGE и возможности закрепления дополнительного оборудования: топор, лопата, сэндтраки и др.";https://static.tildacdn.com/stor3430-3466-4637-b261-353363666366/76162826.jpg;28785.00;;;;;7pFDZatT5MCfYOdmJTOB;;"BAW;Changan;Ford;Great Wall;Isuzu;Jeep;Mitsubishi;RAM;Toyota";0;0;0;0;;;;;
417443393572;;A.011.000002,103-000-015-00;;"Багажники>>>Аксессуары к багажникам STORM";"Шумопоглощающий спойлер Noise Cancelling Spoiler (версия 02)";;"Шумопоглощающий спойлер <strong>Arcane Warrior Noise Cancelling Spoiler (версия 02) </strong> для автомобильных багажников серии <strong>STORM</strong><br /><ul><li data-list=""bullet"">Уменьшает шум ветра на крыше, повышает комфорт вождения.</li><li data-list=""bullet"">Устойчив к ультрафиолетовому излучению, не выцветает и не стареет.</li><li data-list=""bullet"">Уникальный трехмерный дизайн.</li><li data-list=""bullet""><strong>Подходит только для багажников серии STORM</strong></li></ul><br /><strong>Подходит для:</strong><br /><ul><li data-list=""bullet"">Jeep Wrangler JK/JL , </li><li data-list=""bullet"">Jeep-Gladiator JT, </li><li data-list=""bullet"">Jeep-Grand Cherokee, </li><li data-list=""bullet"">BAIC MOTOR-BJ40, </li><li data-list=""bullet"">TANK300, TANK400Hi4-t, TANK500, </li><li data-list=""bullet"">HAVAL-H9, HAVAL-H5, HAVAL BIG DOG, HAVAL-H-DOG, HAVAL Raptor, </li><li data-list=""bullet"">GREAT WALL POER, </li><li data-list=""bullet"">Mitsubishi Pajero, </li><li data-list=""bullet"">Toyota Landcruiser, Toyota FJ Cruiser , </li><li data-list=""bullet"">Lexus lx570, </li><li data-list=""bullet"">Land Rover Discovery 4, Land Rover Defender</li></ul><br /><strong>Размеры</strong>: 1065*193*60 мм<br /><strong>Вес</strong>: 0.63 кг<br /><strong>Размер упаковки</strong>: 1102*214*125 мм<br /><strong>Толщина основной стенки</strong>: 3,0 мм<br /><strong>Основной материал корпуса</strong>: акрил PMMA<br /><strong>Материал кронштейна</strong>: PA6 нейлон";https://static.tildacdn.com/stor3434-3839-4766-b532-353939373465/57605747.jpg;6840.00;;;;;2u6EcT0GicPACBBPAHD0;;;0;0;0;0;;;;;
811121339772;;A.012.000012,103-000-001-00;;"Багажники>>>Аксессуары к багажникам STORM";"Кольцевые болты для крепления грузов на багажниках серии STORM (пара)";;"Кольцевые болты для надежного крепления грузов <strong>Arcane Warrior</strong> серии <strong>STORM </strong>(пара)<br /><ul><li data-list=""bullet"">Быстро и надежно фиксируется в пазы на платформе</li><li data-list=""bullet"">Удобная регулировка положения на багажнике</li><li data-list=""bullet"">Рекомендуется использовать со стяжными ремнями</li><li data-list=""bullet"">Возможно крепление других кронштейнов с помощью данных болтов</li></ul><br /><strong>Размеры:</strong> 44*20*62 мм<br /><strong>Вес: </strong>0.064 кг<br /><strong>Размер упаковки: </strong>144*127*34 мм<br /><strong>Спецификация продукта</strong>: M10*18 мм<br /><strong>Материал:</strong> SUS304 нержавеющая сталь<br /><strong>Обработка:</strong> электрофорез";https://static.tildacdn.com/stor3836-6236-4762-b861-626139646465/32214390.jpg;2185.00;;;;;ooDcjhUNyIhhlFKlBa8g;;;0;0;0;0;;;;;
143461746922;;A.012.000010,103-000-016-00;;"Багажники>>>Аксессуары к багажникам STORM";"Кольцевые болты PRO для крепления грузов (пара)";;"Кольцевые болты для надежного крепления грузов <strong>Arcane Warrior</strong> на багажниках серии <strong>STORM </strong>(пара)<br /><ul><li data-list=""bullet"">Быстро и надежно фиксируется в пазы на платформе</li><li data-list=""bullet"">Удобная регулировка положения на багажнике</li><li data-list=""bullet"">Рекомендуется использовать со стяжными ремнями</li><li data-list=""bullet"">Возможно крепление других кронштейнов с помощью данных болтов</li></ul><br /><strong>Размеры:</strong> 44*20*94 мм<br /><strong>Вес:</strong> 0.08 кг<br /><strong>Размер упаковки:</strong> 144*127*34 мм<br /><strong>Спецификация продукта:</strong> M10*50mm<br /><strong>Материал:</strong> SUS305 нержавеющая сталь<br /><strong>Обработка:</strong> электрофорез";https://static.tildacdn.com/stor3930-3436-4965-b365-336466636536/68278246.jpg;2850.00;;;;;Urf6ec2fIcSZcUPdNXGg;;;0;0;0;0;;;;;
521144652322;;A.012.000005,103-000-003-00;;"Багажники>>>Аксессуары к багажникам STORM";"Стяжные ремни Arcane Warrior для крепления груза с трещоткой (пара)";;"Стяжные ремни<strong> Arcane Warrior STORM</strong> с трещоткой для крепления груза (пара)<br /><ul><li data-list=""bullet"">Комплектуется страховой защелкой</li><li data-list=""bullet"">Для крепления оборудования на багажнике</li><li data-list=""bullet"">Рекомендуется крепить к кольцевым болтам</li></ul><br /><strong>Размеры:</strong> Длина 3000 мм (3 метра)<br /><strong>Вес:</strong> 0.5 кг<br /><strong>Размер упаковки: </strong>200*140*40мм<br /><strong>Максимальная грузоподъемность: </strong>800 кг<br /><strong>Материал:</strong> нейлоновый ремень + стальной замок<br /><br />";https://static.tildacdn.com/stor6266-3065-4138-a432-366637313538/25324075.jpg;2850.00;;;;;v0OzGunsZKCVgaAnsJnF;;;0;0;0;0;;;;;
516354167822;;A.012.000009,103-000-014-00;;"Багажники>>>Аксессуары к багажникам STORM";"Кронштейн крепления передней светодиодной балки с крышкой Spotlight bracket PRO Version";;"Кронштейны <strong>Spotlight bracket</strong> <strong>PRO</strong> предназначены для скрытого и надежного крепления балки к экспедиционным багажникам<strong>#nbsp;Arcane Warrior</strong>#nbsp;серии <strong>STORM</strong><br /><br /><ul><li data-list=""bullet"">Светодиодная балка закрывается крышкой для защиты от камней и не привлечения внимания вне рабочем состоянии. </li><li data-list=""bullet"">Подходит для: Tank 300 / Land Rover Discovery 4 / Land Rover Discovery 5 / Porsche Cayenne / BMW X5</li><li data-list=""bullet"">Откидная панель, крепление на два отверстия</li><li data-list=""bullet""><strong>Подходит только для светодиодной балки PIAAS-RF40 дюймов.</strong></li><li data-list=""bullet""><strong>Люк не может быть открыт после установки этого кронштейна </strong></li></ul><br /><strong>Размер:</strong> 1026*145*76 мм<br /><strong>Вес:</strong> 2.4 кг<br /><strong>Размер упаковки:</strong> 1063*275*64мм<br /><strong>Материал</strong>: алюминиевый сплав + 4,5 мм стальная пластина<br /><strong>Обработка:</strong> порошковое покрытие<br /><br />";https://static.tildacdn.com/stor6339-3363-4466-b665-616663653937/36033354.jpg;8550.00;;;;;xC4SxYRHXhECGazdKf6E;;;0;0;0;0;;;;;
418506768592;;A.012.000001,103-000-005-00;;"Багажники>>>Аксессуары к багажникам STORM";"Кронштейны для установки бокового тента (маркизы) Side Tent Stands 1 пара (2 шт)";;"Кронштейны <strong>Arcane Warrior Side Tent Stands</strong> для установки бокового тента (маркизы) на экспедиционные багажники серии <strong>STORM</strong><br /><ul><li data-list=""bullet"">Входит в линейку дополнительных аксессуаров для многофункциональных багажников серии STORM</li><li data-list=""bullet"">Подходит для установки большинства маркиз и боковых тентов</li></ul><strong>Размер:</strong> 221,3*42*75,5 мм<br /><strong>Вес: </strong>0.44 кг<br /><strong>Размер упаковки:</strong> 276*192*46 мм<br /><strong>Материал: </strong>сталь , толщина 4,5 мм <br /><strong>Обработка:</strong> порошковое покрытие<br /><strong>Количество: </strong>2 шт<br /><br />";https://static.tildacdn.com/stor3963-6433-4237-b961-386164363162/29431111.jpg;3230.00;;;;;9MSeU14nelhiDakco5Rz;;;0;0;0;0;;;;;
684131206002;;A.012.000002,103-000-008-00;;"Багажники>>>Аксессуары к багажникам STORM";"Кронштейны для фар бокового освещения Side light bracket 1 пара (2 шт)";;"Кронштейны <strong>Arcane Warrior Side light bracket</strong> для фар бокового освещения <br /><ul><li data-list=""bullet"">Входит в линейку дополнительных аксессуаров для многофункциональных багажников серии <strong>STORM</strong></li><li data-list=""bullet"">Подходит для установки дополнительного освещения с обеих сторон багажников STORM</li></ul><strong>Размер: </strong>41*170*23 мм<br /><strong>Вес:</strong> 0.23 кг<br /><strong>Размер упаковки:</strong> 250*100*60мм<br /><strong>Материал: </strong>сталь, толщина 4,5 мм <br /><strong>Обработка:</strong> порошковое покрытие<br /><strong>Количество: </strong>2 шт<br /><br />";https://static.tildacdn.com/stor3936-6565-4635-a565-356363343063/83941782.jpg;3230.00;;;;;VKRzErR5Oa65A8UAGbTE;;;0;0;0;0;;;;;
107448957082;;A.012.000004,103-000-002-00;;"Багажники>>>Аксессуары к багажникам STORM";"Угловые кронштейны для крепления грузов Edge Bracket 1 пара (2 шт)";;"Угловые кронштейны (для крепления боксов, канистр и т.д.) 1 пара (2 шт)<br /><br />Размер продукта: 129*90*55 мм<br />Вес продукта: 0.32 кг<br />Размер пакета: 235*162*58мм<br />Материал: сталь толщиной 3,0 мм<br />Процесс: Электрофорез + порошковое покрытие<br />Дополнительные аксессуары для многофункциональных багажников серии STORM<br />Для закрепления оборудования, канистр и боксов<br />Должны быть зафиксированы#nbsp;кольцевыми болтами";https://static.tildacdn.com/stor6664-3364-4063-b739-373463643130/10043953.jpg;3230.00;;;;;agkVeCX3c60MO5lTtNUi;;;0;0;0;0;;;;;
366700373722;;A.012.000003,103-000-010-00;;"Багажники>>>Аксессуары к багажникам STORM";"Кронштейны крепления канистры Oil Drum Holder 1 набор (4 шт)";;"Размер продукта: 140*106*200 мм<br />Вес продукта: 0.36 кг<br />Размер упаковки: 360*330*110мм<br />Материал: алюминиевый сплав толщиной 4 мм<br />Процесс: порошковое покрытие<br />Дополнительные аксессуары для многофункциональных багажников серии STORM<br />Для закрепления оборудования, канистр и боксов<br />Рекомендуется использование со стяжными ремнями";https://static.tildacdn.com/stor3034-6333-4461-a462-323161643135/67831558.jpg;6840.00;;;;;gJul9A1kmA2DK4VIsYhJ;;;0;0;0;0;;;;;
774935712642;;A.012.000011,103-000-017-00;;"Багажники>>>Аксессуары к багажникам STORM";"Кронштейн для флагштока складной Flagpole bracket";;"Размер продукта: 252*60*55 мм<br />Вес продукта: 0,7 кг<br />Применимый диаметр флагштока：φ24-φ30 мм<br />Диаметр трубы: 30 мм<br />Материал: алюминиевый сплав<br />Процесс: порошковое покрытие + анодное окисление<br />Два положения<br />Быстрая установка, небольшой размер, легкий вес<br />Занимает мало места на платформе багажника";https://static.tildacdn.com/stor3638-6562-4237-b037-323866663662/76678839.jpg;8550.00;;;;;kVXCcnz6tJhXlZZAhjv4;;;0;0;0;0;;;;;
516256964912;"Arcane Warrior";A.033.000001,105-001-003-00;;"Палатки;Маркизы и тенты;Допы>>>Допы к багажникам;Маркизы и тенты>>>Тенты";"Тент-навес Arcane Warrior для палатки LANDING Hardshell";;"Тент-навес для палатки <strong>Arcane Warrior Hardshell LANDING</strong> <br /><br />";https://static.tildacdn.com/stor3666-6533-4464-a132-376566653133/17554103.jpg;36700.00;;;;;EbTUu7RtHpgGG7LMs0xe;;;4100;370;215;230;;;;;
155995799602;"Arcane Warrior";A.019.000002,105-001-004-00;;"Маркизы и тенты;Допы>>>Допы к багажникам;Маркизы и тенты>>>Тенты";"Автомобильный тент навес Arcane Warrior LANDING Car Side Canopy (версия PRO)";;"Автомобильный тент навес <strong>LANDING Car Side Canopy (версия PRO)</strong><br />Удобный, быстро собираемый тент тент навес в компактной сумке для перевозки. <br />Дополнительно может быть укомплектован боковыми стенками<br /><br /><br />";https://static.tildacdn.com/stor6334-6266-4862-b432-373536393234/25113348.jpg;33820.00;;;;;hA9fjTjMrBbSLmaHUPFo;;;6100;695;255;230;;;;;
726211514692;"Arcane Warrior";A.020.000002,105-001-009-00;;"Маркизы и тенты;Маркизы и тенты>>>Стенки";"Комплект боковых стенок для навеса LANDING Car Side Canopy PRO Expansion Screen";;"Комплект боковых стенок для навеса <strong>LANDING Car Side Canopy PRO Expansion Screen </strong>позволяет организовать уютное, закрытое от непогоды и солнца пространство кемпинга рядом с автомобилем";https://static.tildacdn.com/stor6631-3261-4666-b232-616464313164/45173515.jpg;12445.00;;;;;Kn1gM7Db6m7xBN4MLolX;;;1300;440;180;180;;;;;
854198804162;"Arcane Warrior";A.019.000003,105-001-007-00;;"Маркизы и тенты;Маркизы и тенты>>>Тенты";"Автомобильный тент навес LANDING Car Side Canopy (версия Limited)";;"Автомобильный тент навес <strong>LANDING Car Side Canopy (версия Limited)</strong><br />Удобный, быстро собираемый тент тент навес в компактной сумке для перевозки.<br />Дополнительно может быть укомплектован боковыми стенками<br /><br /><br /><br />";https://static.tildacdn.com/stor6361-6562-4737-a262-653763383463/69503060.jpg;53485.00;;;;;0xNpV7SPBkYmlealxUCl;;;4300;695;255;230;;;;;
755944778152;"Arcane Warrior";A.020.000003,105-001-008-00;;"Маркизы и тенты;Маркизы и тенты>>>Стенки";"Комплект боковых стенок для навеса LANDING Car Side Canopy PRO Expansion Screen (версия Limited)";;"Комплект боковых стенок для навеса <strong>LANDING Car Side Canopy LIMITED Expansion Screen </strong>позволяет организовать уютное, закрытое от непогоды и солнца пространство кемпинга рядом с автомобилем";https://static.tildacdn.com/stor3836-3235-4831-b866-323335303439/44680900.jpg;24890.00;;;;;6tzFZOrRjFk3ZJ2yfOnA;;;1300;440;180;180;;;;;
272817611142;;A.041.000002,102-001-002-00;;"Offroad-оборудование;Допы>>>Допы к багажникам";"Стропа динамическая буксировочная 9м/8т Warrior's Heart Tow Rope";;"Стропа динамическая буксировочная <strong>9м/8т Warrior's Heart Tow Rope</strong><br /><ul><li data-list=""bullet"">Нейлоновый материал, 20% степень растяжения, для защиты транспортного средства от повреждений при вытаскивании и буксировке</li><li data-list=""bullet"">Предпочтительный материал окраски, яркий и стойкий цвет</li></ul><br /><strong>Длина:</strong> 9000 мм (9 метров)<br /><strong>Толщина:</strong> 6 мм<br /><strong>Ширина: </strong>85 мм<br /><strong>Размер упаковки:</strong> 316*75*290 мм<br /><strong>Вес:</strong> 2.9 кг<br /><strong>Предельная прочность на разрыв:</strong> 8 т";https://static.tildacdn.com/stor6366-3837-4461-b031-623462326262/63364112.jpg;6770.00;;;;;XN1OuXO2xSEe2Vrl4aEK;;;0;0;0;0;;;;;
985740447772;;A.045.000001,102-007-001-00;;Offroad-оборудование;"Блок для увеличения тягового усилия с нагрузкой до 8т OFF ROAD MASTER Roller";;"Блок <strong>Arcane Warrior OFF ROAD MASTER</strong> <strong> </strong>предназначен<strong> </strong>для увеличения тягового усилия с нагрузкой до 8т<br /><br />ХАРАКТЕРИСТИКИ<br /><strong>Размер изделия</strong>: 187*155*38 мм<br /><strong>Материал:</strong> сталь<br /><strong>Вес:</strong> 3,2 кг<br /><strong>Тяговое усилие:</strong> 8 т";https://static.tildacdn.com/stor3134-6630-4130-a464-346633323965/67988247.jpg;8550.00;;;;;N1oN0NsB7dp6LZMUSKJy;;;0;0;0;0;;;;;
451386283602;;A.041.000001,102-001-003-00;;Offroad-оборудование;"Стропа динамическая буксировочная 9м/15т OFF ROAD MASTER Tow Rope";;"Стропа динамическая буксировочная#nbsp;9м/15т OFF ROAD MASTER Tow Rope<br /><ul><li data-list=""bullet"">Нейлоновый материал, 20% степень растяжения, для защиты транспортного средства от повреждений при вытаскивании и буксировке</li><li data-list=""bullet"">Предпочтительный материал окраски, яркий и стойкий цвет</li></ul><br /><strong>Длина: </strong>9000 мм (9 метров)<br /><strong>Толщина: </strong>6 мм<br /><strong>Ширина</strong>: 90 мм<br /><strong>Материал изделия: </strong>нейлон<br /><strong>Предельное тяговое усилие</strong>: 15 т<br /><strong>Размер хранилища:</strong> 460*230*100 мм";https://static.tildacdn.com/stor3631-3833-4632-a263-663166643264/97626304.jpg;12160.00;;;;;rjlTRJD3gK0ORP7xytlp;;;0;0;0;0;;;;;
781210480662;;A.043.000001,102-001-005-00;;Offroad-оборудование;"Удлинительная стропа 20м/8т OFF ROAD MASTER extension belt (8T/20M)";;"Удлинительная стропа Arcane <strong>Warrior OFF ROAD MASTER extension belt (8T/20M)</strong><br /><ul><li data-list=""bullet"">Полиэфирный материал обладает очень хорошей прочностью на разрыв</li><li data-list=""bullet"">Высокая износостойкость и теплостойкость</li></ul><br /><strong>Длина: </strong>20000 мм (20 метров)<br /><strong>Толщина:</strong> 6 мм<br /><strong>Ширина:</strong> 65 мм<br /><strong>Материал изделия:</strong> полиэстер<br /><strong>Предельная прочность на разрыв</strong>: 8 т<br /><strong>Размер упаковки:</strong> 330*140*85 мм";https://static.tildacdn.com/stor3063-6238-4164-a137-353033393137/47430725.jpg;8550.00;;;;;7DCh5JtvZLcxyjEv7u4K;;;0;0;0;0;;;;;
934137515102;;A.044.000001,102-001-006-00;;Offroad-оборудование;"Тросогаситель OFF ROAD MASTER Cable Flag";;"Тросогаситель <strong>Arcane Warrior OFF ROAD MASTER Cable Flag </strong>предназначен для защиты при обрыве троса. <br /><ul><li data-list=""bullet"">Защитите транспортное средство от повреждения</li><li data-list=""bullet"">Гасит удар троса при обрыве</li><li data-list=""bullet"">Может быть использован в качестве жилета</li><li data-list=""bullet"">Встроенные карманы для увеличения веса</li></ul><br /><strong>Материал:</strong> Сетчатый сэндвич PVC<br /><strong>Размер: </strong>550*475mm<br /><strong>Размер упаковки:</strong> φ100*480 мм <br /><br />";https://static.tildacdn.com/stor3866-6637-4431-b264-313935336166/46788202.jpg;5035.00;;;;;cjj43OEFFlbvEDSgbTtM;;;0;0;0;0;;;;;
826680847912;"Arcane Warrior";B.026.000002,105-006-006-00;;"Посуда;Допы>>>Допы к багажникам";"Походный набор посуды LANDING Outdoor Cooking Set (AW ADA Co-branded)";;"Походный набор посуды <strong>Arcane Warrior LANDING.</strong><br />Теперь уютный лагерь на берегу реки или озера дополнится большим выбором любимых блюд - в этом наборе есть все самое необходимое для приготовления.<br /><br />Количество тарелок: 4 Материал: PP <br />Ложка для отдыха Кол-во: 1 Материал: Силикон <br />Кастрюля для супа Количество: 1 Материал: алюминиевый сплав<br />Коврик для запекания Количество: 2 Материал: Силикон <br />Сковорода Количество: 1 Материал: алюминиевый сплав<br />Телескопические палочки для еды Кол-во: 2 пары Материал: PPS<br />Вилка и ложка 2-в-1 Количество: 4 шт Материал: PBT<br />Крышка для слива воды Количество: 1 шт Материал: Нейлон<br />Чаша Кол-во: 4 шт Материал: PP <br />Корзина для мытья Количество: 1 шт Материал: PP <br />Смесь Количество: 1 шт Материал: Силикон<br />Ложка Количество: 1 шт Материал: Силикон<br />Лопатка Количество: 1 шт Материал: Силикон<br />Лопатка для рыбы Количество: 1 шт Материал: Силикон<br />Клипса для еды Количество: 1 шт Материал: Силикон";https://static.tildacdn.com/stor3531-6262-4130-b232-313330326333/17271007.jpg;27170.00;0;;;;ucY5iXtbgMHAmOSEXCtC;;;0;0;0;0;;;;;
649557116402;"Arcane Warrior";B.028.000001,105-006-003-00;;Посуда;"Походный кухонный набор для резки Arcane Warrior LANDING Swift Cutting Set (AW ADA Co-branded)";;"Походный кухонный набор для резки <strong>Arcane Warrior LANDING Swift Cutting Set </strong><br />отлично дополнит набор посуды и набор для специй.<br />Теперь у вас есть все для приготовления любимых блюд на природе!<br /><br />";https://static.tildacdn.com/stor6333-3734-4332-b666-383931343464/55736871.jpg;6080.00;0;;;;b1sRvegSzNGIu8HKvBuH;;;0;0;0;0;;;;;
549068877712;"Arcane Warrior";A.054.000001,105-003-005-00;;"Все для сна";"Спальный мешок Arcane Warrior Down Travelling Sleeping Bag Polar Edition";;"Спальный мешок для путешествий на открытом воздухе <strong>Arcane Warrior Outdoor Down Travelling Sleeping Bag Polar Edition. </strong><br />Пуховый спальник <strong>TEMP+1° AW</strong> разработан для комфортного отдыха во время автопутешествий, кемпинга в горах, пустынях и других outdoor-приключений.<br />Конструкция эффективно справляется с влажностью, прохладными ночами и переменчивыми погодными условиями, обеспечивая комфортный сон в широком диапазоне температур.<br />Равномерное сохранение тепла<br />Высокоплотная система распределения пуха помогает сохранять утеплитель на месте и обеспечивает более равномерную теплоизоляцию по всей площади спальника.<br />Лёгкая и прочная ткань в сочетании с объёмным утиным пухом создаёт оптимальный баланс между комфортом, теплоэффективностью и долговечностью.<br /><strong>Температурный диапазон: от -20°C до -1°C</strong><br />Водонепроницаемая сумка для хранения, может быть использована в качестве спасательного круга.<br /><br /><br />";https://static.tildacdn.com/stor6162-6430-4765-b337-383263336131/90759410.jpg;43700.00;0;;;;jc84S3idDVlJrIYOV1AF;;;1400;550;300;318;;;;;
193564239152;"Arcane Warrior";105-002-011-00;;"Маркизы и тенты;Допы>>>Допы к багажникам;Маркизы и тенты>>>Маркизы обычные;Маркизы и тенты>>>Тенты";"Набор All-in-One Camping Kit - маркиза (боковой навес) HARDCORE Car Canopy (версия Silver) с комплектом аксессуаров";;"Набор <strong>All-in-One Camping Kit </strong>- маркиза <strong>HARDCORE Car Canopy (Silver) </strong>с комплектом аксессуаров<br />Для тех, кто ценит свое время и надежность.<br />В комплект входит боковой навес <strong>HARDCORE Car Canopy (Silver)</strong>#nbsp;и все необходимое для его установки и использования<br /><br /><strong>Состав комплекта:</strong><br /><ul><li data-list=""bullet"">Маркиза Hardcore Car Canopy (Silver) (1900*2600 мм)*1 комплект </li><li data-list=""bullet"">Комплект стенок для маркизы (версия Silver Cтандарт) 1*комплект (105-000-003-00)</li><li data-list=""bullet"">Кронштейны крепления маркизы PRO*1 пара (103-000-009-00)</li><li data-list=""bullet"">Светодиодная лента для маркизы *1 полоса (105-000-004-00)</li><li data-list=""bullet"">Антиштормовой набор для кемпинга PRO*1 комплект (включает: колышки для грунта*9, стропы от ветра*6, молоток*1, сумка для хранения*1) (105-000-002-00)</li></ul>";https://static.tildacdn.com/stor3736-3132-4539-b031-343830326664/29408289.jpg;106590.00;;;;;sTzAPCLRbjI4ElzvI8Cp;;;0;0;0;0;;;;;
961019479472;"Arcane Warrior";105-002-010-00;;"Маркизы и тенты;Маркизы и тенты>>>Маркизы обычные;Маркизы и тенты>>>Тенты";"Набор All-in-One Camping Kit - маркиза (боковой навес) HARDCORE Car Canopy (версия Vynil) с комплектом аксессуаров";;"Набор <strong>All-in-One Camping Kit </strong>- маркиза <strong>HARDCORE Car Canopy (Vynil) </strong>с комплектом аксессуаров.<br />Для тех, кто ценит свое время и надежность.<br />В комплект входит боковой навес <strong>HARDCORE Car Canopy (Vynil)</strong> и все необходимое для его установки и использования.<br />В базовой комплектации поставляется со светодиодной подсветкой.<br /><br />Состав комплекта:<br /><ul><li data-list=""bullet"">Маркиза Hardcore Car Canopy (Vinil) (1900*2600 мм)*1 комплект</li><li data-list=""bullet"">Комплект стенок для маркизы (версия Vinil) 1*комплект (105-000-003-00)</li><li data-list=""bullet"">Кронштейны крепления маркизы PRO*1 пара (103-000-009-00)</li><li data-list=""bullet"">Светодиодная лента для маркизы *1 полоса (105-000-004-00)</li><li data-list=""bullet"">Антиштормовой набор для кемпинга PRO*1 комплект (включает: колышки для грунта*9, стропы от ветра*6, молоток*1, сумка для хранения*1) (105-000-002-00)</li></ul>";https://static.tildacdn.com/stor3736-3132-4539-b031-343830326664/29408289.jpg;120365.00;;;;;N02tkgIHLDKkrcKCpddT;;;0;0;0;0;;;;;
819628555782;"Arcane Warrior";A.015.000002,105-000-009-00;;"Маркизы и тенты;Допы>>>Допы к палаткам;Маркизы и тенты>>>Стенки";"Комплект дополнительных стенок для маркизы HARDCORE Car Canopy PRO";;"Комплект дополнительных стенок для маркизы <strong>HARDCORE Car Canopy</strong>:<br /><ul><li data-list=""bullet"">Быстрая установка за 5 минут (при установленной автомобильной маркизе HardCore)</li><li data-list=""bullet"">Водонепроницаемость более 3000 мм</li><li data-list=""bullet"">Настраиваемый дизайн дна палатки, подходит для разной высоты установки маркизы (200-400 мм регулируемая нижняя часть, верхние крючки регулируются)</li><li data-list=""bullet"">Множество технологических отверстий в ткани палатки (выход для кабеля, дверной проем, вентиляционное отверстие, выход для дымохода).</li><li data-list=""bullet"">Оборудована крючками, бесплатной сумкой для хранения, молнией YKK, водоотталкивающим покрытием.</li><li data-list=""bullet"">Анти-москитные сетки по кругу позволяют проветривать помещение</li><li data-list=""bullet"">Дополнительный откидной навес спереди</li></ul>";https://static.tildacdn.com/stor3865-3434-4435-b337-616564326534/58446942.jpg;65835.00;;;;;ys0zlMOUXxZTkSF2VMVK;;;0;0;0;0;;;;;
412605936852;"Arcane Warrior";A.014.000001,105-000-003-00;;"Маркизы и тенты;Допы>>>Допы к палаткам;Маркизы и тенты>>>Стенки";"Комплект стенок для маркизы Expanding Canopy Set для маркизы HARDCORE (версия Silver)";;"Комплект стенок <strong>Expanding Canopy Set </strong>для маркизы <strong>HARDCORE (версия Silver)</strong> включает 3 стенки<br />Создает дополнительное пространство под навесом, закрытое от солнца и непогоды<br />Быстрая и простая установка<br />Компактное хранение";https://static.tildacdn.com/stor3361-6562-4663-b663-393134303438/76792234.jpg;28215.00;;;;;aRgsZaMX926ifajkxJRu;;;3350;400;190;140;;;;;
722519788442;"Arcane Warrior";A.014.000002,105-000-005-00;;"Маркизы и тенты;Допы>>>Допы к палаткам;Маркизы и тенты>>>Стенки";"Комплект стенок Arcane Warrior Expanding Canopy Set для маркизы HARDCORE (версия Vynil)";;"Комплект стенок <strong>Expanding Canopy Set</strong> для маркизы <strong>HARDCORE (версия Vynil)</strong> включает 3 стенки<br />Создает дополнительное пространство под навесом, закрытое от солнца и непогоды<br />Быстрая и простая установка<br />Компактное хранение";https://static.tildacdn.com/stor3361-6562-4663-b663-393134303438/76792234.jpg;40660.00;;;;;JbfEilc93mhT7Rh3bnY0;;;6150;370;215;230;;;;;
752776583722;"Arcane Warrior";A.017.000001,105-000-013-00;;"Маркизы и тенты";"Многоступенчатые регулируемые стойки навеса (1пара)";;"Дополнительные регулируемые опорные стойки для навеса, маркизы<br /><ul><li data-list=""bullet"">Бесступенчатая система регулировки длинны</li><li data-list=""bullet"">Система кольцевого зажима-фиксатора, свободно растягиваться</li><li data-list=""bullet"">Двойная головка с шипом для грунта и крышкой</li></ul>";https://static.tildacdn.com/stor3634-6536-4461-b832-346630393337/93273010.jpg;9975.00;;;;;sulopOZH8FFm06HajeHu;;;870;983;134;64;;;;;
190119373642;;A.018.000001,105-000-016-00;;"Маркизы и тенты";"Основание для стойки маркизы";;"Основание для предотвращения скольжения опорной стойки на твердом покрытии";https://static.tildacdn.com/stor6135-3932-4435-b435-303262366639/68406743.jpg;1045.00;;;;;x6Pe4CbnD2jJiylR6KXm;;;48;105;70;47;;;;;
599396160262;"Arcane Warrior";A.012.000016,101-000-014-00;;"Экспедиционные боксы>>>Аксессуары к экспедиционным боксам;Допы>>>Допы к боксам";"Навесной кодовый замок Soft Cord Combination Lock для боксов серии FLEX";;"Навесной кодовый замок с гибкой дужкой<strong> Soft Cord Combination Lock</strong> для экспедиционных боксов серии <strong>FLEX</strong> <strong> </strong>позволит защитить содержимое кейса от кражи. <br /><ul><li data-list=""bullet"">Комбинированный кодовый механизм, код настраивается </li><li data-list=""bullet"">Корпус замка из прочного алюминиевого сплава</li></ul>";https://static.tildacdn.com/stor6337-3034-4632-b530-636430303730/84763002.jpg;1235.00;;;;;jatDChNTOEsSsTYs4PR1;;;59;79;34;16;;;;;
351224412652;;A.051.000001,102-004-003-00;;"Offroad-оборудование;Сумки";"Сумка для хранения аксессуаров Arcane Warrior 25L";;"Сумка для хранения аксессуаров объемом 25л.<br /><ul><li data-list=""bullet"">Светоотражающие полосы, прикрепленные к молнии безопаснее в ночное время.</li><li data-list=""bullet"">Водонепроницаемая и износостойкая</li><li data-list=""bullet"">Утолщенное дно</li><li data-list=""bullet"">Многофункциональное хранение</li></ul><br /><strong>Характеристики</strong><br /><strong>Размер </strong>: 490*310*180 мм<br /><strong>Размер упаковки</strong>: 521*166*348,5 мм<br /><strong>Вес</strong>: 1.1 кг<br /><strong>Основная ткань</strong>: CORDURA<br /><strong>Подкладка</strong>: 800D ткань высокой плотности Оксфорд <br /><strong>Молния:</strong> YKK<br /><br />";https://static.tildacdn.com/stor3834-6338-4039-b161-306233663763/79487559.jpg;8455.00;;;;;8bvxoCkgOstkXz3RyLBX;;;0;0;0;0;;;;;
241257789042;;102-005-001-00;;Offroad-оборудование;"Набор аксессуаров для лебедки Arcane Warrior Rescue Basic Kit";;"Набор аксессуаров для лебедки <strong>Arcane Warrior Outdoor Rescue Basic Kit</strong> включает все необходимое для работы с лебедкой в одной сумке<br /><br />ХАРАКТЕРИСТИКИ<br /><strong>Вес:</strong> 7,12 кг<br /><strong>В комплект входит:</strong><br /><ul><li data-list=""bullet"">сумка для хранения*1шт</li><li data-list=""bullet"">шаклы в случайных цветах *1пара</li><li data-list=""bullet"">супертонкие тактические перчатки*1</li><li data-list=""bullet"">пара-буксировочный трос Braveheart*1шт</li></ul>";https://static.tildacdn.com/stor6139-3065-4564-b431-363262306665/11216216.jpg;30495.00;;;;;1M57YPehayGpNbZUoI3H;;;0;0;0;0;;;;;
672092992382;;A.053.000001,102-006-001-00;;Offroad-оборудование;"Сэндтрак ATR All Terrain Rescue Plate";;"Сэндтрак (площадка для подкладывания под колеса при застревании и на слабонесущих покрытиях) <strong>ATR All Terrain Rescue Plate</strong> (1шт )<br /><ul><li data-list=""bullet"">Патентованное моделирование дизайна</li><li data-list=""bullet"">Применяется двухцветный композитный процесс литья под давлением, нижняя часть каждого противоскользящего шипа полностью инкрустирована в прочный корпус сэндтрака</li><li data-list=""bullet"">Основной корпус изготовлен из высокопрочного нейлона PA6, а противоскользящие шипы - из высокопрочного нейлона со стекловолокном PA6+GF30.</li><li data-list=""bullet"">Эргономичный дизайн, оба конца можно использовать как лопаты для удаления песка, льда и снега вокруг колес.</li><li data-list=""bullet"">Конструкция с несколькими отверстиями, несколько способов установки в разных местах.</li></ul><br /><strong>Размер:</strong> 1158*366*70 мм<br /><strong>Размер упаковки:</strong> 1174*367*85 мм<br /><strong>Вес:</strong> около 4.65 кг<br /><strong>Крепежные отверстия:</strong> 10<br /><strong>Высота шипа противоскольжения:</strong> 10 мм<br /><strong>Толщина основной стены</strong>: 5.2 мм";https://static.tildacdn.com/stor6466-6466-4061-b930-656536333638/82554531.jpg;15105.00;;;;"Количество:Одна;Пара=32780";BhkzPIbmAlP3YoE61rDD;;;0;0;0;0;;;;;
425064108422;;A.050.000001,102-002-007-00;;"Offroad-оборудование;Допы>>>Допы к багажникам";"Гибкий шакл SPECTRA soft release buckle (19T/650mm)";;"Софт шакл с нагрузкой до 19т <strong>SPECTRA soft release buckle (19T/650mm)</strong><br />Высокопрочный мягкий шакл для использования с буксировочным тросом/крюком/лебедкой<br /><strong>Размер:</strong> 650 мм<br /><strong>Размер пакета:</strong> 315*225*64 мм<br /><strong>Вес:</strong> 0.243 кг<br /><strong>Предельное тяговое усилие:</strong> 19 т<br /><strong>Материал корпуса: </strong>Спектральное волокно<br /><strong>Материал оболочки:</strong> Смесь Spectra+Uhmwpe<br /><strong>Рекомендуемый сочетание: </strong>стальной шакл + мягкий шакл<br /><br />";https://static.tildacdn.com/stor3363-3834-4464-b835-633164656439/64068119.jpg;5035.00;;;;;bKE7LJmFBsPt8XYR9RKY;;;0;0;0;0;;;;;
602982606482;;501-001-;;"Одежда и мерч";"Футболка LANDING Limited T-Shirt";;"Размеры:S/M/L/XL/XXL/XXXL<br />Классический вырез для горловины<br />Ребристый трикотаж<br />Аккуратный и гладкий подол<br />Высокое качество в каждом шве";https://static.tildacdn.com/stor3461-3962-4164-b963-653130623138/19235509.jpg;3515.00;0;;;;xJPnx2kaSjVxFnysG6KY;;;0;0;0;0;;;;;
499883995682;;501-001-;;"Одежда и мерч";"Футболка FLEX Limited T-Shirt";;"Размеры:S/M/L/XL/XXL/XXXL<br />Классический вырез для горловины<br />Ребристый трикотаж<br />Аккуратный и гладкий подол<br />Высокое качество в каждом шве";https://static.tildacdn.com/stor6536-3738-4333-b865-363839363035/76719489.jpg;3515.00;0;;;;cxi22juT9j5KhJmHpHIc;;;0;0;0;0;;;;;
784303896952;;A.064.000001,501-004-009-00;;"Одежда и мерч";"Маска солнцезащитная BRAVEHEART Face Towel";;"Размер изделия: 230*500 мм<br />Индекс защиты от солнца: SPF50+<br />Охлаждающая ткань, легкая и дышащая, впитывает влагу и пот, не боится солнца.<br />Полная эластичность, удобная и комфортная, длительное#nbsp;растяжение при ношении без деформации.<br />Цельный легкий дизайн, полностью закрывает шею, лицо, лоб от солнца";https://static.tildacdn.com/stor6164-3831-4435-b330-363936323564/84372598.jpg;1045.00;0;;;;PcVdKbolisEz2ImYDyd8;;;0;0;0;0;;;;;
991173838902;"Arcane Warrior";501-013-026-00;;"Одежда и мерч";"Подарочный набор Gravity Series Gift";;"Кружка серии Gravity + медаль Arcane Warrior<br /><br />Минимальное количество для заказа ≥10шт";https://static.tildacdn.com/stor6434-6533-4539-b333-656464353238/13269813.jpg;5320.00;0;;;;hlk3PtmBH5yyH9jhvDoD;;;0;0;0;0;;;;;
370231279092;"Arcane Warrior";A.016.000001,105-000-001-00;;"Маркизы и тенты";"Антиштормовой набор для кемпинга Camping Enhancement Kit";;"Антиштормовой набор для кемпинга <strong>Camping Enhancement Kit</strong> (для использования с комплектами дополнительных стенок для маркизы <strong>HARDCORE</strong><br />Защита при сильном ветре<br />Возможность настройки навеса";https://static.tildacdn.com/stor6339-3437-4861-b764-343835643361/35181292.jpg;12160.00;;;;;f8VJzEos4BOEtusyPl7E;;;1510;390;155;75;;;;;
577631790272;"Arcane Warrior";A.016.000002,105-000-002-00;;"Маркизы и тенты";"Антиштормовой набор для кемпинга Arcane Warrior Camping Enhancement Kit PRO";;"Антиштормовой набор для кемпинга <strong>Camping Enhancement Kit</strong> <strong>PRO</strong> (для использования с комплектами дополнительных стенок для маркизы <strong>HARDCORE</strong><br />Увеличенный комплект<br />Защита при сильном ветре<br />Возможность настройки навеса";https://static.tildacdn.com/stor3837-3330-4835-b731-613964373131/63779027.jpg;17480.00;;;;;odBtFlhi5FXbpCKDvSvh;;;2540;390;155;75;;;;;
303124230152;"Arcane Warrior";A.037.000001,101-000-026-00;;"Багажники>>>Аксессуары к багажникам STORM;Экспедиционные боксы>>>Аксессуары к экспедиционным боксам;Допы>>>Допы к боксам;Хранение";"Площадки FLEX Z02 (36/52L) со встроенными кодовыми замками для быстрого крепления бокса к багажнику";;"Площадки<strong> Z02</strong> <strong>PRO</strong> <strong>(36/52L)</strong> со встроенными кодовыми замками для быстрой и надежной установки экспедиционного боксов 36 и 52л серии <strong>FLEX</strong> к багажнику <strong>Arcane Warrior STORM</strong>";https://static.tildacdn.com/stor3935-3638-4564-b166-623264356534/51992699.jpg;15675.00;;;;;YpksgHdSn3CmfVZee571;;;6200;477;282;85;;;;;
916853510082;"Arcane Warrior";A.037.000002,101-000-027-00;;"Багажники>>>Аксессуары к багажникам STORM;Экспедиционные боксы>>>Аксессуары к экспедиционным боксам;Допы>>>Допы к боксам;Хранение";"Площадки FLEX Z02 PRO (108L) для быстрого крепления бокса к багажнику со встроенными кодовыми замками";;"Площадки<strong> Z02</strong> <strong>PRO</strong> <strong>(108L)</strong>#nbsp;со встроенными кодовыми замками для быстрой и надежной установки экспедиционного боксов 108л серии <strong>FLEX</strong>#nbsp;к багажнику <strong>Arcane Warrior STORM</strong>";https://static.tildacdn.com/stor3935-3638-4564-b166-623264356534/51992699.jpg;15675.00;;;;;yPxRITOvzLnXJcDR6YSe;;;6800;537;282;85;;;;;
124993100612;"Arcane Warrior";A.037.000003,101-000-028-00;;"Багажники>>>Аксессуары к багажникам STORM;Экспедиционные боксы>>>Аксессуары к экспедиционным боксам;Допы>>>Допы к боксам;Хранение";"Площадки FLEX Z02 PRO 116L со встроенными кодовыми замками для быстрого крепления бокса к багажнику";;"Площадки<strong> Z02</strong> <strong>PRO</strong> <strong>(116L)</strong>#nbsp;со встроенными кодовыми замками для быстрой и надежной установки экспедиционного боксов 108л серии <strong>FLEX</strong>#nbsp;к багажнику <strong>Arcane Warrior STORM</strong>";https://static.tildacdn.com/stor3935-3638-4564-b166-623264356534/51992699.jpg;15675.00;;;;;GmomKthcfOEjiJFRHMtr;;;6800;537;282;85;;;;;
127630412202;;A.001.000014,103-005-006-00;;"Багажники>>>Багажники STORM;Багажники";"Багажник экспедиционный STORM для Toyota Land Cruiser Prado 120/150";;"Легкий и прочный полноразмерный экспедиционный автомобильный багажник из алюминия <strong>STORM </strong>для Toyota Land Cruiser Prado 120/150 входит в систему Arcane Warrior для перевозки вещей и установки дополнительного оборудования для кемпинга и автопутешествий.<br /><ul><li data-list=""bullet"">Минимальное завышение от штатной высоты автомобиля</li><li data-list=""bullet"">Удобная сборная конструкция, в комплекте шаблон для сборки</li><li data-list=""bullet"">Специальные пазы для крепежных болтов в поперечинах для закрепления дополнительного оборудования</li><li data-list=""bullet"">Эстетичные и надежные крепления для заводских релингов</li></ul><br /><strong>Для установки автомобиль должен быть оборудован продольными релингами.</strong><br /><br /><strong>Характеристики</strong><br /><strong>Размер багажника</strong>: 1585*1165*66мм<br /><strong>Размеры погрузочной площадки:</strong> 1089*1000мм<br /><strong>Размер упаковки: </strong>1595*360*495мм<br /><strong>Завышение от штатной высоты:</strong> 72мм<br /><strong>Расстояние от дна платформы до крыши автомобиля:</strong> 10мм<br /><strong>Вес:</strong> 21.6кг<br /><strong>Динамическая грузоподьемность:</strong> 140кг<br /><strong>Статическая грузоподьемность: </strong>300кг<br /><strong>Макcимальный размер диодной балки:</strong> 900мм";https://static.tildacdn.com/stor6331-3465-4637-a132-346131613630/89778673.jpg;103978.00;;;;;KDLYTLXtfSVdgGF01jbs;;Toyota;0;0;0;0;;;;;
179398012192;;A.001.000106,103-011-001-00;;"Багажники>>>Багажники STORM;Багажники";"Багажник экспедиционный STORM для Nissan Patrol Y62";;"Легкий и прочный полноразмерный экспедиционный автомобильный багажник из алюминия <strong>STORM </strong>для <strong>Nissan Patrol Y62 </strong>входит в систему Arcane Warrior для перевозки вещей и установки дополнительного оборудования для кемпинга и автопутешествий.<br /><ul><li data-list=""bullet"">Минимальное завышение от штатной высоты автомобиля</li><li data-list=""bullet"">Удобная сборная конструкция, в комплекте шаблон для сборки</li><li data-list=""bullet"">Специальные пазы для крепежных болтов в поперечинах для закрепления дополнительного оборудования</li><li data-list=""bullet"">Эстетичные и надежные крепления для заводских релингов</li></ul><br /><strong>Характеристики</strong><br /><strong>Размер багажника: </strong>1882*1305*66мм<br /><strong>Размеры погрузочной площадки:</strong> 1385*1139мм<br /><strong>Размер упаковки:</strong> 1595*360*495мм<br /><strong>Завышение от штатной высоты:</strong> 75мм<br /><strong>Расстояние от дна платформы до крыши автомобиля: </strong>45мм<br /><strong>Вес:</strong> 27.7кг<br /><strong>Динамическая грузоподьемность:</strong> 160кг<br /><strong>Статическая грузоподьемность: </strong>350кг<br /><strong>Макcимальный размер диодной балки:</strong>1050мм";https://static.tildacdn.com/stor3865-3030-4536-a465-666464333166/49934420.jpg;103978.00;;;;;FrCpiyL7eSRp85ZeIelp;;Nissan;0;0;0;0;;;;;
800729363232;;A.001.000127,103-003-002-00;;"Багажники>>>Багажники STORM;Автомобили>>>GWM багажники;Багажники;Автомобили>>>GW Poer";"Багажник экспедиционный STORM для GREAT WALL POER (POER Sahar) 2023";;"Легкий и прочный полноразмерный экспедиционный автомобильный багажник из алюминия <strong>STORM </strong>для <strong>GREAT WALL POER (POER Sahar) 2023</strong> входит в систему Arcane Warrior для перевозки вещей и установки дополнительного оборудования для кемпинга и автопутешествий.<br /><ul><li data-list=""bullet"">Минимальное завышение от штатной высоты автомобиля</li><li data-list=""bullet"">Удобная сборная конструкция, в комплекте шаблон для сборки</li><li data-list=""bullet"">Специальные пазы для крепежных болтов в поперечинах для закрепления дополнительного оборудования</li><li data-list=""bullet"">Эстетичные и надежные крепления для заводских релингов</li></ul><br /><strong>Для установки автомобиль должен быть оборудован заводскими продольными релингами.</strong><br /><br /><strong>Характеристики</strong><br />Размер багажника: 1295*1165*66мм<br />Размеры погрузочной площадки: 1085*1000мм<br />Размер упаковки: 1595*360*495мм<br />Завышение от штатной высоты: 65мм<br />Расстояние от дна платформы до крыши автомобиля: 95мм<br />Вес: 17.2кг<br />Динамическая грузоподьемность: 130кг<br />Статическая грузоподьемность: 280кг<br />Макcимальный размер диодной балки: 900мм";https://static.tildacdn.com/stor6331-3465-4637-a132-346131613630/89778673.jpg;94468.00;;;;;RmkocrF7rTHmr7xYE8LT;;"Great Wall";0;0;0;0;;;;;
599928703582;;A.012.000006,103-000-024-00;;"Багажники>>>Аксессуары к багажникам STORM;Допы>>>Допы к багажникам";"Комплект для крепления грузов на багажник Expansion Pack Air";;"Комплект <strong>Arcane Warrior Expansion Pack Air Edition</strong> для крепления грузов на экспедиционный багажник<strong> STORM</strong><br /><ul><li data-list=""bullet"">Предназначен для быстрого и надежного закрепления оборудования, канистр и боксов</li><li data-list=""bullet"">Входит в линейку дополнительных аксессуаров для многофункциональных багажников серии STORM</li><li data-list=""bullet"">Дополнительные аксессуары для многофункциональных багажников серии STORM</li><li data-list=""bullet"">Набор для закрепления оборудования, канистр и боксов</li></ul><br /><strong>Состав комплекта:</strong><br /><ul><li data-list=""bullet"">Кольцевые болты для крепления грузов Arcane Warrior на багажниках серии STORM (пара) (103-000-001-00)</li><li data-list=""bullet"">Стяжные ремни Arcane Warrior для крепления груза с трещоткой (пара) (103-000-003-00)</li><li data-list=""bullet"">Угловые кронштейны для крепления грузов Edge Bracket 1 пара (2 шт) (103-000-002-00)</li></ul>";https://static.tildacdn.com/stor3132-6333-4334-b734-613830393938/27676054.jpg;14940.00;;;;;EL0GA8JMapGnAyllhrEL;;;0;0;0;0;;;;;
725572637482;"Arcane Warrior";A.024.000001,105-005-003-00;;"Мебель;Допы>>>Допы к багажникам";"Складной стул LANDING Folding Chair (без чехла)";;"Удобное стул-кресло <strong>Arcane Warrior LANDING chair </strong><br />Максимальный комфорт и прочность при минимальных размерах<br /><ul><li data-list=""bullet"">В данной комплектации поставляется без чехла</li></ul>";https://static.tildacdn.com/stor3266-3632-4330-a637-653264663730/44929708.jpg;13775.00;;;;;dj0DHYJYtHnohfNCrl6p;;;3600;486;155;484;;;;;
548975106022;"Arcane Warrior";A.015.000001,105-000-008-00;;"Маркизы и тенты;Маркизы и тенты>>>Стенки";"Комплект дополнительных стенок для маркизы HARDCORE Car Canopy";;"Комплект дополнительных стенок для боковой маркизы в алюминиевом корпусе <strong>HARDCORE car side canopy</strong><br /><ul><li data-list=""bullet"">Быстрая установка за 5 минут (при установленной автомобильной маркизе HardCore)</li><li data-list=""bullet"">Имеет пол и потолок - защита от грязи и насекомых</li><li data-list=""bullet"">Водонепроницаемость более 3000 мм</li><li data-list=""bullet"">Настраиваемый дизайн дна палатки, подходит для разной высоты установки маркизы (200-400 мм регулируемая нижняя часть, верхние крючки регулируются)</li><li data-list=""bullet"">Множество технологических отверстий в ткани палатки (выход для кабеля, дверной проем, вентиляционное отверстие, выход для дымохода).</li><li data-list=""bullet"">Оборудована крючками, бесплатной сумкой для хранения, молнией YKK, водоотталкивающим покрытием.</li><li data-list=""bullet"">Анти-москитные сетки по кругу позволяют проветривать помещение</li></ul>";https://static.tildacdn.com/stor6332-3266-4632-b330-613139636136/98922685.jpg;57000.00;;;;;OapUsXUbEdFoHcDfoesM;;;0;0;0;0;;;;;
103829756232;;A.042.000001,102-001-004-00;;Offroad-оборудование;"Корозащитная стропа 3м/13т OFF ROAD MASTER TREE HOLDER (13T/3M)";;"Корозащитная стропа <strong>Arcane Warrior OFF ROAD MASTER TREE HOLDER (13T/3M)</strong> для защиты коры деревьев при вытаскивании внедорожника лебедкой <br /><ul><li data-list=""bullet"">Полиэфирный материал обладает очень хорошей прочностью на разрыв</li><li data-list=""bullet"">Высокая износостойкость и теплостойкость</li><li data-list=""bullet""></li></ul><strong>Длина: </strong>3000 мм (3 метра)<br /><strong>Толщина:</strong> 6 мм<br /><strong>Ширина: </strong>85 мм<br /><strong>Материал изделия:</strong> Полиэстер<br /><strong>Предельная прочность на разрыв:</strong> 13 т<br /><strong>Размер упаковки: </strong>330*140*85 мм";https://static.tildacdn.com/stor3466-3666-4135-a331-366136303235/12362574.jpg;5035.00;;;;;u0XhiEz8su97iHEpSvk6;;;0;0;0;0;;;;;
233460521952;;B.008.000001,104-003-001-00;;"Роллетные крышки>>>Роллетные крышки AW;Роллетные крышки";"Крышка роллетная Ultra Ridge Roll-up cover для пикапов Ford F150 Raptor, Toyota Tundra, RAM 1500 TRX";;"Легкая и прочная алюминиевая крышка для пикапов <strong>Arcane Warrior Roll-up cover</strong>. Подходит для <strong>Ford F150 Raptor, Toyota Tundra, RAM 1500 TRX (без рамбоксов).</strong><br /><br /><ul><li data-list=""bullet"">Удобная конструкция позволяет легко открыть доступ к багажнику пикапа, в закрытом состоянии защищая груз от непогоды и посторонних</li><li data-list=""bullet"">Алюминиевый профиль выглядит стильно и современно</li><li data-list=""bullet"">Встроенная светодиодная подсветка</li><li data-list=""bullet"">Простая установка</li><li data-list=""bullet"">Выдерживает нагрузку на поверхности крышки до 150 кг</li><li data-list=""bullet"">Снабжена надежным замком</li><li data-list=""bullet"">Возможна установка с багажной системой <strong>Arcane Warrior Ultra Ridge</strong></li></ul><br /><br /><strong>Характеристики</strong><br /><br /><strong>Размеры</strong>: 1720*1722*292мм<br /><strong>Вес</strong>: 46.9кг<br /><strong>Материал</strong>: Алюминиевый сплав 6063-T5<br /><strong>Нагрузка</strong>: 150кг";https://static.tildacdn.com/stor3563-6435-4365-b933-626530663863/39392085.jpg;94715.00;;;;;CzmGFAUlvn9sSt98oZvi;;"Ford;Toyota;RAM";0;0;0;0;;;;;
187620429432;;B.008.000003,104-003-003-00;;"Роллетные крышки>>>Роллетные крышки AW;Роллетные крышки";"Крышка роллетная Ultra Ridge Roll-up cover для пикапа Jeep Gladiator JT";;"Легкая и прочная алюминиевая крышка для пикапов <strong>Arcane Warrior Roll-up cover</strong>. Подходит для Jeep Gladiator JT.<br /><br /><ul><li data-list=""bullet"">Удобная конструкция позволяет легко открыть доступ к багажнику пикапа, в закрытом состоянии защищая груз от непогоды и посторонних</li><li data-list=""bullet"">Алюминиевый профиль выглядит стильно и современно</li><li data-list=""bullet"">Встроенная светодиодная подсветка</li><li data-list=""bullet"">Простая установка</li><li data-list=""bullet"">Выдерживает нагрузку на поверхности крышки до 150 кг</li><li data-list=""bullet"">Снабжена надежным замком</li><li data-list=""bullet"">Возможна установка с багажной системой <strong>Arcane Warrior Ultra Ridge</strong></li></ul><br /><br /><strong>Характеристики</strong><br /><ul><li data-list=""bullet"">Роллетная крышка в кузов пикапа</li><li data-list=""bullet"">Размеры 1565*1486*292мм</li><li data-list=""bullet"">Вес: 45,9кг</li><li data-list=""bullet"">Материал: алюминиевый сплав 6063-T5</li><li data-list=""bullet"">Допустимая нагрузка:150 кг</li><li data-list=""bullet"">Подходит для пикапов: Jeep Gladiator JT</li></ul>";https://static.tildacdn.com/stor3563-6435-4365-b933-626530663863/39392085.jpg;94715.00;;;;;MV7zj9JVZs5eFhIt6d9U;;Jeep;0;0;0;0;;;;;
505841511022;;B.008.000002,104-003-002-00;;"Роллетные крышки>>>Роллетные крышки AW;Роллетные крышки";"Крышка роллетная Ultra Ridge Roll-up cover для пикапа Ford Ranger";;"Легкая и прочная алюминиевая крышка для пикапов <strong>Arcane Warrior Roll-up cover</strong>. Подходит для Ford Ranger.<br /><br /><ul><li data-list=""bullet"">Удобная конструкция позволяет легко открыть доступ к багажнику пикапа, в закрытом состоянии защищая груз от непогоды и посторонних</li><li data-list=""bullet"">Алюминиевый профиль выглядит стильно и современно</li><li data-list=""bullet"">Встроенная светодиодная подсветка</li><li data-list=""bullet"">Простая установка</li><li data-list=""bullet"">Выдерживает нагрузку на поверхности крышки до 150 кг</li><li data-list=""bullet"">Снабжена надежным замком</li><li data-list=""bullet"">Возможна установка с багажной системой <strong>Arcane Warrior Ultra Ridge</strong></li></ul><br /><br /><strong>Характеристики</strong><br />Роллетная крышка в кузов пикапа<br />Размеры 1515*1552*292мм<br />Вес: 43кг<br />Материал: алюминиевый сплав 6063-T5<br />Допустимая нагрузка:150 кг<br />Подходит для пикапов:#nbsp;Ford Ranger";https://static.tildacdn.com/stor3563-6435-4365-b933-626530663863/39392085.jpg;94715.00;;;;;I4jRdf5KZ0Uro3RuzUMc;;Ford;0;0;0;0;;;;;
390319229542;;B.008.000005,104-003-005-00;;"Роллетные крышки>>>Роллетные крышки AW;Автомобили>>>GWM крышки;Роллетные крышки;Автомобили>>>GW Poer";"Крышка роллетная Ultra Ridge Roll-up cover для пикапа Great Wall GWM POER";;"Легкая и прочная алюминиевая крышка для пикапов <strong>Arcane Warrior Roll-up cover</strong>. Подходит для <strong>Great Wall GWM POER.</strong><br /><ul><li data-list=""bullet"">Удобная конструкция позволяет легко открыть доступ к багажнику пикапа, в закрытом состоянии защищая груз от непогоды и посторонних</li><li data-list=""bullet"">Алюминиевый профиль выглядит стильно и современно</li><li data-list=""bullet"">Встроенная светодиодная подсветка</li><li data-list=""bullet"">Простая установка</li><li data-list=""bullet"">Выдерживает нагрузку на поверхности крышки до 150 кг</li><li data-list=""bullet"">Снабжена надежным замком</li><li data-list=""bullet"">Возможна установка с багажной системой <strong>Arcane Warrior Ultra Ridge</strong></li></ul><br /><strong>Характеристики</strong><br /><ul><li data-list=""bullet"">Роллетная крышка в кузов пикапа</li><li data-list=""bullet"">Размеры 1565*1552*292мм</li><li data-list=""bullet"">Вес: 47,1кг</li><li data-list=""bullet"">Материал: алюминиевый сплав 6063-T5</li><li data-list=""bullet"">Допустимая нагрузка:150 кг</li></ul>";https://static.tildacdn.com/stor3563-6435-4365-b933-626530663863/39392085.jpg;94715.00;;;;;9FNDt8IPsacfacvBpCoJ;;"Great Wall";0;0;0;0;;;;;
393381455442;;A.001.000015,103-002-005-00;;"Багажники>>>Багажники STORM;Багажники;Автомобили>>>Tank 700";"Багажник экспедиционный STORM для Tank 700 (2024)";;"Легкий и прочный полноразмерный экспедиционный автомобильный багажник из алюминия <strong>STORM </strong>для <strong>Tank 700 (2024)</strong> входит в систему Arcane Warrior для перевозки вещей и установки дополнительного оборудования для кемпинга и автопутешествий.<br /><ul><li data-list=""bullet"">Минимальное завышение от штатной высоты автомобиля</li><li data-list=""bullet"">Удобная сборная конструкция, в комплекте шаблон для сборки</li><li data-list=""bullet"">Специальные пазы для крепежных болтов в поперечинах для закрепления дополнительного оборудования</li><li data-list=""bullet"">Эстетичные и надежные крепления для заводских релингов</li></ul><br /><strong>Характеристики</strong><br /><strong>Размер багажника:</strong>1965*1360*66мм<br /><strong>Размеры погрузочной площадки:</strong> 1468*1199мм<br /><strong>Размер упаковки: </strong>2022*363*495мм<br /><strong>Завышение от штатной высоты: </strong>69мм<br /><strong>Расстояние от дна платформы до крыши автомобиля: </strong>14мм<br /><strong>Вес: </strong>32.4кг<br /><strong>Динамическая грузоподьемность: </strong>180кг<br /><strong>Статическая грузоподьемность: </strong>380кг<br /><strong>Макcимальный размер диодной балки:</strong> 1100мм";https://static.tildacdn.com/stor3938-6336-4933-b065-383161323738/65064910.jpg;111293.00;;;;;yHURe6a5D5biaYjxpEfm;;Tank;0;0;0;0;;;;;
761845210582;;A.001.000130,103-005-003-00;;"Багажники>>>Багажники STORM;Багажники";"Багажник экспедиционный STORM для Toyota FJ Cruiser (короткий) (2007-2024)";;"Легкий и прочный полноразмерный экспедиционный автомобильный багажник из алюминия <strong>STORM </strong>для Toyota FJ Cruiser (короткий) (2007-2024) входит в систему Arcane Warrior для перевозки вещей и установки дополнительного оборудования для кемпинга и автопутешествий.<br /><ul><li data-list=""bullet"">Минимальное завышение от штатной высоты автомобиля</li><li data-list=""bullet"">Удобная сборная конструкция, в комплекте шаблон для сборки</li><li data-list=""bullet"">Специальные пазы для крепежных болтов в поперечинах для закрепления дополнительного оборудования</li><li data-list=""bullet"">Эстетичные и надежные крепления для заводских релингов</li></ul><br /><strong>Характеристики</strong><br /><strong>Размер багажника: </strong>1539*1260*66мм<br /><strong>Размеры погрузочной площадки:</strong> 1043*1094мм<br /><strong>Размер упаковки: </strong>1595*360*495мм<br /><strong>Завышение от штатной высоты: </strong>71мм<br /><strong>Расстояние от дна платформы до крыши автомобиля: </strong>12мм<br /><strong>Вес:</strong> 24.4кг<br /><strong>Динамическая грузоподьемность:</strong> 150кг<br /><strong>Статическая грузоподьемность: </strong>320кг<br /><strong>Макcимальный размер диодной балки: </strong>1000мм""";https://static.tildacdn.com/stor6331-3465-4637-a132-346131613630/89778673.jpg;89348.00;;;;;82d7eBRt9gj0jHjVIhu8;;Toyota;0;0;0;0;;;;;
694006887922;;A.001.000113,103-005-005-00;;"Багажники>>>Багажники STORM;Багажники";"Багажник экспедиционный STORM для Toyota FJ Cruiser (длинный) (2007-2024)";;"Легкий и прочный полноразмерный экспедиционный автомобильный багажник из алюминия <strong>STORM </strong>для Toyota FJ Cruiser (длинный) (2007-2024) входит в систему Arcane Warrior для перевозки вещей и установки дополнительного оборудования для кемпинга и автопутешествий.<br /><ul><li data-list=""bullet"">Минимальное завышение от штатной высоты автомобиля</li><li data-list=""bullet"">Удобная сборная конструкция, в комплекте шаблон для сборки</li><li data-list=""bullet"">Специальные пазы для крепежных болтов в поперечинах для закрепления дополнительного оборудования</li><li data-list=""bullet"">Эстетичные и надежные крепления для заводских релингов</li></ul><br /><strong>Характеристики</strong><br /><strong>Размер багажника:</strong> 2209*1260*66мм<br /><strong>Размеры погрузочной площадки: </strong>1712*1094мм<br /><strong>Размер упаковки: </strong>2022*363*495мм<br /><strong>Завышение от штатной высоты:</strong> 55мм<br /><strong>Расстояние от дна платформы до крыши автомобиля:</strong> 16мм<br /><strong>Вес: </strong>30.7кг<br /><strong>Динамическая грузоподьемность:</strong> 180кг<br /><strong>Статическая грузоподьемность: </strong>380кг<br /><strong>Макcимальный размер диодной балки:</strong> 1000мм";https://static.tildacdn.com/stor6331-3465-4637-a132-346131613630/89778673.jpg;121011.00;;;;;kniGoxGAMVoTb4rXJM5u;;Toyota;0;0;0;0;;;;;
372978108912;;A.001.000002,103-031-001-00;;"Багажники>>>Багажники STORM;Багажники;Автомобили>>>Leopard 5";"Багажник экспедиционный STORM для BYD FangChengBao Leopard 5 (короткий) (2023+)";;"Легкий и прочный полноразмерный экспедиционный автомобильный багажник из алюминия <strong>STORM </strong>для BYD FangChengBao Leopard 5 (короткий) (2023+) входит в систему Arcane Warrior для перевозки вещей и установки дополнительного оборудования для кемпинга и автопутешествий.<br /><ul><li data-list=""bullet"">Минимальное завышение от штатной высоты автомобиля</li><li data-list=""bullet"">Удобная сборная конструкция, в комплекте шаблон для сборки</li><li data-list=""bullet"">Специальные пазы для крепежных болтов в поперечинах для закрепления дополнительного оборудования</li><li data-list=""bullet"">Эстетичные и надежные крепления для заводских релингов</li></ul><br /><strong>Характеристики</strong><br /><strong>Размер багажника: </strong>1600*1260*66мм<br /><strong>Размеры погрузочной площадки:</strong> 1053*1099мм<br /><strong>Размер упаковки: </strong>1595*360*495мм<br /><strong>Завышение от штатной высоты:</strong> 88мм<br /><strong>Расстояние от дна платформы до крыши автомобиля:</strong> 80мм<br /><strong>Вес: </strong>22.8кг<br /><strong>Динамическая грузоподьемность:</strong> 140кг<br /><strong>Статическая грузоподьемность: </strong>300кг<br /><strong>Макcимальный размер диодной балки: </strong>1000мм";https://static.tildacdn.com/stor6331-3465-4637-a132-346131613630/89778673.jpg;89452.00;;;;;edeTC2rplAcgozzSVnN1;;BYD;0;0;0;0;;;;;
892841692452;;A.001.000004,103-031-002-00;;"Багажники>>>Багажники STORM;Багажники;Автомобили>>>Leopard 5";"Багажник экспедиционный STORM для BYD FangChengBao Leopard 5 (длинный) (2023+)";;"Легкий и прочный полноразмерный экспедиционный автомобильный багажник из алюминия <strong>STORM </strong>для BYD FangChengBao Leopard 5 (длинный) (2023+) входит в систему Arcane Warrior для перевозки вещей и установки дополнительного оборудования для кемпинга и автопутешествий.<br /><ul><li data-list=""bullet"">Минимальное завышение от штатной высоты автомобиля</li><li data-list=""bullet"">Удобная сборная конструкция, в комплекте шаблон для сборки</li><li data-list=""bullet"">Специальные пазы для крепежных болтов в поперечинах для закрепления дополнительного оборудования</li><li data-list=""bullet"">Эстетичные и надежные крепления для заводских релингов</li></ul><br /><strong>Характеристики</strong><br /><strong>Размер багажника:</strong> 1980*1260*66мм<br /><strong>Размеры погрузочной площадки:</strong> 1483*1099мм<br /><strong>Размер упаковки: </strong>1595*360*495мм<br /><strong>Завышение от штатной высоты: </strong>88мм<br /><strong>Расстояние от дна платформы до крыши автомобиля:</strong> 80мм<br /><strong>Вес: </strong>27.6кг<br /><strong>Динамическая грузоподьемность:</strong> 160кг<br /><strong>Статическая грузоподьемность: </strong>350кг<br /><strong>Макcимальный размер диодной балки:</strong> 1000мм";https://static.tildacdn.com/stor3865-3030-4536-a465-666464333166/49934420.jpg;103978.00;;;;;6b3hMxz9d3x0HEaZlYYO;;BYD;0;0;0;0;;;;;
951056700752;;A.001.000020,103-012-003-00;;"Багажники>>>Багажники STORM;Автомобили>>>Ford Ranger;Багажники";"Багажник экспедиционный STORM для Ford Ranger 2023+";;"Легкий и прочный полноразмерный экспедиционный автомобильный багажник из алюминия <strong>STORM </strong>для <strong>Ford Ranger 2023+</strong> входит в систему Arcane Warrior для перевозки вещей и установки дополнительного оборудования для кемпинга и автопутешествий.<br /><ul><li data-list=""bullet"">Минимальное завышение от штатной высоты автомобиля</li><li data-list=""bullet"">Удобная сборная конструкция, в комплекте шаблон для сборки</li><li data-list=""bullet"">Специальные пазы для крепежных болтов в поперечинах для закрепления дополнительного оборудования</li><li data-list=""bullet"">Эстетичные и надежные крепления для заводских релингов</li></ul><br /><strong>Для установки автомобиль должен быть оборудован продольными релингами</strong><br /><br /><strong>Характеристики</strong><br /><strong>Размер багажника:</strong> 1335*1165*66мм<br /><strong>Размеры погрузочной площадки: </strong>1125*1000мм<br /><strong>Размер упаковки:</strong> 1595*360*495мм<br /><strong>Завышение от штатной высоты: </strong>85мм<br /><strong>Расстояние от дна платформы до крыши автомобиля:</strong> 90мм<br /><strong>Вес: </strong>17.5кг<br /><strong>Динамическая грузоподьемность:</strong> 150кг<br /><strong>Статическая грузоподьемность: </strong>320кг<br /><strong>Макcимальный размер диодной балки: </strong>900мм";https://static.tildacdn.com/stor3530-6564-4562-b365-306364353537/7404b833a16274433c8bd78b38b9172d.jpg;96976.00;;;;;kUH6JiVUv7mAH06Gs3TE;;Ford;0;0;0;0;;;;;
608881988862;"Arcane Warrior";A.001.000100,103-009-001-00;"Скидка 25%";"Багажники>>>Багажники STORM;Автомобили>>>Pajero;Багажники;Скидки и распродажи";"Багажник экспедиционный STORM Mitsubishi Pajero (2009-2021)";;"Легкий и прочный полноразмерный экспедиционный автомобильный багажник из алюминия <strong>STORM </strong>для <strong>Mitsubishi Pajero (2009-2021)</strong> входит в систему Arcane Warrior для перевозки вещей и установки дополнительного оборудования для кемпинга и автопутешествий.<br /><ul><li data-list=""bullet"">Минимальное завышение от штатной высоты автомобиля</li><li data-list=""bullet"">Удобная сборная конструкция, в комплекте шаблон для сборки</li><li data-list=""bullet"">Специальные пазы для крепежных болтов в поперечинах для закрепления дополнительного оборудования</li><li data-list=""bullet"">Эстетичные и надежные крепления для заводских релингов</li></ul><br /><strong>Для установки автомобиль должен быть оборудован продольными релингами</strong>";https://static.tildacdn.com/stor3938-6336-4933-b065-383161323738/65064910.jpg;65900.00;;96663;;;HD8AIAHrHY46nel8Mnzz;;Mitsubishi;0;0;0;0;;;;;
318453899032;;A.001.000024,103-006-001-00;;"Багажники>>>Багажники STORM;Багажники";"Багажник экспедиционный STORM для Land Rover Discovery 3 (2004-2009)/ Discovery 4 (2009-2016)";;"Легкий и прочный полноразмерный экспедиционный автомобильный багажник из алюминия <strong>STORM </strong>для <strong>Land Rover Discovery 3 (2004-2009)/Discovery 4 (2009-2016) </strong>входит в систему Arcane Warrior для перевозки вещей и установки дополнительного оборудования для кемпинга и автопутешествий.<br /><ul><li data-list=""bullet"">Минимальное завышение от штатной высоты автомобиля</li><li data-list=""bullet"">Удобная сборная конструкция, в комплекте шаблон для сборки</li><li data-list=""bullet"">Специальные пазы для крепежных болтов в поперечинах для закрепления дополнительного оборудования</li><li data-list=""bullet"">Эстетичные и надежные крепления в штатные места на крыше</li></ul><br /><strong>Характеристики</strong><br /><strong>Размер багажника:</strong> 2180*1225*66мм<br /><strong>Размеры погрузочной площадки:</strong> 1684*1060мм<br /><strong>Размер упаковки: </strong>2022*363*495мм<br /><strong>Завышение от штатной высоты: </strong>88мм<br /><strong>Расстояние от дна платформы до крыши автомобиля:</strong> 45мм<br /><strong>Вес: </strong>29,1кг<br /><strong>Динамическая грузоподьемность:</strong> 180кг<br /><strong>Статическая грузоподьемность: </strong>380кг<br /><strong>Макcимальный размер диодной балки:</strong> 900мм";https://static.tildacdn.com/stor3865-3030-4536-a465-666464333166/49934420.jpg;113696.00;;;;;74r2oR1V0onfbL1ngN55;;"Land Rover";0;0;0;0;;;;;
378074242902;;A.001.000121,103-006-002-00;;"Багажники>>>Багажники STORM;Багажники";"Багажник экспедиционный STORM для Land Rover Discovery 5 (2017-2024)";;"Легкий и прочный полноразмерный экспедиционный автомобильный багажник из алюминия <strong>STORM </strong>для <strong>Land Rover Discovery 5 (2017-2024) </strong>входит в систему Arcane Warrior для перевозки вещей и установки дополнительного оборудования для кемпинга и автопутешествий.<br /><ul><li data-list=""bullet"">Минимальное завышение от штатной высоты автомобиля</li><li data-list=""bullet"">Удобная сборная конструкция, в комплекте шаблон для сборки</li><li data-list=""bullet"">Специальные пазы для крепежных болтов в поперечинах для закрепления дополнительного оборудования</li><li data-list=""bullet"">Эстетичные и надежные крепления для заводских релингов</li></ul><br /><strong>Характеристики</strong><br /><strong>Размер багажника: </strong>2050*1225*66мм<br /><strong>Размеры погрузочной площадки: </strong>1556*1060мм<br /><strong>Размер упаковки: </strong>2022*363*495мм<br /><strong>Завышение от штатной высоты: </strong>52мм<br /><strong>Расстояние от дна платформы до крыши автомобиля: </strong>65мм<br /><strong>Вес: </strong>25,4кг<br /><strong>Динамическая грузоподьемность:</strong> 160кг<br /><strong>Статическая грузоподьемность: </strong>350кг<br /><strong>Макcимальный размер диодной балки:</strong> 950мм";https://static.tildacdn.com/stor3865-3030-4536-a465-666464333166/49934420.jpg;113696.00;;;;;KBfV3V9FjYSUDgI0EL8R;;"Land Rover";0;0;0;0;;;;;
683060882892;;A.001.000126,103-006-007-00;;"Багажники>>>Багажники STORM;Багажники";"Багажник экспедиционный STORM для Land Rover Discovery Sport (2020-2025)";;"Легкий и прочный полноразмерный экспедиционный автомобильный багажник из алюминия <strong>STORM </strong>для<strong> Land Rover Discovery Sport (2020-2025)</strong> входит в систему Arcane Warrior для перевозки вещей и установки дополнительного оборудования для кемпинга и автопутешествий.<br /><ul><li data-list=""bullet"">Минимальное завышение от штатной высоты автомобиля</li><li data-list=""bullet"">Удобная сборная конструкция, в комплекте шаблон для сборки</li><li data-list=""bullet"">Специальные пазы для крепежных болтов в поперечинах для закрепления дополнительного оборудования</li><li data-list=""bullet"">Эстетичные и надежные крепления для заводских релингов</li></ul><br /><strong>Характеристики</strong><br /><strong>Размер багажника:</strong> 1905*1195*66мм<br /><strong>Размеры погрузочной площадки:</strong> 1408*1030мм<br /><strong>Размер упаковки:</strong> 2022*363*495мм<br /><strong>Завышение от штатной высоты: </strong>20мм<br /><strong>Расстояние от дна платформы до крыши автомобиля:</strong> 23мм<br /><strong>Вес:</strong> 23кг<br /><strong>Динамическая грузоподьемность:</strong> 160кг<br /><strong>Статическая грузоподьемность: </strong>350кг<br /><strong>Макcимальный размер диодной балки:</strong> 950мм";https://static.tildacdn.com/stor3865-3030-4536-a465-666464333166/49934420.jpg;103978.00;;;;;JV3hyU1RdO8iKIDTKx2J;;"Land Rover";0;0;0;0;;;;;
201157971622;;A.001.000021,103-016-003-00;;"Багажники>>>Багажники STORM;Багажники";"Багажник экспедиционный STORM BYD Tang (2018-2024)";;"Легкий и прочный полноразмерный экспедиционный автомобильный багажник из алюминия <strong>STORM </strong>для BYD Tang (2018-2024) входит в систему Arcane Warrior для перевозки вещей и установки дополнительного оборудования для кемпинга и автопутешествий.<br /><ul><li data-list=""bullet"">Минимальное завышение от штатной высоты автомобиля</li><li data-list=""bullet"">Удобная сборная конструкция, в комплекте шаблон для сборки</li><li data-list=""bullet"">Специальные пазы для крепежных болтов в поперечинах для закрепления дополнительного оборудования</li><li data-list=""bullet"">Эстетичные и надежные крепления для заводских релингов</li></ul><br /><strong>Характеристики</strong><br /><strong>Размер багажника: </strong>1675*1116*66мм<br /><strong>Размеры погрузочной площадки: </strong>1179*950мм<br /><strong>Размер упаковки: </strong>1595*360*495мм<br /><strong>Завышение от штатной высоты:</strong> 75мм<br /><strong>Расстояние от дна платформы до крыши автомобиля:</strong> 70мм<br /><strong>Вес: </strong>23,1кг<br /><strong>Динамическая грузоподьемность:</strong> 150кг<br /><strong>Статическая грузоподьемность: </strong>320кг<br /><strong>Макcимальный размер диодной балки:</strong> 850мм";https://static.tildacdn.com/stor3865-3030-4536-a465-666464333166/49934420.jpg;96663.00;;;;;Nz3s5vJKVyJZUGYbrm4B;;BYD;0;0;0;0;;;;;
927603782642;;A.001.000101,103-010-004-00;;"Багажники>>>Багажники STORM;Багажники";"Багажник экспедиционный STORM для BAIC MOTOR BJ40L/BJ40P HEAVY (2014-2024)";;"Легкий и прочный полноразмерный экспедиционный автомобильный багажник из алюминия <strong>STORM </strong>для BAIC MOTOR BJ40L/BJ40P HEAVY (2014-2024) входит в систему Arcane Warrior для перевозки вещей и установки дополнительного оборудования для кемпинга и автопутешествий.<br /><ul><li data-list=""bullet"">Минимальное завышение от штатной высоты автомобиля</li><li data-list=""bullet"">Удобная сборная конструкция, в комплекте шаблон для сборки</li><li data-list=""bullet"">Специальные пазы для крепежных болтов в поперечинах для закрепления дополнительного оборудования</li><li data-list=""bullet"">Эстетичные и надежные крепления для заводских релингов</li></ul><br />Подходит как для 4х дверной, так и для 2х дверной версии.<br /><br /><strong>Характеристики</strong><br /><strong>Размер багажника:</strong> 1682*1410*66мм<br /><strong>Размеры погрузочной площадки:</strong> 1185*1244мм<br /><strong>Размер упаковки:</strong> 1595*360*495мм<br /><strong>Завышение от штатной высоты:</strong> 80мм<br /><strong>Расстояние от дна платформы до крыши автомобиля:</strong> 28мм<br /><strong>Вес: </strong>27,1кг<br /><strong>Динамическая грузоподьемность:</strong> 160кг<br /><strong>Статическая грузоподьемность: </strong>350кг<br /><strong>Макcимальный размер диодной балки: </strong>1100мм";https://static.tildacdn.com/stor3938-6336-4933-b065-383161323738/65064910.jpg;106590.00;;;;;XCVozd2AKi3ZSyK54YTv;;BAIC;0;0;0;0;;;;;
827691893162;;A.001.000102,103-010-005-00;;"Багажники>>>Багажники STORM;Багажники";"Багажник экспедиционный STORM для BAIC MOTOR BJ40 (2024+)";;"Легкий и прочный алюминиевый экспедиционный автомобильный багажник из алюминия <strong>STORM </strong>для <strong>BAIC MOTOR BJ40 (2024+)</strong> входит в систему <strong>Arcane Warrior</strong> для перевозки вещей и установки дополнительного оборудования для кемпинга и автопутешествий.<br /><ul><li data-list=""bullet"">Минимальное завышение от штатной высоты автомобиля</li><li data-list=""bullet"">Удобная сборная конструкция, в комплекте шаблон для сборки</li><li data-list=""bullet"">Специальные пазы для крепежных болтов в поперечинах для закрепления дополнительного оборудования</li><li data-list=""bullet"">Эстетичные и надежные крепления для заводских релингов</li></ul><br /><strong>Характеристики</strong><br /><strong>Размер багажника: </strong>1965*1225*66мм<br /><strong>Размеры погрузочной площадки: </strong>1468*1060мм<br /><strong>Размер упаковки: </strong>1595*360*495мм<br /><strong>Завышение от штатной высоты: </strong>87мм<br /><strong>Расстояние от дна платформы до крыши автомобиля: </strong>95мм<br /><strong>Вес:</strong> 27кг<br /><strong>Динамическая грузоподьемность:</strong> 160кг<br /><strong>Статическая грузоподьемность: </strong>350кг<br /><strong>Макcимальный размер диодной балки: </strong>950мм";https://static.tildacdn.com/stor3938-6336-4933-b065-383161323738/65064910.jpg;106590.00;;;;;zPoHi4Tbxzm4DAKoCSpr;;BAIC;0;0;0;0;;;;;
900811330982;;A.001.000162,103-004-001-00;;"Багажники>>>Багажники STORM;Багажники";"Багажник экспедиционный STORM для HAVAL DARGO (2020-2024)";;"Легкий и прочный полноразмерный экспедиционный автомобильный багажник из алюминия <strong>STORM </strong>для HAVAL DARGO (2020-2024) входит в систему Arcane Warrior для перевозки вещей и установки дополнительного оборудования для кемпинга и автопутешествий.<br /><ul><li data-list=""bullet"">Минимальное завышение от штатной высоты автомобиля</li><li data-list=""bullet"">Удобная сборная конструкция, в комплекте шаблон для сборки</li><li data-list=""bullet"">Специальные пазы для крепежных болтов в поперечинах для закрепления дополнительного оборудования</li><li data-list=""bullet"">Эстетичные и надежные крепления для заводских релингов</li></ul><br /><strong>Характеристики</strong><br /><strong>Размер багажника:</strong> 1519*1165*66мм<br /><strong>Размеры погрузочной площадки:</strong> 1023*1000мм<br /><strong>Размер упаковки:</strong> 1595*360*495мм<br /><strong>Завышение от штатной высоты:</strong> 60мм<br /><strong>Расстояние от дна платформы до крыши автомобиля:</strong> 47мм<br /><strong>Вес:</strong> 21кг<br /><strong>Динамическая грузоподьемность:</strong> 140кг<br /><strong>Статическая грузоподьемность: </strong>300кг<br /><strong>Макcимальный размер диодной балки:</strong> 900мм";https://static.tildacdn.com/stor3938-6336-4933-b065-383161323738/65064910.jpg;86944.00;;;;;MzJseXN5vHLI3inU4VtX;;Haval;0;0;0;0;;;;;
364634895952;;A.001.000128,103-004-004-00;;"Багажники>>>Багажники STORM;Багажники";"Багажник экспедиционный STORM для HAVAL H-DOG (2023-2024)";;"Легкий и прочный полноразмерный экспедиционный автомобильный багажник из алюминия <strong>STORM </strong>для HAVAL H-DOG (2023-2024) входит в систему Arcane Warrior для перевозки вещей и установки дополнительного оборудования для кемпинга и автопутешествий.<br /><ul><li data-list=""bullet"">Минимальное завышение от штатной высоты автомобиля</li><li data-list=""bullet"">Удобная сборная конструкция, в комплекте шаблон для сборки</li><li data-list=""bullet"">Специальные пазы для крепежных болтов в поперечинах для закрепления дополнительного оборудования</li><li data-list=""bullet"">Эстетичные и надежные крепления для заводских релингов</li></ul><br /><strong>Характеристики</strong><br /><strong>Размер багажника:</strong> 1600*1225*66мм<br /><strong>Размеры погрузочной площадки: </strong>1103*1060мм<br /><strong>Размер упаковки: </strong>1595*360*495мм<br /><strong>Завышение от штатной высоты:</strong> 66мм<br /><strong>Расстояние от дна платформы до крыши автомобиля: </strong>51мм<br /><strong>Вес:</strong> 23.8кг<br /><strong>Динамическая грузоподьемность:</strong> 140кг<br /><strong>Статическая грузоподьемность: </strong>300кг<br /><strong>Макcимальный размер диодной балки: </strong>950мм";https://static.tildacdn.com/stor3938-6336-4933-b065-383161323738/65064910.jpg;99484.00;;;;;IOihM10FV4AenuaMoVkc;;Haval;0;0;0;0;;;;;
932069489972;;A.001.000135,103-004-002-00;;"Багажники>>>Багажники STORM;Багажники";"Багажник экспедиционный STORM для HAVAL H9 (2015-2023)";;"Легкий и прочный полноразмерный экспедиционный автомобильный багажник из алюминия <strong>STORM </strong>для <strong>HAVAL H9 (2015-2023)</strong> входит в систему Arcane Warrior для перевозки вещей и установки дополнительного оборудования для кемпинга и автопутешествий.<br /><ul><li data-list=""bullet"">Минимальное завышение от штатной высоты автомобиля</li><li data-list=""bullet"">Удобная сборная конструкция, в комплекте шаблон для сборки</li><li data-list=""bullet"">Специальные пазы для крепежных болтов в поперечинах для закрепления дополнительного оборудования</li><li data-list=""bullet"">Эстетичные и надежные крепления для заводских релингов</li></ul><br /><strong>Характеристики</strong><br /><strong>Размер багажника:</strong> 1739*1165*66мм<br /><strong>Размеры погрузочной площадки: </strong>1242*1000мм<br /><strong>Размер упаковки: </strong>1595*360*495мм<br /><strong>Завышение от штатной высоты: </strong>76мм<br /><strong>Расстояние от дна платформы до крыши автомобиля:</strong> 68мм<br /><strong>Вес: </strong>23.5кг<br /><strong>Динамическая грузоподьемность:</strong> 160кг<br /><strong>Статическая грузоподьемность: </strong>350кг<br /><strong>Макcимальный размер диодной балки: </strong>900мм";https://static.tildacdn.com/stor3739-3338-4661-a263-656565353261/87526228.jpg;99484.00;;;;;KuSmAjIAh7hZ0iY0CkXU;;Haval;0;0;0;0;;;;;
109636378092;;A.001.000018,103-004-007-00;;"Багажники>>>Багажники STORM;Багажники";"Багажник экспедиционный STORM для HAVAL H9 (2024)";;"Легкий и прочный полноразмерный экспедиционный автомобильный багажник из алюминия <strong>STORM </strong>для <strong>HAVAL H9 (2024)</strong> входит в систему Arcane Warrior для перевозки вещей и установки дополнительного оборудования для кемпинга и автопутешествий.<br /><ul><li data-list=""bullet"">Минимальное завышение от штатной высоты автомобиля</li><li data-list=""bullet"">Удобная сборная конструкция, в комплекте шаблон для сборки</li><li data-list=""bullet"">Специальные пазы для крепежных болтов в поперечинах для закрепления дополнительного оборудования</li><li data-list=""bullet"">Эстетичные и надежные крепления для заводских релингов</li></ul><br /><strong>Для установки автомобиль должен быть оборудован продольными релингами</strong><br /><br /><strong>Характеристики</strong><br /><strong>Размер багажника</strong>: 1825*1305*66мм<br /><strong>Размеры погрузочной площадки</strong>: 1328*1139мм<br /><strong>Размер упаковки</strong>: 1595*360*495мм<br /><strong>Завышение от штатной высоты</strong>: 60мм<br /><strong>Расстояние от дна платформы до крыши автомобиля</strong>: 80мм<br /><strong>Вес:</strong> 27.8кг<br /><strong>Динамическая грузоподьемность:</strong> 160кг<br /><strong>Статическая грузоподьемность: </strong>350кг<br /><strong>Макcимальный размер диодной балки: </strong>1000мм";https://static.tildacdn.com/stor3938-6336-4933-b065-383161323738/65064910.jpg;107008.00;;;;;x2IVBzzhuZ7LskuZf2yT;;Haval;0;0;0;0;;;;;
180547124802;;A.001.000129,103-004-005-00;;"Багажники>>>Багажники STORM;Багажники";"Багажник экспедиционный STORM для HAVAL H5 (2023-2024) короткий";;"Легкий и прочный полноразмерный экспедиционный автомобильный багажник из алюминия <strong>STORM </strong>для <strong>HAVAL H5 (2023-2024) </strong>входит в систему Arcane Warrior для перевозки вещей и установки дополнительного оборудования для кемпинга и автопутешествий. Короткая версия на половину крыши автомобиля.<br /><ul><li data-list=""bullet"">Минимальное завышение от штатной высоты автомобиля</li><li data-list=""bullet"">Удобная сборная конструкция, в комплекте шаблон для сборки</li><li data-list=""bullet"">Специальные пазы для крепежных болтов в поперечинах для закрепления дополнительного оборудования</li><li data-list=""bullet"">Эстетичные и надежные крепления для заводских релингов</li></ul><br /><strong>Характеристики</strong><br /><strong>Размер багажника:</strong> 1930*1165*66мм<br /><strong>Размеры погрузочной площадки: </strong>1433*1000мм<br /><strong>Размер упаковки: </strong>2022*363*495мм<br /><strong>Завышение от штатной высоты: </strong>63мм<br /><strong>Расстояние от дна платформы до крыши автомобиля:</strong> 80мм<br /><strong>Вес: </strong>25.9кг<br /><strong>Динамическая грузоподьемность:</strong> 160кг<br /><strong>Статическая грузоподьемность: </strong>350кг<br /><strong>Макcимальный размер диодной балки: </strong>900мм";https://static.tildacdn.com/stor3938-6336-4933-b065-383161323738/65064910.jpg;96976.00;;;;;OU1osX8BH1hSd2YrIx8l;;Haval;0;0;0;0;;;;;
990953032242;;A.001.000017,103-004-006-00;;"Багажники>>>Багажники STORM;Багажники";"Багажник экспедиционный STORM для HAVAL RAPTOR (2023-2024)";;"Легкий и прочный полноразмерный экспедиционный автомобильный багажник из алюминия <strong>STORM </strong>для HAVAL RAPTOR (2023-2024) входит в систему Arcane Warrior для перевозки вещей и установки дополнительного оборудования для кемпинга и автопутешествий.<br /><ul><li data-list=""bullet"">Минимальное завышение от штатной высоты автомобиля</li><li data-list=""bullet"">Удобная сборная конструкция, в комплекте шаблон для сборки</li><li data-list=""bullet"">Специальные пазы для крепежных болтов в поперечинах для закрепления дополнительного оборудования</li><li data-list=""bullet"">Эстетичные и надежные крепления для заводских релингов</li></ul><br /><strong>Характеристики</strong><br /><strong>Размер багажника:</strong> 1825*1305*66мм<br /><strong>Размеры погрузочной площадки: </strong>1328*1139мм<br /><strong>Размер упаковки:</strong> 1595*360*495мм<br /><strong>Завышение от штатной высоты: </strong>85мм<br /><strong>Расстояние от дна платформы до крыши автомобиля:</strong> 100мм<br /><strong>Вес:</strong> 27.8кг<br /><strong>Динамическая грузоподьемность:</strong> 160кг<br /><strong>Статическая грузоподьемность: </strong>350кг<br /><strong>Макcимальный размер диодной балки: </strong>1000мм";https://static.tildacdn.com/stor3938-6336-4933-b065-383161323738/65064910.jpg;99484.00;;;;;BUEjd54MPami7jSN7eMN;;Haval;0;0;0;0;;;;;
836414371582;;A.001.000114,103-005-007-00;;"Багажники>>>Багажники STORM;Багажники";"Багажник экспедиционный STORM для Lexus LX570 (2007-2013)";;"Легкий и прочный полноразмерный экспедиционный автомобильный багажник из алюминия <strong>STORM </strong>для<strong> Lexus LX570 (2007-2013)</strong> входит в систему Arcane Warrior для перевозки вещей и установки дополнительного оборудования для кемпинга и автопутешествий.<br /><ul><li data-list=""bullet"">Минимальное завышение от штатной высоты автомобиля</li><li data-list=""bullet"">Удобная сборная конструкция, в комплекте шаблон для сборки</li><li data-list=""bullet"">Специальные пазы для крепежных болтов в поперечинах для закрепления дополнительного оборудования</li><li data-list=""bullet"">Эстетичные и надежные крепления для заводских релингов</li></ul><br /><strong>Характеристики</strong><br /><strong>Размер багажника: </strong>1515*1151*66мм<br /><strong>Размеры погрузочной площадки: </strong>1018*985мм<br /><strong>Размер упаковки: </strong>1595*360*495мм<br /><strong>Завышение от штатной высоты: </strong>70мм<br /><strong>Расстояние от дна платформы до крыши автомобиля: </strong>90мм<br /><strong>Вес: </strong>26,7кг<br /><strong>Динамическая грузоподьемность:</strong> 150кг<br /><strong>Статическая грузоподьемность: </strong>320кг<br /><strong>Макcимальный размер диодной балки: </strong>1050мм";https://static.tildacdn.com/stor3938-6336-4933-b065-383161323738/65064910.jpg;113696.00;;;;;hlJbvY5CcdMUJsS8jPEa;;Lexus;0;0;0;0;;;;;
884214684712;;A.011.000001,103-000-030-00;;"Багажники>>>Аксессуары к багажникам STORM";"Шумопоглощающий спойлер Noise Cancelling Spoiler (версия 01)";;"Шумопоглощающий спойлер <strong>Arcane Warrior Noise Cancelling Spoiler (версия 01)</strong> для автомобильных багажников серии <strong>STORM</strong><br /><ul><li data-list=""bullet"">Уменьшает шум ветра на крыше, повышает комфорт вождения.</li><li data-list=""bullet"">Устойчив к ультрафиолетовому излучению, не выцветает и не стареет.</li><li data-list=""bullet"">Уникальный трехмерный дизайн.</li><li data-list=""bullet""><strong>Подходит только для багажников серии STORM</strong></li></ul><br /><strong>Подходит для:</strong><br /><ul><li data-list=""bullet"">Jeep Compass, Jeep 22 Commander, jeep Liberty,</li><li data-list=""bullet"">BYD-Tang</li><li data-list=""bullet"">Mitsubishi-Pajero</li></ul><br />Размер изделия:1000*310*95мм<br />Вес продукта: 0.95 кг<br />Размер упаковки: 1102*214*125 мм<br />Толщина основной стенки: 3,0 мм<br />Основной материал корпуса: акрил PMMA<br />Материал кронштейна: PA6 нейлон";https://static.tildacdn.com/stor3434-3839-4766-b532-353939373465/57605747.jpg;6840.00;;;;;d3uk6i9of5XtBYtnHc4L;;;0;0;0;0;;;;;
792943430552;;A.011.000003,103-000-031-00;;"Багажники>>>Аксессуары к багажникам STORM";"Шумопоглощающий спойлер Noise Cancelling Spoiler (версия 03)";;"Шумопоглощающий спойлер <strong>Arcane Warrior Noise Cancelling Spoiler</strong> <strong>(версия 03) </strong>для автомобильных багажников серии <strong>STORM</strong><br /><ul><li data-list=""bullet"">Уменьшает шум ветра на крыше, повышает комфорт вождения.</li><li data-list=""bullet"">Устойчив к ультрафиолетовому излучению, не выцветает и не стареет.</li><li data-list=""bullet"">Уникальный трехмерный дизайн.</li><li data-list=""bullet""><strong>Подходит только для багажников серии STORM</strong></li></ul><br /><strong>Подходит для:</strong><br /><ul><li data-list=""bullet"">Great Wall POER</li><li data-list=""bullet"">Land Rover Discovery 5</li><li data-list=""bullet"">BAIC MOTOR BJ60</li></ul><br />Размер изделия: 1130*340*110 мм<br />Вес продукта: 1.2 кг<br />Размер упаковки: 1102*214*125 мм<br />Толщина основной стенки: 3,0 мм<br />Основной материал корпуса: акрил PMMA<br />Материал кронштейна: PA6 нейлон";https://static.tildacdn.com/stor3434-3839-4766-b532-353939373465/57605747.jpg;6840.00;;;;;z99UvUil5YRhsSoRcRbY;;;0;0;0;0;;;;;
302181891812;;A.012.000015,105-001-002-04;;"Багажники>>>Аксессуары к багажникам STORM";"Кронштейны для маркизы Hardcore Car Сanopy на палатку Ultra Slim Roof Tent Canopy Mounting Bracket";;"Комплект кронштейнов для установки маркизы Hardcore Car canopy на корпус автопалатки Ultra SlimRoof Tent Canopy Mounting Bracket<br /><br /><strong>Размер кронштейна</strong>：150*120*50мм<br /><strong>Размер упаковки</strong>：480*200*100мм<br /><strong>Количество кронштейнов</strong>: 2шт/комплект<br /><strong>Вес</strong>: около 2000 г<br /><strong>Материал</strong>: углеродистая сталь";https://static.tildacdn.com/stor3236-6234-4663-b731-326639396465/44945919.png;5985.00;;;;;BftvvdGlvTAabkovOGei;;;0;0;0;0;;;;;
719422411662;;A.012.000014,105-001-001-05;;"Багажники>>>Аксессуары к багажникам STORM";"Кронштейны для быстрой установки палатки Ultra Slim на багажники серии STORM";;"Комплект кронштейнов для быстрой установки автопалатки Ultra Slim на багажники серии STORM<br /><br /><strong>Размер упаковки</strong>: 480*200*100 мм<br /><strong>Вес</strong>: около 2700г<br /><strong>Процесс</strong>: Штамповка + сварка<br /><strong>Материал</strong>: листовой металл<br /><strong>A размер</strong>: 91 *52 *45 мм Кол-во: 2 шт Вес: 23.5 г<br /><strong>B размер</strong>: 155*72*30мм Кол-во: 2 шт Вес: 36 г<br /><strong>C размер</strong>: 91 *79*45мм Кол-во: 2 Вес: 28 г<br /><strong>D размер</strong>: 155*72*30мм Кол-во: 1 шт Вес: 35 г<br /><strong>E размер</strong>: 155*72*22мм Кол-во: 1 Вес:34.5г";https://static.tildacdn.com/stor6666-6530-4037-b738-313530613838/80637083.png;14440.00;;;;;m42fpj6FasoNKvj060lG;;;0;0;0;0;;;;;
583383901822;"Arcane Warrior";A.001.000099,103-009-002-00;;"Багажники>>>Багажники STORM;Автомобили>>>Pajero;Багажники";"Багажник экспедиционный STORM Mitsubishi Pajero Sport (2019-2022)";;"Легкий и прочный полноразмерный экспедиционный автомобильный багажник из алюминия <strong>STORM </strong>для Mitsubishi Pajero Sport (2019-2022) входит в систему Arcane Warrior для перевозки вещей и установки дополнительного оборудования для кемпинга и автопутешествий.<br /><ul><li data-list=""bullet"">Минимальное завышение от штатной высоты автомобиля</li><li data-list=""bullet"">Удобная сборная конструкция, в комплекте шаблон для сборки</li><li data-list=""bullet"">Специальные пазы для крепежных болтов в поперечинах для закрепления дополнительного оборудования</li><li data-list=""bullet"">Эстетичные и надежные крепления для заводских релингов</li></ul><br /><strong>Для установки автомобиль должен быть оборудован продольными релингами</strong><br /><br /><strong>Характеристики</strong><br /><strong>Размер багажника</strong>: 1705*1116*66мм<br /><strong>Размеры погрузочной площадки</strong>:1208*950мм<br /><strong>Размер упаковки</strong>: 1595*360*495мм<br /><strong>Завышение от штатной высоты</strong>: 70мм<br /><strong>Расстояние от дна платформы до крыши автомобиля</strong>: 68мм<br /><strong>Вес</strong>: 23,2кг<br /><strong>Динамическая грузоподьемность:</strong> 150кг<br /><strong>Статическая грузоподьемность: </strong>320кг<br /><strong>Макcимальный размер диодной балки</strong>: 850мм";https://static.tildacdn.com/stor3938-6336-4933-b065-383161323738/65064910.jpg;96663.00;;;;;NcfNAFmtL0iEckylp9Ty;;Mitsubishi;23;1705;1116;66;;;;;
855596796692;;A.001.000120,103-005-013-00;;"Багажники>>>Багажники STORM;Багажники";"Багажник экспедиционный STORM для Toyota Land Cruiser 300 (2022-2023)";;"Легкий и прочный полноразмерный экспедиционный автомобильный багажник из алюминия <strong>STORM </strong>для <strong>Toyota Land Cruiser 300 2022-2023</strong> входит в систему Arcane Warrior для перевозки вещей и установки дополнительного оборудования для кемпинга и автопутешествий.<br /><ul><li data-list=""bullet"">Минимальное завышение от штатной высоты автомобиля</li><li data-list=""bullet"">Удобная сборная конструкция, в комплекте шаблон для сборки</li><li data-list=""bullet"">Специальные пазы для крепежных болтов в поперечинах для закрепления дополнительного оборудования</li><li data-list=""bullet"">Эстетичные и надежные крепления для заводских релингов</li></ul><br /><strong>Версия для установки на заводские продольные рейлинги </strong><br /><br /><strong>Размер багажника:</strong> 1740*1260*66мм<br /><strong>Размеры погрузочной площадки:</strong> 1243*1099мм<br /><strong>Размер упаковки:</strong> 1595*360*495мм<br /><strong>Завышение от штатной высоты:</strong> 87мм<br /><strong>Расстояние от дна платформы до крыши автомобиля: </strong>98мм<br /><strong>Вес:</strong> 25.2кг<br /><strong>Динамическая грузоподьемность:</strong> 150кг<br /><strong>Статическая грузоподьемность: </strong>320кг<br /><strong>Макcимальный размер диодной балки: </strong>900мм";https://static.tildacdn.com/stor6331-3465-4637-a132-346131613630/89778673.jpg;103978.00;;;;"Способ установки:Для модели с заводскими рейлингами;Для модели без рейлингов";nHGxZ6JNRIHeHYM39sXR;;Toyota;0;0;0;0;;;;;
309251669692;;103-010-001-00;;"Багажники>>>Багажники STORM;Багажники";"Багажник экспедиционный STORM для BAIC MOTOR BJ40L/BJ40P LIGHT (2014-2024)";;"Легкий и прочный полноразмерный экспедиционный автомобильный багажник из алюминия <strong>STORM </strong>для BAIC MOTOR BJ40L/BJ40P LIGHT (2014-2024) входит в систему Arcane Warrior для перевозки вещей и установки дополнительного оборудования для кемпинга и автопутешествий.<br /><ul><li data-list=""bullet"">Минимальное завышение от штатной высоты автомобиля</li><li data-list=""bullet"">Удобная сборная конструкция, в комплекте шаблон для сборки</li><li data-list=""bullet"">Специальные пазы для крепежных болтов в поперечинах для закрепления дополнительного оборудования</li><li data-list=""bullet"">Эстетичные и надежные крепления для заводских релингов</li></ul><br />Подходит как для 4х дверной, так и для 2х дверной версии.<br /><br /><strong>Характеристики</strong><br /><strong>Размер багажника:</strong> 1682*1410*66мм<br /><strong>Размеры погрузочной площадки:</strong> 1185*1244мм<br /><strong>Размер упаковки:</strong> 1595*360*495мм<br /><strong>Завышение от штатной высоты:</strong> 80мм<br /><strong>Расстояние от дна платформы до крыши автомобиля:</strong> 28мм<br /><strong>Вес: </strong>27,1кг<br /><strong>Динамическая грузоподьемность:</strong> 160кг<br /><strong>Статическая грузоподьемность: </strong>350кг<br /><strong>Макcимальный размер диодной балки: </strong>1100мм";https://static.tildacdn.com/stor3938-6336-4933-b065-383161323738/65064910.jpg;99484.00;;;;;2g6HtCPbHjdmtIysy6XL;;BAIC;0;0;0;0;;;;;
247658660932;"Arcane Warrior";A.038.000001,101-006-001-00;;Сумки;"Водонепроницаемая сумка-органайзер TIDE1000 Tide Waterproof Organizer Bag";;"Водонепроницаемая сумка-органайзер <strong>TIDE1000 Tide Outdoor Waterproof Organizer Bag</strong><br />Серия <strong>TIDE</strong> устанавливает новый стандарт влагозащиты:<br />Сумка имеет класс герметичности <strong>IPX8</strong>, что гарантирует полную защиту содержимого даже при сильном дожде и кратковременном полном погружении в воду.";https://static.tildacdn.com/stor3130-3932-4737-a664-383634616333/34871425.jpg;20425.00;;;;;H50y3XX2K6VTIHcHfKna;;;1400;800;360;390;;;;;
755369088522;;A.001.000480,103-012-004-00;;"Багажники>>>Багажники STORM;Багажники";"Багажник экспедиционный STORM для FORD Bronco (длинный)";;"Легкий и прочный полноразмерный экспедиционный автомобильный багажник из алюминия <strong>STORM </strong>для <strong>FORD Bronco (длинный) </strong>входит в систему Arcane Warrior для перевозки вещей и установки дополнительного оборудования для кемпинга и автопутешествий.<br /><ul><li data-list=""bullet"">Минимальное завышение от штатной высоты автомобиля</li><li data-list=""bullet"">Удобная сборная конструкция, в комплекте шаблон для сборки</li><li data-list=""bullet"">Специальные пазы для крепежных болтов в поперечинах для закрепления дополнительного оборудования</li></ul><br /><strong>Характеристики</strong><br /><strong>Размер багажника:</strong> 2480*1305*66мм<br /><strong>Размеры погрузочной площадки:</strong> 1983*1139мм<br /><strong>Размер упаковки:</strong> 2022*363*495мм<br /><strong>Завышение от штатной высоты: </strong>74мм<br /><strong>Расстояние от дна платформы до крыши автомобиля:</strong> 58мм<br /><strong>Вес:</strong> 33,1кг<br /><strong>Динамическая грузоподьемность:</strong> 180кг<br /><strong>Статическая грузоподьемность: </strong>380кг<br /><strong>Макcимальный размер диодной балки: </strong>1000мм""";https://static.tildacdn.com/stor3865-3030-4536-a465-666464333166/49934420.jpg;141911.00;;;;;VT866eMi1sJSn9brbJSt;;Ford;0;0;0;0;;;;;
903115724642;;103-039-001-00;;"Багажники>>>Багажники STORM;Багажники";"Багажник экспедиционный STORM для Lexus GX 550 2024";;"Легкий и прочный полноразмерный экспедиционный автомобильный багажник из алюминия <strong>STORM </strong>для Lexus GX 550 2024 входит в систему Arcane Warrior для перевозки вещей и установки дополнительного оборудования для кемпинга и автопутешествий.<br /><ul><li data-list=""bullet"">Минимальное завышение от штатной высоты автомобиля</li><li data-list=""bullet"">Удобная сборная конструкция, в комплекте шаблон для сборки</li><li data-list=""bullet"">Специальные пазы для крепежных болтов в поперечинах для закрепления дополнительного оборудования</li><li data-list=""bullet"">Эстетичные и надежные крепления для заводских релингов</li></ul><br /><strong>Для установки автомобиль должен быть оборудован продольными релингами</strong><br /><br /><strong>Характеристики</strong><br /><strong>Размер багажника:</strong> 1855*1195*66мм<br /><strong>Размеры погрузочной площадки: </strong>1358*1030мм<br /><strong>Размер упаковки: </strong>2022*363*495мм<br /><strong>Завышение от штатной высоты:</strong> 80мм<br /><strong>Расстояние от дна платформы до крыши автомобиля:</strong> 85мм<br /><strong>Вес: </strong>25.7кг<br /><strong>Динамическая грузоподьемность:</strong> 160кг<br /><strong>Статическая грузоподьемность: </strong>350кг<br /><strong>Макcимальный размер диодной балки: </strong>900мм";https://static.tildacdn.com/stor3938-6336-4933-b065-383161323738/65064910.jpg;149435.00;;;;;2BPbsvm4EVc2jkUymzjL;;Lexus;0;0;0;0;;;;;
959526970852;;A.001.000087,103-022-001-00;;"Багажники>>>Багажники STORM;Багажники";"Багажник экспедиционный STORM для Volkswagen Teramont 2017-2026";;"Легкий и прочный полноразмерный экспедиционный автомобильный багажник из алюминия <strong>STORM </strong>для <strong>Volkswagen Teramont 2017-2026</strong> входит в систему Arcane Warrior для перевозки вещей и установки дополнительного оборудования для кемпинга и автопутешествий.<br /><ul><li data-list=""bullet"">Минимальное завышение от штатной высоты автомобиля</li><li data-list=""bullet"">Удобная сборная конструкция, в комплекте шаблон для сборки</li><li data-list=""bullet"">Специальные пазы для крепежных болтов в поперечинах для закрепления дополнительного оборудования</li><li data-list=""bullet"">Эстетичные и надежные крепления для заводских релингов</li></ul><br /><strong>Для установки автомобиль должен быть оборудован продольными релингами</strong><br /><br /><strong>Характеристики</strong><br /><strong>Размер багажника:</strong> 1730*1165*66мм<br /><strong>Размеры погрузочной площадки: </strong>1233*1000мм<br /><strong>Размер упаковки:</strong> 1595*360*495мм<br /><strong>Завышение от штатной высоты:</strong> 96мм<br /><strong>Расстояние от дна платформы до крыши автомобиля:</strong> 82мм<br /><strong>Вес: </strong>23.7кг<br /><strong>Динамическая грузоподьемность:</strong> 150кг<br /><strong>Статическая грузоподьемность: </strong>320кг<br /><strong>Макcимальный размер диодной балки: </strong>900мм";https://static.tildacdn.com/stor6331-3465-4637-a132-346131613630/89778673.jpg;106904.00;;;;"Способ установки:Для модели с заводскими рейлингами;Для модели без рейлингов";UG5igpNSTUpbgEomPa20;;Volkswagen;0;0;0;0;;;;;
706913122332;;103-022-009-00,A.001.000095;"Скидка 20%";"Багажники>>>Багажники STORM;Багажники;Скидки и распродажи";"Багажник экспедиционный STORM для Volkswagen Multivan 2008-2019";;"Легкий и прочный полноразмерный экспедиционный автомобильный багажник из алюминия <strong>STORM </strong>для <strong>Volkswagen Multivan 2008-2019</strong> входит в систему Arcane Warrior для перевозки вещей и установки дополнительного оборудования для кемпинга и автопутешествий.<br /><ul><li data-list=""bullet"">Минимальное завышение от штатной высоты автомобиля.</li><li data-list=""bullet"">Удобная сборная конструкция, в комплекте шаблон для сборки.</li><li data-list=""bullet"">Специальные пазы для крепежных болтов в поперечинах для закрепления дополнительного оборудования.</li><li data-list=""bullet"">Эстетичные и надежные крепления.</li></ul><br /><strong>Для установки в штатные заводские крепления на крыше.</strong>";https://static.tildacdn.com/stor3733-6137-4064-a665-613065356264/2ed92a38db6e420f8a934c85bf8a8983.jpg;90500.00;;124460;;;4opCDy9dKEe8jMKIYzXT;;Volkswagen;0;0;0;0;;;;;
141825582772;;A.001.000091,103-022-005-00;"Скидка 20%";"Багажники>>>Багажники STORM;Багажники;Скидки и распродажи";"Багажник экспедиционный STORM для Volkswagen Caravelle 2014-2019 T5";;"Легкий и прочный полноразмерный экспедиционный автомобильный багажник из алюминия <strong>STORM </strong>для <strong>Volkswagen Caravelle 2014-2019 T5</strong> входит в систему Arcane Warrior для перевозки вещей и установки дополнительного оборудования для кемпинга и автопутешествий.<br /><ul><li data-list=""bullet"">Минимальное завышение от штатной высоты автомобиля</li><li data-list=""bullet"">Удобная сборная конструкция, в комплекте шаблон для сборки</li><li data-list=""bullet"">Специальные пазы для крепежных болтов в поперечинах для закрепления дополнительного оборудования</li><li data-list=""bullet"">Эстетичные и надежные крепления</li></ul><br /><strong>Для установки в штатные заводские крепления на крыше</strong>";https://static.tildacdn.com/stor3733-6137-4064-a665-613065356264/2ed92a38db6e420f8a934c85bf8a8983.jpg;90500.00;;124460;;;jjsG0BI2KX3UZtedvloC;;Volkswagen;0;0;0;0;;;;;
664493754972;;A.001.000063,103-036-001-00;;"Багажники>>>Багажники STORM;Багажники";"Багажник экспедиционный STORM для Mercedes GLE 2020-2024";;"Легкий и прочный полноразмерный экспедиционный автомобильный багажник из алюминия <strong>STORM </strong>для Mercedes-Benz GLE 2020-2024 входит в систему Arcane Warrior для перевозки вещей и установки дополнительного оборудования для кемпинга и автопутешествий.<br /><ul><li data-list=""bullet"">Минимальное завышение от штатной высоты автомобиля</li><li data-list=""bullet"">Удобная сборная конструкция, в комплекте шаблон для сборки</li><li data-list=""bullet"">Специальные пазы для крепежных болтов в поперечинах для закрепления дополнительного оборудования</li><li data-list=""bullet"">Эстетичные и надежные крепления для заводских релингов</li></ul><br /><strong>Версия для установки на заводские релинги </strong><br /><br /><strong>Характеристики</strong><br /><strong>Размер багажника: </strong>1690*1225*66мм<br /><strong>Размеры погрузочной площадки: </strong>1193*1060мм<br /><strong>Размер упаковки: </strong>1595*360*495мм<br /><strong>Завышение от штатной высоты: </strong>85мм<br /><strong>Расстояние от дна платформы до крыши автомобиля: </strong>85мм<br /><strong>Вес: </strong>24.4кг<br /><strong>Динамическая грузоподьемность:</strong> 150кг<br /><strong>Статическая грузоподьемность: </strong>320кг<br /><strong>Макcимальный размер диодной балки: </strong>900мм";https://static.tildacdn.com/stor6331-3465-4637-a132-346131613630/89778673.jpg;99484.00;;;;"Способ установки:Для модели с заводскими рейлингами;Для модели без рейлингов";45Zc9e01TI4z79NEsrTx;;Mercedes;0;0;0;0;;;;;
642687738612;;;;"Лестницы;Автомобили>>>LC250;Лестницы>>>Лестницы для STORM;Лестницы>>>Лестницы Crossing";"Боковая лестница CROSSING Ladder для Toyota Prado 250/Lexus GX 550 2024";;"Прочная, удобная и стильная раскладная алюминиевая лестница <strong>Arcane Warrior CROSSING Ladder</strong> для <strong>Toyota Prado 250/Lexus GX 550 2024+</strong><br /><ul><li data-list=""bullet"">Быстрое и легкое раскладывание и складывание</li><li data-list=""bullet"">Удобный доступ к оборудованию и вещам на багажнике</li><li data-list=""bullet"">Стильный и брутальный вид</li><li data-list=""bullet"">Двухточечная блокировка</li><li data-list=""bullet"">Многоточечная фиксация, более стабильный размер</li><li data-list=""bullet"">Трехступенчатое открытие и закрытие, более удобное в использовании</li></ul><br /><strong>Выпускается в двух вариантах:</strong><br /><strong>STD - для установки на автомобиль без заводских рейлингов</strong><br /><strong>OPT - для установки на автомобиль c заводскими рейлингами</strong><br /><br /><strong>Характеристики</strong><br /><strong>Закрытый размер:</strong> 651*500*140мм<br /><strong>Открытый размер:</strong> 1075*500*140мм<br /><strong>Вес:</strong>12кг<br /><strong>Материал: </strong>алюминий<br /><strong>Нагрузка:</strong>150кг";https://static.tildacdn.com/stor3731-6462-4439-b530-393633646163/89855094.jpg;;;;;;15coGNRk88BPTujftEXC;;Toyota;0;0;0;0;;;;;
131588656432;;103-008-049-00;;;"Боковая лестница CROSSING Ladder для Toyota Prado 250/Lexus GX 550 2024 - Без заводских рейлингов";;;;66500.00;;;"Вариант установки:Без заводских рейлингов";;RBie3DJCtBEX0EckMfML;642687738612;;0;0;0;0;;;;;
795065690762;;103-008-050-00;;;"Боковая лестница CROSSING Ladder для Toyota Prado 250/Lexus GX 550 2024 - С заводскими рейлингами";;;;66500.00;;;"Вариант установки:С заводскими рейлингами";;PleRhi3oM0FTHj81Tmbj;642687738612;;0;0;0;0;;;;;
466543498032;;;;"Боковые боксы;Автомобили>>>LC250;Боковые боксы>>>Боковые боксы STORM;Хранение";"Боковой бокс STORM для Toyota Prado 250/Lexus GX 550 2024+";;"Боковой бокс STORM Side-mounted Storage Box для <strong>Toyota Prado 250/Lexus GX 550 2024+</strong><br />Оборудован внутренней подсветкой, замком и гидроупорами. Предназначен для размещения вещей и оборудования<br /><br /><strong>Выпускается две версии: </strong><br /><ul><li data-list=""bullet""><strong>OPT - для установки на багажник под заводские рейлинги</strong></li><li data-list=""bullet""><strong>STD - для установки на багажник без рейлингов.</strong></li></ul><br /><strong>Комплектация</strong><br /><ul><li data-list=""bullet"">Бокс</li><li data-list=""bullet"">Кронштейны крепления бокса к багажнику</li><li data-list=""bullet"">Светодиодный фонарь подсветки с кабелем зарядки USB</li></ul><br /><strong>Размеры:</strong> 636*437*162мм<br /><strong>Объем: </strong>15л<br /><strong>Вес:</strong> около 10кг<br /><strong>Материал: </strong>PA+15%GF, PC+ASA, zinc alloy, PA";https://static.tildacdn.com/stor6463-3330-4862-b833-393933643963/48381322.png;;;;;;Ka0Prdg4h8K00YxsS6r0;;Toyota;0;0;0;0;;;;;
629000972722;;103-037-041-00-1;;;"Боковой бокс STORM для Toyota Prado 250/Lexus GX 550 2024+ - С заводскими рейлингами";;;;63840.00;;;"Вариант установки:С заводскими рейлингами";;v2yVJO6nJ47XzgVro46d;466543498032;;0;0;0;0;;;;;
356531860152;;103-037-056-00;;;"Боковой бокс STORM для Toyota Prado 250/Lexus GX 550 2024+ - Без заводских рейлингов";;;;63840.00;;;"Вариант установки:Без заводских рейлингов";;etUIaXrf47ClDalHf0Hm;466543498032;;0;0;0;0;;;;;
730591391152;;002.000001.01,103-037-001-01;;"Боковые боксы;Боковые боксы>>>Боковые боксы STORM;Хранение";"Универсальный боковой бокс STORM Side-mounted Storage Box (без кронштейнов)";;"Боковой бокс <strong>Arcane Warrior STORM </strong>без кронштейнов в комплекте<strong>. </strong>Оборудован внутренней подсветкой, замком и гидроупорами. Предназначен для размещения вещей и оборудования<br /><br /><strong>КОМПЛЕКТАЦИЯ:</strong><br /><ul><li data-list=""bullet"">Бокс</li><li data-list=""bullet"">Светодиодный фонарь подсветки с кабелем зарядки USB</li></ul><br /><strong>В комплекте нет кронштейнов для крепления. Их нужно приобретать отдельно под каждый автомобиль. Есть кронштейны для: Leopard 5, Tank 300/400/500/700, Ford Bronco, Wrangler JK/JL, Haval H9, New Haval H5, Raptor, Haval Dargo.</strong><br /><br /><strong>Размеры:</strong> 636*437*162мм<br /><strong>Объем: </strong>15л<br /><strong>Вес:</strong> около 10кг<br /><strong>Материал: </strong>PA+15%GF, PC+ASA, zinc alloy, PA";https://static.tildacdn.com/stor6463-3330-4862-b833-393933643963/48381322.png;50825.00;;;;;FfZAsfA9TvNUZSMpz8EU;;"Tank;Haval;Formula;Ford;Jeep";0;0;0;0;;;;;
423321940152;;A.002.000041,103-037-051-00;;"Боковые боксы;Боковые боксы>>>Аксессуары к боковым боксам;Боковые боксы>>>Боковые боксы STORM;Хранение";"Молле-панель для крышки бокового бокса STORM";;"Дополнительная молле-панель для установки на крышку бокового бокса.<br /><br />Материал: алюминиевый сплав 6063";https://static.tildacdn.com/stor6334-6531-4664-a531-393439323733/41933851.png;4275.00;;;;;x026AOVRvYSE6XXSsssl;;;0;0;0;0;;;;;
259144847532;;;;"Боковые боксы;Автомобили>>>LC250;Боковые боксы>>>Боковые боксы STORM;Хранение";"Боковой бокс STORM PRO для Toyota Prado 250 2024+";;"Боковой бокс <strong>Arcane Warrior STORM PRO</strong> для <strong>Toyota Prado 250 2024+. </strong><br />Оборудован внутренней подсветкой, замком и гидроупорами.<br />Предназначен для размещения вещей и оборудования.<br /><br /><strong>Комплектация</strong><br /><ul><li data-list=""bullet"">Основная Molle панель (для установки бокса, также может использоваться отдельно)</li><li data-list=""bullet"">Бокс</li><li data-list=""bullet"">Кронштейны крепления бокса к багажнику</li><li data-list=""bullet"">Светодиодный фонарь подсветки с кабелем зарядки USB</li></ul><br /><strong>Выпускается в двух версиях:</strong><br /><ul><li data-list=""bullet"">OPT - Версия для установки на багажник под заводские релинги.</li><li data-list=""bullet"">STD - Версия для установки на багажник без заводских релингов.</li></ul><br /><strong>Размеры:</strong> 636*437*162мм<br /><strong>Объем: </strong>15л<br /><strong>Вес:</strong> около 10кг<br /><strong>Материал: </strong>PA+15%GF, PC+ASA, zinc alloy, PA";https://static.tildacdn.com/stor6465-6532-4761-b961-656163393731/21938120.png;;;;;;AvlT1fsEVol21MLjD7kb;;Toyota;0;0;0;0;;;;;
765446258982;;103-037-043-00-1;;;"Боковой бокс STORM PRO для Toyota Prado 250 2024+ - С заводскими рейлингами";;;;78090.00;;;"Вариант установки:С заводскими рейлингами";;kxyLGrHFOIoCbBhkA0bK;259144847532;;0;0;0;0;;;;;
886746208062;;103-037-057-00;;;"Боковой бокс STORM PRO для Toyota Prado 250 2024+ - Без заводских рейлингов";;;;78090.00;;;"Вариант установки:Без заводских рейлингов";;LRGGPUN2se75YUl9c9iF;259144847532;;0;0;0;0;;;;;
124502354512;;002.000001.002.000003,03,103-037-001-01,103-037-00;;"Боковые боксы;Боковые боксы>>>Боковые боксы STORM;Хранение";"Универсальный боковой бокс STORM Side-mounted Storage Box PRO";;"Боковой бокс <strong>Arcane Warrior STORM PRO. </strong><br />Оборудован внутренней подсветкой, замком и гидроупорами<br />Предназначен для размещения вещей и оборудования<br /><strong>Только бокс с molle-панелью, кронштейны отдельно под автомобиль</strong><br /><br /><strong>Комплектация</strong><br /><ul><li data-list=""bullet"">Боковой бокс (артикул 103-037-001-01 или 002.000001)</li><li data-list=""bullet"">Основная molle-панель (артикул 103-037-001-03 или 002.000003, для установки бокса, также может использоваться отдельно)</li><li data-list=""bullet"">Светодиодный фонарь подсветки с кабелем зарядки USB</li></ul><br /><strong>Размеры:</strong> 636*437*162мм<br /><strong>Объем: </strong>15л<br /><strong>Вес:</strong> около 10кг<br /><strong>Материал: </strong>PA+15%GF, PC+ASA, zinc alloy, PA<br /><br />Подходит для:; <strong>Formula Leopard 5, Tank 300/400/500/700, Ford Bronco, Wrangler JK/JL, Haval H9, New Haval H5, Raptor, Haval Dargo</strong>";https://static.tildacdn.com/stor6465-6532-4761-b961-656163393731/21938120.png;66215.00;;;;;yFKPmAiNVHtb0PH8U5oy;;"Tank;Haval;Formula;Ford;Jeep";0;0;0;0;;;;;
946749797042;;A.001.000001,103-031-003-00;;"Багажники>>>Багажники STORM;Багажники;Автомобили>>>Leopard 8";"Багажник экспедиционный STORM для BYD FangChengBao Leopard 8 2024+ (длинный)";;"Легкий и прочный полноразмерный экспедиционный автомобильный багажник из алюминия <strong>STORM </strong>для BYD FangChengBao Leopard 8 2024+ (длинный) входит в систему Arcane Warrior для перевозки вещей и установки дополнительного оборудования для кемпинга и автопутешествий.<br /><ul><li data-list=""bullet"">Минимальное завышение от штатной высоты автомобиля</li><li data-list=""bullet"">Удобная сборная конструкция, в комплекте шаблон для сборки</li><li data-list=""bullet"">Специальные пазы для крепежных болтов в поперечинах для закрепления дополнительного оборудования</li><li data-list=""bullet"">Эстетичные и надежные крепления для заводских релингов</li></ul><br />Для установки автомобиль должен быть оборудован продольными релингами<br /><br /><strong>Характеристики</strong><br /><strong>Размеры багажника: </strong>2030*1225*66мм<br /><strong>Размеры погрузочной площадки: </strong>1533*1060mm<br /><strong>Упаковочные размеры:</strong> 2022*363*495мм<br /><strong>Завышение от штатной высоты: </strong>65мм<br /><strong>Расстояние от дна платформы до крыши: </strong>65мм<br /><strong>Вес: </strong>22.8кг<br /><strong>Динамическая#nbsp;грузоподьемность: </strong>140кг<br /><strong>Статическая грузоподьемность:</strong> 300кг<br /><strong>Макcимальный размер диодной балки: </strong>до 1000мм";https://static.tildacdn.com/stor3162-6337-4539-b330-653232383734/c76a6025a2d17a93b5b96f8a686078c7.jpg;106904.00;;;;;f858vADaXMcDt1Lj203j;;BYD;0;0;0;0;;;;;
998741721772;;A.001.000033,103-001-012-00;;"Багажники>>>Багажники STORM;Багажники";"Багажник экспедиционный STORM для Jeep Wrangler JK (2007-2017) (короткий/усиленная версия)";;"Легкий и прочный полноразмерный экспедиционный автомобильный багажник из алюминия <strong>STORM </strong>для <strong>Jeep Wrangler JK 2007-2017</strong> (короткий, усиленная версия) входит в систему Arcane Warrior для перевозки вещей и установки дополнительного оборудования для кемпинга и автопутешествий.<br /><ul><li data-list=""bullet"">Минимальное завышение от штатной высоты автомобиля</li><li data-list=""bullet"">Удобная сборная конструкция, в комплекте шаблон для сборки</li><li data-list=""bullet"">Специальные пазы для крепежных болтов в поперечинах для закрепления дополнительного оборудования</li><li data-list=""bullet"">Эстетичные и надежные крепления для заводских релингов</li><li data-list=""bullet"">Подходит для активного использования на бездорожье</li></ul><br /><strong>Характеристики</strong><br /><strong>Размеры багажника:</strong> 1682*1410*66мм<br /><strong>Размеры погрузочной площадки:</strong> 1186*1244mm<br /><strong>Упаковочные размеры: </strong>1595*360*495мм<br /><strong>Завышение от штатной высоты:</strong> 90мм<br /><strong>Расстояние от дна платформы до крыши: </strong>29мм<br /><strong>Вес: </strong>27.1кг<br /><strong>Динамическая грузоподьемность: </strong>160кг<br /><strong>Статическая грузоподьемность: </strong>350кг<br /><strong>Макcимальный размер диодной балки:</strong> до 1100мм";https://static.tildacdn.com/stor3938-6336-4933-b065-383161323738/65064910.jpg;106904.00;;;;;7J5jOev3C3PgtuPyYd9M;;Jeep;0;0;0;0;;;;;
159132317092;;A.001.000034,103-001-013-00;;"Багажники>>>Багажники STORM;Багажники";"Багажник экспедиционный STORM для Jeep Wrangler JK 2007-2017 (длинный/усиленная версия)";;"Легкий и прочный полноразмерный экспедиционный автомобильный багажник из алюминия <strong>STORM </strong>для <strong>Jeep Wrangler JK 2007-2017 </strong>(длинный, усиленная версия) входит в систему Arcane Warrior для перевозки вещей и установки дополнительного оборудования для кемпинга и автопутешествий.<br /><ul><li data-list=""bullet"">Минимальное завышение от штатной высоты автомобиля</li><li data-list=""bullet"">Удобная сборная конструкция, в комплекте шаблон для сборки</li><li data-list=""bullet"">Специальные пазы для крепежных болтов в поперечинах для закрепления дополнительного оборудования</li><li data-list=""bullet"">Эстетичные и надежные крепления для заводских релингов</li><li data-list=""bullet"">Подходит для активного использования на бездорожье</li></ul><br /><strong>Характеристики</strong><br /><strong>Размер багажника:</strong> 2182*1410*66 мм<br /><strong>Размер погрузочной платформы:</strong> 1686*1244 мм<br /><strong>Размер упаковки: </strong>2022*363*495 мм<br /><strong>Завышение от штатной высоты:</strong> 90 мм<br /><strong>Расстояние от дна платформы до крыши автомобиля: </strong>58 мм<br /><strong>Вес: </strong>32.7 кг<br /><strong>Динамическая грузоподъемность: </strong>180 кг<br /><strong>Статическая грузоподьемность:</strong> 380кг<br /><strong>Макcимальный размер диодной балки:</strong> 1100 мм";https://static.tildacdn.com/stor3938-6336-4933-b065-383161323738/65064910.jpg;131879.00;;;;;EI6Pt5T0CyU7gaVAdl2r;;Jeep;0;0;0;0;;;;;
419714000682;;001.000034.02;;"Багажники>>>Аксессуары к багажникам STORM";"Дополнительные кронштейны багажника Jeep Wrangler JL (усиленная версия)";;"Пара дополнительных кронштейнов багажника для Jeep Wrangler JL, подходят только для усиленных версий багажников серии STORM";https://static.tildacdn.com/stor3864-6261-4065-b130-616434653731/48178413.jpg;18525.00;;;;;OMjrVeEijVRooG6jCgVr;;Jeep;0;0;0;0;;;;;
996561862232;;-----;;"Багажники>>>Аксессуары к багажникам STORM";"Комплект кронштейнов под универсальную боковую лестницу STORM Crossing Ladder";;"Комплект кронштейнов под универсальную боковую лестницу STORM Crossing Ladder. Подходит для Tank 300 / Toyota Prado / Haval H9 / Formula Leopard 5 /Leopard 8/ Ford Bronco";https://static.tildacdn.com/stor6337-3863-4863-b163-656430623835/70950356.jpg;18525.00;;;;;f72HMRzraUvF6ByPLvYr;;;0;0;0;0;;;;;
839760007302;;A.001.000022,103-030-001-00;;"Багажники>>>Багажники STORM;Автомобили>>>Jetour T2;Багажники";"Багажник экспедиционный STORM для Jetour T2 (2024+)";;"Легкий и прочный полноразмерный экспедиционный автомобильный багажник из алюминия <strong>STORM </strong>для Jetour T2 (2024+) входит в систему Arcane Warrior для перевозки вещей и установки дополнительного оборудования для кемпинга и автопутешествий.<br /><ul><li data-list=""bullet"">Минимальное завышение от штатной высоты автомобиля</li><li data-list=""bullet"">Удобная сборная конструкция, в комплекте шаблон для сборки</li><li data-list=""bullet"">Специальные пазы для крепежных болтов в поперечинах для закрепления дополнительного оборудования</li><li data-list=""bullet"">Эстетичные и надежные крепления для заводских релингов</li></ul><br /><strong>Для установки автомобиль должен быть оборудован продольными релингами</strong><br /><br /><strong>Характеристики</strong><br /><strong>Размеры багажника:</strong> 1850*1225*66мм<br /><strong>Размеры погрузочной площадки: </strong>1353*1060mm<br /><strong>Упаковочные размеры:</strong> 1595*360*495мм<br /><strong>Завышение от штатной высоты: </strong>88мм<br /><strong>Расстояние от дна платформы до крыши: </strong>105мм<br /><strong>Вес: </strong>24.9 кг<br /><strong>Динамическая грузоподьемность: </strong>150кг<br /><strong>Статическая грузоподьемность:</strong> 320кг<br /><strong>Макcимальный размер диодной балки:</strong> до 950мм";https://static.tildacdn.com/stor3938-6336-4933-b065-383161323738/65064910.jpg;99484.00;;;;;ysjxkxHeoMuDISiRjoYt;;Jetour;0;0;0;0;;;;;
201826822602;"Arcane Warrior";A.001.000141,104-001-009-00;;"Багажники для пикапов";"Алюминиевая платформа для багажной системы ULTRA RIDGE";;"Алюминиевая платформа предназначена для установки на багажную систему ULTRA RIDGE <br />Платформа позволяет разместить над кузовом пикапа различное экспедиционное оборудование";https://static.tildacdn.com/stor6439-6566-4231-a233-323636623562/86920206.png;67735.00;;;;;5Mh153LYZvp363x1fifx;;"BAW;Changan;Ford;Great Wall;Great Wall;Jeep;RAM;Toyota;Mitsubishi;Isuzu";0;0;0;0;;;;;
851438659732;;;;"Лестницы;Автомобили>>>LC250;Автомобили>>>Tank 500;Автомобили>>>Tank 700;Автомобили>>>Jetour T2;Автомобили>>>Leopard 8;Автомобили>>>Leopard 5;Лестницы>>>Лестницы для STORM;Лестницы>>>Лестницы Crossing";"Комплект кронштейнов под универсальную боковую лестницу CROSSING Ladder";;;https://static.tildacdn.com/stor3039-3134-4430-b161-303538623164/27967196.jpg;;;;;;SOLPXHZdflFAJIzf7lJA;;BAW;0;0;0;0;;;;;
715875250472;;103-008-051-01;;;"Комплект кронштейнов под универсальную боковую лестницу CROSSING Ladder - Для Jeep Wrangler JL";;;;18525.00;;;"Модель автомобиля:Для Jeep Wrangler JL";;js28Vb0ER0puvlX3DOeK;851438659732;;0;0;0;0;;;;;
428980942602;;103-008-053-01;;;"Комплект кронштейнов под универсальную боковую лестницу CROSSING Ladder - Для Jeep Wrangler JK";;;;18525.00;;;"Модель автомобиля:Для Jeep Wrangler JK";;8hhkV7OYzbKNYDaHTt4G;851438659732;;0;0;0;0;;;;;
590223150162;;103-008-047-01;;;"Комплект кронштейнов под универсальную боковую лестницу CROSSING Ladder - Для BYD Formula Leopard 8";;;;18525.00;;;"Модель автомобиля:Для BYD Formula Leopard 8";;7JVJsRDbNsvHCudvSGNP;851438659732;;0;0;0;0;;;;;
556779869062;;103-008-048-05;;;"Комплект кронштейнов под универсальную боковую лестницу CROSSING Ladder - Для BYD Formula Leopard 5";;;;18525.00;;;"Модель автомобиля:Для BYD Formula Leopard 5";;MpLrtSOPOVcLUB5Go9dy;851438659732;;0;0;0;0;;;;;
258894574982;;103-008-041-01;;;"Комплект кронштейнов под универсальную боковую лестницу CROSSING Ladder - Для TANK300";;;;18525.00;;;"Модель автомобиля:Для TANK300";;lzrxMFS2XYsbm4M86mVK;851438659732;;0;0;0;0;;;;;
193182769692;;103-008-043-01;;;"Комплект кронштейнов под универсальную боковую лестницу CROSSING Ladder - Для TANK500";;;;18525.00;;;"Модель автомобиля:Для TANK500";;ezhrJe141TZM8n9imkGS;851438659732;;0;0;0;0;;;;;
226413218622;;103-008-042-01;;;"Комплект кронштейнов под универсальную боковую лестницу CROSSING Ladder - Для TANK400";;;;18525.00;;;"Модель автомобиля:Для TANK400";;iyUbAzyNBIaoc1GU2n6O;851438659732;;0;0;0;0;;;;;
971154112992;;103-008-044-01;;;"Комплект кронштейнов под универсальную боковую лестницу CROSSING Ladder - Для TANK700";;;;18525.00;;;"Модель автомобиля:Для TANK700";;o4ynP9TvbBf02BNUs21K;851438659732;;0;0;0;0;;;;;
304076187122;;103-008-045-01;;;"Комплект кронштейнов под универсальную боковую лестницу CROSSING Ladder - Для FORD BRONCO";;;;18525.00;;;"Модель автомобиля:Для FORD BRONCO";;DbGk8vc5gP4bvdfAEuJR;851438659732;;0;0;0;0;;;;;
895364895322;;103-008-054-01;;;"Комплект кронштейнов под универсальную боковую лестницу CROSSING Ladder - Для LR Defender 110 и 130";;;;18525.00;;;"Модель автомобиля:Для LR Defender 110 и 130";;G2EojC3IRPoBOVdPtYT8;851438659732;;0;0;0;0;;;;;
801615473852;;103-008-055-01;;;"Комплект кронштейнов под универсальную боковую лестницу CROSSING Ladder - Для LR Defender 90";;;;18525.00;;;"Модель автомобиля:Для LR Defender 90";;UBjAfxupjyRCl5suKLC3;851438659732;;0;0;0;0;;;;;
112156580352;;103-008-056-01;;;"Комплект кронштейнов под универсальную боковую лестницу CROSSING Ladder - Для Land Rover Discovery 4";;;;18525.00;;;"Модель автомобиля:Для Land Rover Discovery 4";;e686fpXhti4XZ4n7S1Tk;851438659732;;0;0;0;0;;;;;
828025994402;;103-008-048-05;;;"Комплект кронштейнов под универсальную боковую лестницу CROSSING Ladder - Для Haval H9";;;;18525.00;;;"Модель автомобиля:Для Haval H9";;bAT9Ck6YdvTvRSEL9jl6;851438659732;;0;0;0;0;;;;;
493691402112;;103-008-049-01;;;"Комплект кронштейнов под универсальную боковую лестницу CROSSING Ladder - Для Toyota Prado250 (без заводских рейлингов)";;;;18525.00;;;"Модель автомобиля:Для Toyota Prado250 (без заводских рейлингов)";;xXimkz3oV9GuIiN3MoUz;851438659732;;0;0;0;0;;;;;
138241362182;;103-008-050-01;;;"Комплект кронштейнов под универсальную боковую лестницу CROSSING Ladder - Для Toyota Prado250 (с заводскими рейлингами)";;;;18525.00;;;"Модель автомобиля:Для Toyota Prado250 (с заводскими рейлингами)";;Hor7AJddxF9CZnzVB5AB;851438659732;;0;0;0;0;;;;;
527027382672;;103-008-063-01;;;"Комплект кронштейнов под универсальную боковую лестницу CROSSING Ladder - Для LC120/LC150PRO";;;;18525.00;;;"Модель автомобиля:Для LC120/LC150PRO";;MpaI9ArLGkdLZhFed3G3;851438659732;;0;0;0;0;;;;;
147590838172;;103-008-059-01;;;"Комплект кронштейнов под универсальную боковую лестницу CROSSING Ladder - Для BAIC BJ40 2024+";;;;18525.00;;;"Модель автомобиля:Для BAIC BJ40 2024+";;n3YUkhA7t0heNVOpPu6m;851438659732;;0;0;0;0;;;;;
623525458802;;103-008-068-01;;;"Комплект кронштейнов под универсальную боковую лестницу CROSSING Ladder - Для BAW BJ212";;;;18525.00;;;"Модель автомобиля:Для BAW BJ212";;DSL31SovGZt2TptVLueb;851438659732;;0;0;0;0;;;;;
409380779832;;103-008-064-01;;;"Комплект кронштейнов под универсальную боковую лестницу CROSSING Ladder - Для Jetour Traveller/Shanhai T2";;;;18525.00;;;"Модель автомобиля:Для Jetour Traveller/Shanhai T2";;YiFkveLaMpbZrZ7HYKFn;851438659732;;0;0;0;0;;;;;
621593125432;;103-008-058-01;;;"Комплект кронштейнов под универсальную боковую лестницу CROSSING Ladder - Для Haval Raptor";;;;18525.00;;;"Модель автомобиля:Для Haval Raptor";;EO6GFp87C0PfAFRc7OXm;851438659732;;0;0;0;0;;;;;
982647887262;;103-008-068-01;;;"Комплект кронштейнов под универсальную боковую лестницу CROSSING Ladder - Для BIAC BJ212";;;;18525.00;;;"Модель автомобиля:Для BIAC BJ212";;kzUcKf9AL4ofBSZpSJX2;851438659732;;0;0;0;0;;;;;
297396851192;;103-008-069-00;;;"Комплект кронштейнов под универсальную боковую лестницу CROSSING Ladder - Для Hyundai Santa Fe";;;;18525.00;;;"Модель автомобиля:Для Hyundai Santa Fe";;6Fg8cvpa50kbMaN7BIXZ;851438659732;;0;0;0;0;;;;;
476160268362;;;;"Боковые боксы;Автомобили>>>LC250;Автомобили>>>Tank 500;Автомобили>>>Tank 700;Автомобили>>>Jetour T2;Автомобили>>>Leopard 8;Автомобили>>>Leopard 5;Боковые боксы>>>Аксессуары к боковым боксам;Боковые боксы>>>Боковые боксы STORM;Хранение";"Комплект кронштейнов под боковой бокс STORM Side-mounted Storage Box / PRO";;;https://static.tildacdn.com/stor3464-3230-4838-a662-636465343961/68706909.jpg;;;;;;OmYftIsbaf8HLrNRJ9Gf;;"BAW;BYD;Tank;Ford;Haval;Toyota;Jeep;Land Rover;BAIC;Hyundai;Jetour";0;0;0;0;;;;;
605938846132;;002.000003.01,103-037-052-01;;;"Комплект кронштейнов под боковой бокс STORM Side-mounted Storage Box / PRO - Для BYD Formula Leopard 8";;;;18525.00;;;"Модель автомобиля:Для BYD Formula Leopard 8";;yBZlG7N28DyhT0XoUu9r;476160268362;;0;0;0;0;;;;;
790175708182;;002.000001.02,103-037-001-02;;;"Комплект кронштейнов под боковой бокс STORM Side-mounted Storage Box / PRO - Для BYD Formula Leopard 5";;;;18525.00;;;"Модель автомобиля:Для BYD Formula Leopard 5";;zG3GmE6kMk6xK5V6cTR5;476160268362;;0;0;0;0;;;;;
645612242262;;002.000032.01,103-037-029-01;;;"Комплект кронштейнов под боковой бокс STORM Side-mounted Storage Box / PRO - Для FORD BRONCO";;;;18525.00;;;"Модель автомобиля:Для FORD BRONCO";;UbDrZA2C1OvjvKkYdRMM;476160268362;;0;0;0;0;;;;;
575787880872;;002.000013.01,103-037-025-01;;;"Комплект кронштейнов под боковой бокс STORM Side-mounted Storage Box / PRO - Для Haval H9";;;;18525.00;;;"Модель автомобиля:Для Haval H9";;Dy44MfbVxddnumZpsuSm;476160268362;;0;0;0;0;;;;;
654906158482;;002.000014.01,103-037-046-01;;;"Комплект кронштейнов под боковой бокс STORM Side-mounted Storage Box / PRO - Для Haval RAPTOR";;;;18525.00;;;"Модель автомобиля:Для Haval RAPTOR";;C0zTyn6D1FSBJSVNePFU;476160268362;;0;0;0;0;;;;;
498128309402;;"103-037-005-01, 002.000004.01";;;"Комплект кронштейнов под боковой бокс STORM Side-mounted Storage Box / PRO - Для Тank 300 (левая сторона)";;;;18525.00;;;"Модель автомобиля:Для Тank 300 (левая сторона)";;T8PSXaIU3jsKVmD90scB;476160268362;;0;0;0;0;;;;;
397523586552;;002.000005.01;;;"Комплект кронштейнов под боковой бокс STORM Side-mounted Storage Box / PRO - Для Тank 300 (правая сторона)";;;;18525.00;;;"Модель автомобиля:Для Тank 300 (правая сторона)";;HB5pimiR7kxZXIHV47FL;476160268362;;0;0;0;0;;;;;
558736923872;;002.000031.01,103-037-010-01;;;"Комплект кронштейнов под боковой бокс STORM Side-mounted Storage Box / PRO - Для TANK400";;;;18525.00;;;"Модель автомобиля:Для TANK400";;FtzvE2xAedIE2zdr6X0T;476160268362;;0;0;0;0;;;;;
965401636882;;002.000008.01,103-037-013-01;;;"Комплект кронштейнов под боковой бокс STORM Side-mounted Storage Box / PRO - Для TANK500";;;;18525.00;;;"Модель автомобиля:Для TANK500";;ZXXF8bpspyso4Ad4ve4Y;476160268362;;0;0;0;0;;;;;
309908921822;;002.000009.01,103-037-017-01;;;"Комплект кронштейнов под боковой бокс STORM Side-mounted Storage Box / PRO - Для TANK700";;;;18525.00;;;"Модель автомобиля:Для TANK700";;RLE7fThbHg9cTxJiCkKe;476160268362;;0;0;0;0;;;;;
139330458012;;002.000016.01,103-037-056-01;;;"Комплект кронштейнов под боковой бокс STORM Side-mounted Storage Box / PRO - Для Toyota Prado250 (без заводских рейлингов)";;;;18525.00;;;"Модель автомобиля:Для Toyota Prado250 (без заводских рейлингов)";;SGi9IFRohdpU6ZHodMtd;476160268362;;0;0;0;0;;;;;
625436545712;;002.000040.01,103-037-041-01;;;"Комплект кронштейнов под боковой бокс STORM Side-mounted Storage Box / PRO - Для Toyota Prado250 (с заводскими рейлингами)";;;;18525.00;;;"Модель автомобиля:Для Toyota Prado250 (с заводскими рейлингами)";;XPsXUu27oVAiyzbarGZU;476160268362;;0;0;0;0;;;;;
592288867792;;002.000042.01,103-037-058-01;;;"Комплект кронштейнов под боковой бокс STORM Side-mounted Storage Box / PRO - Для Toyota LC300";;;;18525.00;;;"Модель автомобиля:Для Toyota LC300";;G9Kh9sLRYCsYynrMgiCR;476160268362;;0;0;0;0;;;;;
807734163812;;002.000026.01,103-037-038-01;;;"Комплект кронштейнов под боковой бокс STORM Side-mounted Storage Box / PRO - Для Jeep Wrangler JK";;;;18525.00;;;"Модель автомобиля:Для Jeep Wrangler JK";;T6PYrh3KhY4nrypDve5J;476160268362;;0;0;0;0;;;;;
973977973832;;002.000025.01,103-037-034-01;;;"Комплект кронштейнов под боковой бокс STORM Side-mounted Storage Box / PRO - Для Jeep Wrangler JL";;;;18525.00;;;"Модель автомобиля:Для Jeep Wrangler JL";;DRhkH9VjS3J0gXYzGNA0;476160268362;;0;0;0;0;;;;;
745615883332;;002.000017.01,103-037-060-01;;;"Комплект кронштейнов под боковой бокс STORM Side-mounted Storage Box / PRO - Для Land Rover Defender 90&amp;110";;;;18525.00;;;"Модель автомобиля:Для Land Rover Defender 90&amp;110";;E2AdYnx0mSF3YxPTNzEj;476160268362;;0;0;0;0;;;;;
625800972162;;002.000018.01,103-037-064-01;;;"Комплект кронштейнов под боковой бокс STORM Side-mounted Storage Box / PRO - Для Land Rover Discovery 4";;;;18525.00;;;"Модель автомобиля:Для Land Rover Discovery 4";;e0SgeNZP4ApEMVad6Ee5;476160268362;;0;0;0;0;;;;;
138736727022;;002.000044.01,103-037-066-01;;;"Комплект кронштейнов под боковой бокс STORM Side-mounted Storage Box / PRO - Для BAIC BJ40 2024+";;;;18525.00;;;"Модель автомобиля:Для BAIC BJ40 2024+";;MVNZSdT5da0du9Tht2Kf;476160268362;;0;0;0;0;;;;;
120240802492;;002.000020.01,103-037-083-00;;;"Комплект кронштейнов под боковой бокс STORM Side-mounted Storage Box / PRO - Для BAW BJ212";;;;18525.00;;;"Модель автомобиля:Для BAW BJ212";;XfxP8YGG4cxkBaVjEDgR;476160268362;;0;0;0;0;;;;;
827051484932;;002.000043.01,103-037-069-01;;;"Комплект кронштейнов под боковой бокс STORM Side-mounted Storage Box / PRO - Для Jetour Traveller/Shanhai T2";;;;18525.00;;;"Модель автомобиля:Для Jetour Traveller/Shanhai T2";;2Cfu1ZupIAVGc3nAgiDG;476160268362;;0;0;0;0;;;;;
294635992082;;004.000026.03,103-037-049-01;;;"Комплект кронштейнов под боковой бокс STORM Side-mounted Storage Box / PRO - Для Hyundai Santa Fe";;;;18525.00;;;"Модель автомобиля:Для Hyundai Santa Fe";;Z8vD0C722bb1tTBro77z;476160268362;;0;0;0;0;;;;;
811882573882;;B.029.000001,105-006-004-00;;"Посуда;Допы>>>Допы к багажникам";"Дорожный набор посуды LANDING (AWADA co-branded)";;"<strong>Характеристики</strong><br /><ul><li data-list=""bullet"">Чаша: 166,8*155*87мм</li><li data-list=""bullet"">Чашка 95*86,7*100,8мм</li><li data-list=""bullet"">Вилка и ложка 2-в-1: 143,8*35,4*13,7 мм</li><li data-list=""bullet"">Комбинированный размер: 166,8*155*65,4 мм</li><li data-list=""bullet"">Вес нетто продукта: около 360 г</li><li data-list=""bullet"">Материал изделия: Чаша: Силикон + PP Чашка: Силикон + PP 2-в-1 Вилка и ложка: PBT</li><li data-list=""bullet"">Цвет продукта: черный/желтый</li></ul>";https://static.tildacdn.com/stor3930-6662-4364-a330-313761313133/49120606.jpg;4750.00;0;;;;vBxOteGoFZ54H5gKnu5d;;;0;0;0;0;;;;;
622730315022;;B.030.000001,105-006-005-00;;Посуда;"Набор походных чашек LANDING (AWADA co-branded)";;"<strong>Характеристики</strong><br /><ul><li data-list=""bullet"">Объем: 50 мл</li><li data-list=""bullet"">Размер: 6*6,8*6см</li><li data-list=""bullet"">Размер упаковки: 6,8*7*10,5 см</li><li data-list=""bullet"">Цвет: черный, желтый, белый</li><li data-list=""bullet"">Материал: PP</li><li data-list=""bullet"">Процесс: Литье под давлением</li></ul>";https://static.tildacdn.com/stor3031-3430-4631-a433-313535663235/97020240.jpg;1615.00;0;;;;5p4CXchNsk7XyXbp387K;;;0;0;0;0;;;;;
258296415992;;A.040.000002,101-007-005-00;;"Экспедиционные боксы;Допы>>>Допы к багажникам;Хранение";"Бокс на крышу VERTEX5000 Roof Box";;"Бокс на крышу автомобиля <strong>VERTEX5000 Roof Box</strong><br /><ul><li data-list=""bullet"">Эргономичный обтекаемый дизайн </li><li data-list=""bullet"">Привлекательный внешний вид</li><li data-list=""bullet"">Удобные быстрые крепления для установки</li></ul><br /><strong>Характеристики</strong><br /><strong>Размеры</strong>: 1875*832*355 мм<br /><strong>Объем</strong>: 300L<br /><strong>Материал:</strong> PC+ABS чистая доска<br /><strong>Вес</strong>: около 25 кг<br /><strong>Процесс изготовлени</strong>я: блистер + литье под давлением<br /><strong>Упаковка</strong>: Пластиковая пленка + желтый гофрированный картон";https://static.tildacdn.com/stor6138-6161-4661-b931-663539316534/99432582.jpg;127775.00;;;;;D3CftBdHCo4Zp7n9i2sF;;;0;0;0;0;;;;;
271164170192;;A.003.000001,103-038-001-00;;Багажники;"Поперечные релинги VIZOR Roof Expanding Crossbar для TESLA Model Y";;"Поперечины для крыши <strong>VIZOR Roof Expanding Crossbar</strong><br /><strong>Характеристики</strong><br /><ul><li data-list=""bullet""><strong>Размер основания</strong>: 122*142*100 мм</li><li data-list=""bullet""><strong>Передняя перекладина</strong>: 1155*75*24 мм</li><li data-list=""bullet""><strong>Задняя перекладина</strong>: 1060*75*24 мм</li><li data-list=""bullet""><strong>Вес</strong>: 6.4 кг</li><li data-list=""bullet""><strong>Процесс изготовления</strong>: ADC-12 алюминиевый сплав / акрил / PC+ABS / алюминиевый профиль 6063-T5</li><li data-list=""bullet""><strong>Грузоподъемность</strong>: 75 кг</li></ul>";https://static.tildacdn.com/stor3038-3835-4237-b235-336465363738/945e3160338f9dfcaca6e0912fb046a3.jpg;39919.00;;;;;NonGgRZE23XJZi31KFka;;;0;0;0;0;;;;;
535743778412;;;;"Багажники>>>Аксессуары к багажникам STORM";"Боковые заглушки к кронштейнам поперечин системы Vizor";;"<strong>Характеристики</strong><br />Размер: 108*88*41 мм<br />Вес: около 0,32 кг<br />Прозрачная крышка: Акрил<br />Внутренняя оболочка прозрачной крышки: ПК+АБС";https://static.tildacdn.com/stor6363-3137-4236-b462-623238313439/50723364.jpg;;;;;;Y5yiBG8Xs0bnNJnnlPgH;;;0;0;0;0;;;;;
795609676212;;A.007.000001,103-038-002-00;;;"Боковые заглушки к кронштейнам поперечин системы Vizor - Basic version";;;https://static.tildacdn.com/stor6363-3137-4236-b462-623238313439/50723364.jpg;6650.00;;;"Версия:Basic version";;xmUi0sMcHHHOnNdB94os;535743778412;;0;0;0;0;;;;;
440380946132;;A.007.000002,103-038-003-00;;;"Боковые заглушки к кронштейнам поперечин системы Vizor - Limited Edition";;;https://static.tildacdn.com/stor6638-3231-4862-b032-666262393339/26637024.jpg;6650.00;;;"Версия:Limited Edition";;p22Uvy200pK7L5sck351;535743778412;;0;0;0;0;;;;;
799606783222;;A.010.000001,103-040-001-00;;"Багажники>>>Аксессуары к багажникам STORM";"Стойка на крышу для крепления велосипеда TANDRIX Bicycle Rack";;"Стойка на крышу для крепления велосипеда<strong> TANDRIX Bicycle Rack</strong><br /><ul><li data-list=""bullet"">Небольшой вес при прочной конструкции</li><li data-list=""bullet"">Быстрая, удобная и надежная фиксация</li><li data-list=""bullet"">Защита от кражи</li><li data-list=""bullet""></li></ul><strong>Размеры:</strong> 1518*150*118мм<br /><strong>Вес: </strong>5.9 кг<br /><strong>Максимальный вес велосипеда:</strong> 24Kg<br /><strong>Материал:</strong> 6063 - T6, алюминиевый профиль C6";https://static.tildacdn.com/stor6635-3136-4466-b835-306461396562/89104319.png;44745.00;;;;;ydhGdPTBgBss8aoL0ic3;;;0;0;0;0;;;;;
989035863282;;A.001.000029,103-001-006-00;;"Багажники>>>Багажники STORM;Багажники";"Багажник экспедиционный STORM для Jeep Compass (2017-2021)";;"Легкий и прочный полноразмерный экспедиционный автомобильный багажник из алюминия <strong>STORM </strong>для <strong>Jeep Compass </strong>(2017-2021) (версия для китайского рынка) входит в систему Arcane Warrior для перевозки вещей и установки дополнительного оборудования для кемпинга и автопутешествий.<br /><ul><li data-list=""bullet"">Минимальное завышение от штатной высоты автомобиля</li><li data-list=""bullet"">Удобная сборная конструкция, в комплекте шаблон для сборки</li><li data-list=""bullet"">Специальные пазы для крепежных болтов в поперечинах для закрепления дополнительного оборудования</li><li data-list=""bullet"">Эстетичные и надежные крепления для заводских релингов</li><li data-list=""bullet"">Подходит для активного использования на бездорожье.</li><li data-list=""bullet"">Прочная алюминиевая конструкция</li><li data-list=""bullet"">Модульная система, возможна установка большого количества аксессуаров</li><li data-list=""bullet"">Брутальный и современный дизайн</li></ul><br /><strong>Характеристики</strong><br /><strong>Размеры багажника: </strong>1614*1065*66мм<br /><strong>Размеры погрузочной площадки:</strong> 1384*1244mm<br /><strong>Упаковочные размеры:</strong> 1595*360*495мм<br /><strong>Завышение от штатной высоты:</strong> 60мм<br /><strong>Расстояние от дна платформы до крыши: </strong>40мм<br /><strong>Вес:</strong> 21.8 кг<br /><strong>Динамическая грузоподьемность:</strong> 140 кг<br /><strong>Статическая грузоподьемность:</strong> 300 кг<br /><strong>Макcимальный размер диодной балки: </strong>до 800мм";https://static.tildacdn.com/stor3763-3864-4861-b765-623330326166/97717483.png;89452.00;;;;;E6JhPlX1icOmR0ZHIOpj;;Jeep;0;0;0;0;;;;;
526386155342;;A.001.000028,103-001-005-00;;"Багажники>>>Багажники STORM;Багажники";"Багажник экспедиционный STORM для Jeep Grand Cherokee 2011-2020";;"Легкий и прочный полноразмерный экспедиционный автомобильный багажник из алюминия <strong>STORM </strong>для<strong> Jeep Grand Cherokee 2011-2020</strong> входит в систему Arcane Warrior для перевозки вещей и установки дополнительного оборудования для кемпинга и автопутешествий.<br /><ul><li data-list=""bullet"">Минимальное завышение от штатной высоты автомобиля</li><li data-list=""bullet"">Удобная сборная конструкция, в комплекте шаблон для сборки</li><li data-list=""bullet"">Специальные пазы для крепежных болтов в поперечинах для закрепления дополнительного оборудования</li><li data-list=""bullet"">Эстетичные и надежные крепления для заводских релингов</li><li data-list=""bullet"">Подходит для активного использования на бездорожье.</li><li data-list=""bullet"">Прочная алюминиевая конструкция</li><li data-list=""bullet"">Модульная система, возможна установка большого количества аксессуаров</li><li data-list=""bullet"">Брутальный и современный дизайн</li></ul><br /><strong>Характеристики</strong><br /><strong>Размер багажника:</strong> 1519*1165*66 мм<br /><strong>Размер погрузочной платформы:</strong> 1023*1000 мм<br /><strong>Размер упаковки:</strong> 1595*360*495 мм<br /><strong>Завышение от штатной высоты: </strong>80 мм<br /><strong>Расстояние от дна платформы до крыши автомобиля: </strong>50 мм<br /><strong>Вес: </strong>23.1 кг<br /><strong>Динамическая грузоподъемность: </strong>140 кг<br /><strong>Статическая грузоподьемность:</strong> 300 кг<br /><strong>Макcимальный размер диодной балки:</strong> 900 мм";https://static.tildacdn.com/stor3763-3864-4861-b765-623330326166/97717483.png;99484.00;;;;;fjgpdjzS2d9yFl77rsRU;;Jeep;0;0;0;0;;;;;
315412849002;;A.001.000119,103-005-012-00;;"Багажники>>>Багажники STORM;Багажники";"Багажник экспедиционный STORM для Toyota Sienna 2021-2024";;"Легкий и прочный полноразмерный экспедиционный автомобильный багажник из алюминия <strong>STORM </strong>для <strong>Toyota Sienna 2021-2024</strong> входит в систему Arcane Warrior для перевозки вещей и установки дополнительного оборудования для кемпинга и автопутешествий.<br /><ul><li data-list=""bullet"">Минимальное завышение от штатной высоты автомобиля</li><li data-list=""bullet"">Удобная сборная конструкция, в комплекте шаблон для сборки</li><li data-list=""bullet"">Специальные пазы для крепежных болтов в поперечинах для закрепления дополнительного оборудования</li><li data-list=""bullet"">Эстетичные и надежные крепления для заводских релингов</li></ul><br /><strong>Для установки автомобиль должен быть оборудован продольными релингами</strong><br /><br /><strong>Характеристики</strong><br /><strong>Размер багажника: </strong>1645*1151*66 мм<br /><strong>Размеры погрузочной площадки: </strong>1435*985 мм<br /><strong>Размер упаковки: </strong>1595*360*495 мм<br /><strong>Завышение от штатной высоты: </strong>96 мм<br /><strong>Расстояние от дна платформы до крыши автомобиля: </strong>104 мм<br /><strong>Вес: </strong>20 кг<br /><strong>Динамическая грузоподьемность: </strong>160 кг<br /><strong>Статическая грузоподьемность: </strong>340 кг<br /><strong>Макcимальный размер диодной балки:</strong> 900 мм";https://static.tildacdn.com/stor6633-3936-4730-a535-383430333734/24601990.png;96976.00;;;;;78LET9fVR4m1fn6G0Zds;;Toyota;0;0;0;0;;;;;
277632146512;;A.001.000117,103-005-010-00;;"Багажники>>>Багажники STORM;Багажники";"Багажник экспедиционный STORM для Toyota Corolla Cross 2022-2023";;"Легкий и прочный полноразмерный экспедиционный автомобильный багажник из алюминия <strong>STORM </strong>для <strong>Toyota Corolla Cross 2022-2023</strong> входит в систему Arcane Warrior для перевозки вещей и установки дополнительного оборудования для кемпинга и автопутешествий.<br /><ul><li data-list=""bullet"">Минимальное завышение от штатной высоты автомобиля</li><li data-list=""bullet"">Удобная сборная конструкция, в комплекте шаблон для сборки</li><li data-list=""bullet"">Специальные пазы для крепежных болтов в поперечинах для закрепления дополнительного оборудования</li><li data-list=""bullet"">Эстетичные и надежные крепления для заводских релингов</li></ul><br /><strong>Для установки автомобиль должен быть оборудован продольными релингами</strong><br /><br /><strong>Характеристики</strong><br /><strong>Размер багажника: </strong>1465*1065*66мм<br /><strong>Размеры погрузочной площадки:</strong> 968*900мм<br /><strong>Размер упаковки: </strong>1595*360*495мм<br /><strong>Завышение от штатной высоты:</strong> 70мм<br /><strong>Расстояние от дна платформы до крыши автомобиля:</strong> 63мм<br /><strong>Вес:</strong> 20кг<br /><strong>Динамическая грузоподьемность: </strong>140кг<br /><strong>Статическая грузоподьемность: </strong>300кг<br /><strong>Макcимальный размер диодной балки: </strong>800мм";https://static.tildacdn.com/stor6633-3936-4730-a535-383430333734/24601990.png;94468.00;;;;;jGtPsZTEbYnOUmag94VE;;Toyota;0;0;0;0;;;;;
998098933252;;A.001.000115,103-005-008-00;;"Багажники>>>Багажники STORM;Багажники";"Багажник экспедиционный STORM для Toyota Highlander 2022-2023";;"Легкий и прочный полноразмерный экспедиционный автомобильный багажник из алюминия <strong>STORM </strong>для <strong>Toyota Highlander 2022-2023</strong> входит в систему Arcane Warrior для перевозки вещей и установки дополнительного оборудования для кемпинга и автопутешествий.<br /><ul><li data-list=""bullet"">Минимальное завышение от штатной высоты автомобиля</li><li data-list=""bullet"">Удобная сборная конструкция, в комплекте шаблон для сборки</li><li data-list=""bullet"">Специальные пазы для крепежных болтов в поперечинах для закрепления дополнительного оборудования</li><li data-list=""bullet"">Эстетичные и надежные крепления для заводских релингов</li></ul><br /><strong>Для установки автомобиль должен быть оборудован продольными релингами</strong><br /><br /><strong>Характеристики</strong><br /><strong>Размер багажника:</strong> 1730*1225*66мм<br /><strong>Размеры погрузочной площадки: </strong>1233*1060мм<br /><strong>Размер упаковки: </strong>1595*360*495мм<br /><strong>Завышение от штатной высоты: </strong>66мм<br /><strong>Расстояние от дна платформы до крыши автомобиля:</strong> 62мм<br /><strong>Вес: </strong>24.5кг<br /><strong>Динамическая грузоподьемность: </strong>150кг<br /><strong>Статическая грузоподьемность:</strong> 320кг<br /><strong>Макcимальный размер диодной балки:</strong> 950мм";https://static.tildacdn.com/stor6633-3936-4730-a535-383430333734/24601990.png;107008.00;;;;;r2fRojAiNijVrcIuO2Rh;;Toyota;0;0;0;0;;;;;
120021439612;;A.001.000116,103-005-009-00;;"Багажники>>>Багажники STORM;Багажники";"Багажник экспедиционный STORM для Toyota RAV4 (2020-2023)";;"Легкий и прочный полноразмерный экспедиционный автомобильный багажник из алюминия <strong>STORM </strong>для <strong>Toyota RAV4 (2020-2023)</strong> входит в систему Arcane Warrior для перевозки вещей и установки дополнительного оборудования для кемпинга и автопутешествий.<br /><ul><li data-list=""bullet"">Минимальное завышение от штатной высоты автомобиля</li><li data-list=""bullet"">Удобная сборная конструкция, в комплекте шаблон для сборки</li><li data-list=""bullet"">Специальные пазы для крепежных болтов в поперечинах для закрепления дополнительного оборудования</li><li data-list=""bullet"">Эстетичные и надежные крепления для заводских релингов</li></ul><br /><strong>Для установки автомобиль должен быть оборудован продольными релингами</strong><br /><br /><strong>Характеристики</strong><br /><strong>Размер багажника: </strong>1545*1116*66мм<br /><strong>Размеры погрузочной площадки:</strong> 1048*950мм<br /><strong>Размер упаковки: </strong>1595*360*495мм<br /><strong>Завышение от штатной высоты: </strong>58мм<br /><strong>Расстояние от дна платформы до крыши автомобиля:</strong> 66мм<br /><strong>Вес:</strong> 20.9кг<br /><strong>Динамическая грузоподьемность:</strong> 140кг<br /><strong>Статическая грузоподьемность: </strong>300кг<br /><strong>Макcимальный размер диодной балки: </strong>850мм";https://static.tildacdn.com/stor6633-3936-4730-a535-383430333734/24601990.png;94468.00;;;;;0PP7vSSdogonVvNlaxF7;;Toyota;0;0;0;0;;;;;
676299866662;;A.001.000040,103-023-003-00;;"Багажники>>>Багажники STORM;Багажники";"Багажник экспедиционный STORM для Volvo XC40 (2020-2024)";;"Легкий и прочный полноразмерный экспедиционный автомобильный багажник из алюминия <strong>STORM </strong>для <strong>Volvo XC40 (2020-2024)</strong> входит в систему Arcane Warrior для перевозки вещей и установки дополнительного оборудования для кемпинга и автопутешествий.<br /><ul><li data-list=""bullet"">Минимальное завышение от штатной высоты автомобиля</li><li data-list=""bullet"">Удобная сборная конструкция, в комплекте шаблон для сборки</li><li data-list=""bullet"">Специальные пазы для крепежных болтов в поперечинах для закрепления дополнительного оборудования</li><li data-list=""bullet"">Эстетичные и надежные крепления для заводских релингов</li></ul><br /><strong>Для установки автомобиль должен быть оборудован продольными релингами</strong><br /><br /><strong>Характеристики</strong><br /><strong>Размер багажника: </strong>1525*1151*66мм<br /><strong>Размеры погрузочной площадки:</strong> 1023*985мм<br /><strong>Размер упаковки: </strong>1595*360*495мм<br /><strong>Завышение от штатной высоты: </strong>72мм<br /><strong>Расстояние от дна платформы до крыши автомобиля:</strong> 65мм<br /><strong>Вес: </strong>21.2кг<br /><strong>Динамическая грузоподьемность:</strong> 140кг<br /><strong>Статическая грузоподьемность:</strong> 300кг<br /><strong>Макcимальный размер диодной балки:</strong> 900мм";https://static.tildacdn.com/stor6138-6166-4361-b135-653363323336/f4fa2e0be326eaa980c4811005ac1f64.png;91960.00;;;;;03SISZ8mkECKAPsMPicj;;Volvo;0;0;0;0;;;;;
975778204812;;A.001.000039,103-023-002-00;;"Багажники>>>Багажники STORM;Багажники";"Багажник экспедиционный STORM для Volvo XC60 (2018-2024)";;"Легкий и прочный полноразмерный экспедиционный автомобильный багажник из алюминия <strong>STORM </strong>для<strong> Volvo XC60 2018-2024</strong> входит в систему Arcane Warrior для перевозки вещей и установки дополнительного оборудования для кемпинга и автопутешествий.<br /><ul><li data-list=""bullet"">Минимальное завышение от штатной высоты автомобиля</li><li data-list=""bullet"">Удобная сборная конструкция, в комплекте шаблон для сборки</li><li data-list=""bullet"">Специальные пазы для крепежных болтов в поперечинах для закрепления дополнительного оборудования</li><li data-list=""bullet"">Эстетичные и надежные крепления для заводских релингов</li></ul><br /><strong>Для установки автомобиль должен быть оборудован продольными релингами</strong><br /><br /><strong>Характеристики</strong><br /><strong>Размер багажника: </strong>1525*1151*66мм<br /><strong>Размеры погрузочной площадки: </strong>1068*985мм<br /><strong>Размер упаковки: </strong>1595*360*495мм<br /><strong>Завышение от штатной высоты: </strong>80мм<br /><strong>Расстояние от дна платформы до крыши автомобиля:</strong> 72мм<br /><strong>Вес:</strong> 21.3кг<br /><strong>Динамическая грузоподьемность: </strong>140кг<br /><strong>Статическая грузоподьемность: </strong>300кг<br /><strong>Макcимальный размер диодной балки: </strong>900мм";https://static.tildacdn.com/stor6234-3835-4961-b234-356165373065/cd0f89be7438914469c81bdeb868779d.png;91960.00;;;;;3xNdiL8tRv4SLk0PgSP7;;Volvo;0;0;0;0;;;;;
241646134012;;A.001.000038,103-023-001-00;;"Багажники>>>Багажники STORM;Багажники";"Багажник экспедиционный STORM для Volvo XC90 (2019-2024)";;"Легкий и прочный полноразмерный экспедиционный автомобильный багажник из алюминия <strong>STORM </strong>для<strong> Volvo XC90 2019-2024</strong> входит в систему Arcane Warrior для перевозки вещей и установки дополнительного оборудования для кемпинга и автопутешествий.<br /><ul><li data-list=""bullet"">Минимальное завышение от штатной высоты автомобиля</li><li data-list=""bullet"">Удобная сборная конструкция, в комплекте шаблон для сборки</li><li data-list=""bullet"">Специальные пазы для крепежных болтов в поперечинах для закрепления дополнительного оборудования</li><li data-list=""bullet"">Эстетичные и надежные крепления для заводских релингов</li></ul><br /><strong>Для установки автомобиль должен быть оборудован продольными релингами</strong><br /><br /><strong>Характеристики</strong><br /><strong>Размер багажника: </strong>1600*1151*66мм<br /><strong>Размеры погрузочной площадки:</strong> 1103*985мм<br /><strong>Размер упаковки: </strong>1595*360*495мм<br /><strong>Завышение от штатной высоты: </strong>65мм<br /><strong>Расстояние от дна платформы до крыши автомобиля:</strong> 80мм<br /><strong>Вес: </strong>23кг<br /><strong>Динамическая грузоподьемность:</strong> 150кг<br /><strong>Статическая грузоподьемность:</strong> 320кг<br /><strong>Макcимальный размер диодной балки: </strong>900мм";https://static.tildacdn.com/stor6265-3561-4230-b834-653732386462/f92802116129384219ef176b32f4fd0b.png;106904.00;;;;;h9lOn8vIiOS3UsIHjsTE;;Volvo;0;0;0;0;;;;;
298064561352;;A.005.000002,103-008-100-00;;"Лестницы;Лестницы>>>Лестницы для STORM;Лестницы>>>Лестницы Revolve";"Лестница телескопическая боковая REVOLVE PIVOT MASTER X90 (Версия М)";;"Лестница телескопическая боковая<strong> REVOLVE PIVOT MASTER X90, Версия М (средняя, для внедорожников 1,75-2,05м).</strong><br /><ul><li data-list=""bullet"">Компактная</li><li data-list=""bullet"">Эстетичный дизайн</li><li data-list=""bullet"">Быстро раскладывается/убирается</li><li data-list=""bullet"">Телескопическая регулировка высоты</li></ul><br /><strong>Характеристики:</strong><br /><ul><li data-list=""bullet"">Размер в закрытом положении:1681*114*172 мм</li><li data-list=""bullet"">В раскрытом положении: телескопические позиции составляют: 173см, 183см, 193см, 203см.</li><li data-list=""bullet"">Вес: 14,25 кг</li><li data-list=""bullet"">Материал изделия: ADC-12 алюминиевый сплав --- литье под давлением, 6063-T5 алюминиевый профиль --- экструзия</li><li data-list=""bullet"">Грузоподъемность: 150 кг</li><li data-list=""bullet"">Применимые модели: средний и большой внедорожник</li></ul>";https://static.tildacdn.com/stor6533-3435-4564-b931-373137663730/46aa4bf2342e01af7cd641b9f322d66f.jpg;94795.00;;;;;DGZKTiuK4HBr89xjJszp;;;0;0;0;0;;;;;
862742501122;;A.012.000013,103-000-035-00;;"Лестницы;Лестницы>>>Лестницы для STORM;Лестницы>>>Лестницы Revolve";"Кронштейны для быстрой установки лестницы REVOLVE PIVOT MASTER";;"<strong>Размер одного кронштейна: </strong>120*150*123 мм<br /><strong>Вес комплекта (два кронштейна):</strong> около 3,4 кг<br /><strong>Материал изделия:</strong> углеродистая сталь<br /><strong>Грузоподъемность:</strong> 150 кг";https://static.tildacdn.com/stor3033-3065-4662-a262-376132316462/19437068.png;17005.00;;;;;DJRNkg29LpaksfsC6gos;;;0;0;0;0;;;;;
345313060602;;004.000002.01,103-008-048-01;;"Лестницы;Лестницы>>>Лестницы для STORM;Лестницы>>>Лестницы Crossing";"Универсальная боковая лестница к багажнику CROSSING Ladder (без кронштейнов)";;"Прочная, удобная и стильная раскладная алюминиевая лестница <strong>CROSSING Roof ladder универсальная. Только лестница, без кронштейнов. Кронштейны под конкретные автомобили нужно покупать отдельно.</strong><br /><br /><ul><li data-list=""bullet"">Быстрое и легкое раскладывание и складывание</li><li data-list=""bullet"">Удобный доступ к оборудованию и вещам на багажнике</li><li data-list=""bullet"">Стильный и брутальный вид</li><li data-list=""bullet"">Двухточечная блокировка</li><li data-list=""bullet"">Многоточечная фиксация, более стабильный размер</li><li data-list=""bullet"">Трехступенчатое открытие и закрытие, более удобное в использовании</li></ul><br /><strong>Характеристики</strong><br /><strong>Закрытый размер: </strong>651*500*140мм<br /><strong>Открытый размер: </strong>1075*500*140мм<br /><strong>Вес:</strong>12кг<br /><strong>Материал:</strong> алюминий<br /><strong>Нагрузка: </strong>150кг<br /><br /><strong>Подходит для:</strong><br /><ul><li data-list=""bullet"">TANK300/ сторона водителя/ сторона пассажира</li><li data-list=""bullet"">TANK500/ сторона водителя/ сторона пассажира</li><li data-list=""bullet"">TANK500hi4/сторона водителя/сторона пассажираTANK700/ сторона водителя/сторона пассажира</li><li data-list=""bullet"">Land Rover Defender 90/сторона водителя</li><li data-list=""bullet"">Land Rover Defender 110/сторона водителя</li><li data-list=""bullet"">Land Rover Defender 130/сторона водителя</li><li data-list=""bullet"">Land Rover Discovery 4/сторона водителя</li><li data-list=""bullet"">HAVAL H9/сторона водителя</li><li data-list=""bullet"">HAVAL H5/сторона водителя</li><li data-list=""bullet"">Leopard BAO 8/сторона пассажираLeopard BAO 5/сторона пассажира</li></ul>";https://static.tildacdn.com/stor6366-6363-4965-b865-373864633432/29644495.png;50825.00;;;;;p5khyo4loUaZeB0I6I9E;;;0;0;0;0;;;;;
422469370872;;A.052.000001,102-004-004-00;;Сумки;"Сумка для аптечки First Aid Kit";;"Сумочка для аптечки и набора первой помощи. Поставляется пустой.<br /><br /><strong>Характеристики</strong><br /><strong>Размер: </strong>230*80*180 мм<br /><strong>Вес:</strong> 0.44 кг<br /><strong>Материал: </strong>ткань 600D; тесьма 600D PP 1.3мм";https://static.tildacdn.com/stor3733-3766-4266-b132-663861663166/64435302.jpg;6080.00;;;;;Y4lHcx8xecoLPVbO9JvA;;;0;0;0;0;;;;;
986700567532;;A.069.000001,501-015-001-00;;"Посуда;Одежда и мерч";"Туристическая термос-бутылка Arcane Warrior";;"Размер изделия: 200*78 мм<br />Размер упаковки: 303*119*91 мм<br />Материал изделия: Европейский и американский стандарт двухслойной 18/8 пищевой нержавеющей стали<br />Объем: около 532 мл<br />Вес: около 470 г";https://static.tildacdn.com/stor6132-3936-4561-b831-343463343862/33280170.jpg;5795.00;0;;;;S37iZTnFJ6zdrdpaZOUu;;;0;0;0;0;;;;;
277618572912;;A.064.000005,501-004-011-00;;"Одежда и мерч";"Маска LANDING Limited";;"Размер изделия: 43*22 см<br />Материал: высокоэластичная ткань из смешанных волокон<br />Технология изделия: бесшовное цельное вязание";https://static.tildacdn.com/stor6465-6262-4164-b936-646636373635/37956767.png;3040.00;0;;;;cYX7vOnbfCdlXItv1AER;;;0;0;0;0;;;;;
107925758222;;A.065.000002,510-002-013-00;;"Одежда и мерч";"Шапка флисовая LANDING Limited Edition Fleece Cap";;"Материал изделия: флис";https://static.tildacdn.com/stor3430-6533-4637-a666-333463313763/89591884.png;3610.00;0;;;;4xA8s1AkF6JXfxBle0l2;;;0;0;0;0;;;;;
723599614882;;A.068.000002,501-013-036-00;;"Одежда и мерч;Все для сна";"Одеяло зимнее полуфлисовое Arcane Warrior";;"Материал изделия: полуфлис, синтетическое волокно, 100% полиэстер<br />Размер: 150*150 см";https://static.tildacdn.com/stor3832-6434-4232-a130-656661653836/97864687.jpg;18240.00;0;;;;kA020r8RBX3gFOD7ubZF;;;0;0;0;0;;;;;
717213091232;;A.067.000001,501-013-034-00;;"Одежда и мерч;Все для сна";"Полотенца быстросохнущие Limited Edition";;"Размер : 120*60 см<br />Солнцезащитный фильтр: Солнцезащитный крем UPF50+";https://static.tildacdn.com/stor6233-3565-4434-a630-376232643536/61123220.jpg;3610.00;0;;;;4NkiV2Xvvn1UEaP4ydpU;;;0;0;0;0;;;;;
357876549262;;501-013-004-00;;"Одежда и мерч;Сумки";"Сумка Arcane Warrior";;"Размер: 600*400mm<br />Материал: экологически чистый полипропилен";https://static.tildacdn.com/stor6131-3337-4761-b766-666461363862/39745037.png;1093.00;0;;;;GtddEuYBDNoaljV1OxhJ;;;0;0;0;0;;;;;
741000878732;;A.001.000164,103-012-010-00;;"Багажники>>>Багажники STORM;Автомобили>>>Ford Ranger;Багажники";"Багажник экспедиционный STORM для Ford Ranger (2023-2024)";;"Легкий и прочный полноразмерный экспедиционный автомобильный багажник из алюминия <strong>STORM </strong>для <strong>FORD Ranger 2023+</strong> входит в систему Arcane Warrior для перевозки вещей и установки дополнительного оборудования для кемпинга и автопутешествий.<br /><ul><li data-list=""bullet"">Минимальное завышение от штатной высоты автомобиля</li><li data-list=""bullet"">Удобная сборная конструкция, в комплекте шаблон для сборки</li><li data-list=""bullet"">Специальные пазы для крепежных болтов в поперечинах для закрепления дополнительного оборудования</li></ul><br /><strong>Для установки на автомобиль без заводских релингов</strong><br /><br /><strong>Характеристики</strong><br /><strong>Размер багажника: </strong>1335*1165*66мм<br /><strong>Размеры погрузочной площадки:</strong> 1125*1000мм<br /><strong>Размер упаковки: </strong>1595*360*495мм<br /><strong>Завышение от штатной высоты:</strong> 85мм<br /><strong>Расстояние от дна платформы до крыши автомобиля: </strong>90мм<br /><strong>Вес: </strong>17.5кг<br /><strong>Динамическая грузоподьемность: </strong>150кг<br /><strong>Статическая грузоподьемность: </strong>320кг<br /><strong>Макcимальный размер диодной балки: </strong>900мм";https://static.tildacdn.com/stor3530-6564-4562-b365-306364353537/7404b833a16274433c8bd78b38b9172d.jpg;94259.00;;;;;vuEryzTcNJNT6FFNn9h2;;Ford;0;0;0;0;;;;;
432392030432;"Arcane Warrior";A.001.000074,103-016-004-00;;"Багажники>>>Багажники STORM;Багажники";"Багажник экспедиционный STORM для BYD Yangwang U8 2024+";;"Легкий и прочный полноразмерный экспедиционный автомобильный багажник из алюминия <strong>STORM </strong>для <strong>Yangwang U8 2024+</strong> (суббренд BYD) входит в систему Arcane Warrior для перевозки вещей и установки дополнительного оборудования для кемпинга и автопутешествий.<br /><ul><li data-list=""bullet"">Минимальное завышение от штатной высоты автомобиля</li><li data-list=""bullet"">Удобная сборная конструкция, в комплекте шаблон для сборки</li><li data-list=""bullet"">Специальные пазы для крепежных болтов в поперечинах для закрепления дополнительного оборудования</li><li data-list=""bullet"">Эстетичные и надежные крепления для заводских релингов</li></ul><br /><strong>*Для установки на автомобиль, оборудованный заводскими продольными релингами</strong>";https://static.tildacdn.com/stor3932-6535-4265-b033-626331343566/70457843.jpg;116936.00;;;;;RAXojLJA82FKLLUjtaK2;;BYD;0;0;0;0;;;;;
250247827732;;102-006-001-02;;"Offroad-оборудование;Допы>>>Допы к багажникам";"Сэндтраки ATR All Terrain Rescue Plate (пара )";;"Сэндтрак (площадка для подкладывания под колеса при застревании и на слабонесущих покрытиях) <strong>ATR All Terrain Rescue Plate</strong> (2шт )<br /><ul><li data-list=""bullet"">Патентованное моделирование дизайна</li><li data-list=""bullet"">Применяется двухцветный композитный процесс литья под давлением, нижняя часть каждого противоскользящего шипа полностью инкрустирована в прочный корпус сэндтрака</li><li data-list=""bullet"">Основной корпус изготовлен из высокопрочного нейлона PA6, а противоскользящие шипы - из высокопрочного нейлона со стекловолокном PA6+GF30.</li><li data-list=""bullet"">Эргономичный дизайн, оба конца можно использовать как лопаты для удаления песка, льда и снега вокруг колес.</li><li data-list=""bullet"">Конструкция с несколькими отверстиями, несколько способов установки в разных местах.</li></ul><br /><strong>Размер:</strong> 1158*366*70 мм<br /><strong>Размер упаковки:</strong> 1174*367*85 мм<br /><strong>Вес:</strong> около 4.65 кг<br /><strong>Крепежные отверстия:</strong> 10<br /><strong>Высота шипа противоскольжения:</strong> 10 мм<br /><strong>Толщина основной стены</strong>: 5.2 мм";https://static.tildacdn.com/stor6466-6466-4061-b930-656536333638/82554531.jpg;28310.00;;;;;GmStkU1XpIhuP5X2Uknl;;;0;0;0;0;;;;;
892402427382;;A.012.000008,103-000-032-00;;"Багажники>>>Аксессуары к багажникам STORM;Допы>>>Допы к багажникам";"Комплект для крепления грузов на багажник Expansion Pack Pro";;"Комплект <strong>Arcane Warrior Expansion Pack Pro Edition</strong> для крепления грузов на экспедиционный багажник<strong> STORM</strong><br /><ul><li data-list=""bullet"">Предназначен для быстрого и надежного закрепления оборудования, канистр и боксов</li><li data-list=""bullet"">Входит в линейку дополнительных аксессуаров для многофункциональных багажников серии STORM</li><li data-list=""bullet"">Дополнительные аксессуары для многофункциональных багажников серии STORM</li><li data-list=""bullet"">Набор для закрепления оборудования, канистр и боксов</li></ul><br /><strong>Состав комплекта:</strong><br /><ul><li data-list=""bullet"">Угловые кронштейны для крепления грузов Edge Bracket 1 пара (2 шт) (103-000-002-00)</li><li data-list=""bullet"">Кольцевые болты для крепления грузов Arcane Warrior на багажниках серии STORM *6 пар (103-000-001-00)</li><li data-list=""bullet"">Стяжные ремни Arcane Warrior для крепления груза с трещоткой (пара) (103-000-003-00)</li></ul>";https://static.tildacdn.com/stor6337-3132-4837-b063-373137373930/83441283.jpg;25943.00;;;;;OEviGBdVDORF2C5b7loK;;;0;0;0;0;;;;;
446026799542;;A.012.000007,103-000-025-00;;"Багажники>>>Аксессуары к багажникам STORM;Допы>>>Допы к багажникам";"Комплект для крепления грузов на багажник Expansion Pack Max";;"Большой комплект <strong>Arcane Warrior Expansion Pack Max Version</strong> для крепления грузов на экспедиционный багажник<strong> STORM</strong><br /><ul><li data-list=""bullet"">Предназначен для быстрого и надежного закрепления оборудования, канистр и боксов</li><li data-list=""bullet"">Входит в линейку дополнительных аксессуаров для многофункциональных багажников серии STORM</li><li data-list=""bullet"">Дополнительные аксессуары для многофункциональных багажников серии STORM</li><li data-list=""bullet"">Набор для закрепления оборудования, канистр и боксов</li></ul><br /><strong>Состав комплекта:</strong><br /><ul><li data-list=""bullet"">Кольцевые болты для крепления грузов Arcane Warrior на багажниках серии STORM (103-000-001-00) - 6шт</li><li data-list=""bullet"">Кольцевые болты PRO для крепления грузов (пара) (103-000-016-00)</li><li data-list=""bullet"">Стяжные ремни Arcane Warrior для крепления груза с трещоткой (пара) (103-000-003-00)</li><li data-list=""bullet"">Угловые кронштейны для крепления грузов Edge Bracket 1 пара (2 шт) (103-000-002-00)</li><li data-list=""bullet"">Кронштейны для фар бокового освещения Side light bracket 1 пара (2 шт) (103-000-008-00)</li></ul>";https://static.tildacdn.com/stor6665-3138-4836-b537-343863363733/32040003.jpg;39100.00;;;;;mhszPHK6Pgrr4X0ejaVE;;;0;0;0;0;;;;;
408054194562;;A.063.000002,501-004-013-00;;"Одежда и мерч";"Нарукавник BRAVEHEART Ice Sleeve (пара)";;"Размер изделия: 450*(100-120)мм<br />Обхват верхней части руки: 170-230 мм<br />Индекс защиты от солнца: SPF50+<br />Охлаждающая ткань, легкая и дышащая, впитывает влагу и пот, не боится солнца.<br />Полная эластичность, удобные и комфортные, длительное время ношения без стягивания, растяжение без деформации";https://static.tildacdn.com/stor3237-6538-4430-a136-323632613138/77578706.jpg;1045.00;0;;;;s25C39Y3fnVTjMsH2paT;;;0;0;0;0;;;;;
994631625792;;B.034.000003,105-002-016-00;;"Маркизы и тенты;Маркизы и тенты>>>Маркизы 270";"Маркиза в жестком корпусе Hardshell Litewing 270°(сторона водителя)";;"Размеры в сложенном виде: 208 × 21 × 18 см.<br />Размерыупаковки: 215 × 32 × 25 см.<br />Вес брутто (коробка): 33,5 кг.<br />Вес нетто (продукт): 24 кг.<br />Цвет: черный.<br />Основной материал: эластичная ткань 300D.<br />Покрытие: полностью блокирует ультрафиолетовые лучи; обеспечивает теплоизоляцию и охлаждение.<br />Опорные стойки: складные из алюминиевого сплава.<br />Шарниры: интегрированная конструкция из литого алюминия.<br />Включенные аксессуары: колышки для крепления к земле / ветровые тросы / 4 опорные стойки / монтажный комплект / кронштейны.<br />Водонепроницаемость внешней палатки: &gt; 3000 мм.<br />Вместимость палатки: 6–8 человек.";https://static.tildacdn.com/stor3664-6235-4266-a238-636537636661/40758787.jpg;127775.00;;;;;nScbFRxjL29lyvT1HTBy;;;0;0;0;0;;;;;
105380308532;;B.035.000003,105-002-018-00;;"Маркизы и тенты;Маркизы и тенты>>>Маркизы 270;Маркизы и тенты>>>Стенки";"Боковые стенки для маркизы Hardshell Litewing 270° (сторона водителя)";;"Размеры в разложенном виде: 500 × 500 × 210 см.<br />Размеры в сложенном виде: 33 × 33 × 65 см.<br />Размеры упаковки: 35 × 35 × 70 см.<br />Вес брутто (упаковка): 18 кг.<br />Вес нетто (продукт): 17 кг.<br />Цвет: черный<br />Основной материал: эластичная ткань 300D<br />Покрытие: полностью блокирует ультрафиолетовые лучи; обеспечивает теплоизоляцию и охлаждение<br />Включенные аксессуары: колышки для крепления к земле / веревки для защиты от ветра / 2 опорные стойки / монтажный комплект<br />Водонепроницаемость внешней палатки: &gt; 3000 мм<br />Вместимость палатки: 6–8 человек";https://static.tildacdn.com/stor6237-3939-4937-b837-626461323062/53621089.jpg;109535.00;;;;;K4nv27DLKVppK0GPTkaO;;;0;0;0;0;;;;;
271453323542;;A.039.000001,101-006-002-00;;Сумки;"Водонепроницаемая сумка TIDE500";;"Водонепроницаемая сумка-органайзер <strong>TIDE500 Tide Outdoor Waterproof Organizer Bag</strong><br />Серия <strong>TIDE</strong>#nbsp;устанавливает новый стандарт влагозащиты:<br />Сумка имеет класс герметичности <strong>IPX8</strong>, что гарантирует полную защиту содержимого даже при сильном дожде и кратковременном полном погружении в воду.";https://static.tildacdn.com/stor3061-3231-4536-b262-623838643338/7810215f8435758bba2f71d2804c6568.jpg;13775.00;;;;;hjSLIMGS2i1NHI7vdDMJ;;;0;0;0;0;;;;;
306082720822;;A.001.000003,103-031-012-00;;"Багажники>>>Багажники STORM;Багажники";"Багажник экспедиционный STORM для BYD FangChengBao Titanium 3 (2025+)";;"Легкий и прочный полноразмерный экспедиционный автомобильный багажник из алюминия <strong>STORM </strong>для <strong>BYD FangChengBao Titanium 3 (2025+) </strong>входит в систему Arcane Warrior для перевозки вещей и установки дополнительного оборудования для кемпинга и автопутешествий.<br /><ul><li data-list=""bullet"">Минимальное завышение от штатной высоты автомобиля</li><li data-list=""bullet"">Удобная сборная конструкция, в комплекте шаблон для сборки</li><li data-list=""bullet"">Специальные пазы для крепежных болтов в поперечинах для закрепления дополнительного оборудования</li><li data-list=""bullet"">Эстетичные и надежные крепления для заводских релингов</li></ul><br /><strong>Характеристики</strong><br />Размер багажника: 1722*1225*46мм<br />Размеры погрузочной площадки: 1218*1060мм<br />Размер упаковки: 2020*425*250мм<br />Завышение от штатной высоты: 71мм<br />Расстояние от дна платформы до крыши автомобиля: 41мм<br />Вес: 22.7кг<br />Динамическая грузоподьемность: 160кг<br />Статическая грузоподьемность: 350кг<br />Макcимальный размер диодной балки: 900мм";https://static.tildacdn.com/stor3865-3030-4536-a465-666464333166/49934420.jpg;99484.00;;;;;jd51x6CHLzu7tmDHvxEk;;BYD;0;0;0;0;;;;;
845532192202;;A.001.000072,103-016-001-00;;"Багажники>>>Багажники STORM;Багажники";"Багажник экспедиционный STORM для BYD Song PLUS (2021-2024)";;"Легкий и прочный полноразмерный экспедиционный автомобильный багажник из алюминия <strong>STORM </strong>для <strong>BYD Song PLUS (2021-2024) </strong>входит в систему Arcane Warrior для перевозки вещей и установки дополнительного оборудования для кемпинга и автопутешествий.<br /><ul><li data-list=""bullet"">Минимальное завышение от штатной высоты автомобиля</li><li data-list=""bullet"">Удобная сборная конструкция, в комплекте шаблон для сборки</li><li data-list=""bullet"">Специальные пазы для крепежных болтов в поперечинах для закрепления дополнительного оборудования</li><li data-list=""bullet"">Эстетичные и надежные крепления для заводских релингов</li></ul><br />Для установки автомобиль должен быть оборудован продольными релингами.<br /><br /><strong>Характеристики</strong><br />Размер багажника:1520*1151*46мм<br />Размеры погрузочной площадки:1023*985мм<br />Размер упаковки:1556*1187*82мм<br />Завышение от штатной высоты: 95мм<br />Расстояние от дна платформы до крыши автомобиля: 95мм<br />Вес: 19,8кг<br />Динамическая грузоподьемность: 140кг<br />Статическая грузоподьемность: 300кг<br />Макcимальный размер диодной балки: 900мм";https://static.tildacdn.com/stor3865-3030-4536-a465-666464333166/49934420.jpg;91960.00;;;;;TMG3UlGxYZDx1fPV5y1S;;BYD;0;0;0;0;;;;;
363761796612;;A.001.000075,103-016-005-00;;"Багажники>>>Багажники STORM;Багажники";"Багажник экспедиционный STORM для BYD Song Pro (2019-2024 DMI and EV)";;"Легкий и прочный полноразмерный экспедиционный автомобильный багажник из алюминия <strong>STORM </strong>для <strong>BYD Song Pro (2019-2024 DMI and EV) </strong>входит в систему Arcane Warrior для перевозки вещей и установки дополнительного оборудования для кемпинга и автопутешествий.<br /><ul><li data-list=""bullet"">Минимальное завышение от штатной высоты автомобиля</li><li data-list=""bullet"">Удобная сборная конструкция, в комплекте шаблон для сборки</li><li data-list=""bullet"">Специальные пазы для крепежных болтов в поперечинах для закрепления дополнительного оборудования</li><li data-list=""bullet"">Эстетичные и надежные крепления для заводских релингов</li></ul><br /><strong>Характеристики</strong><br />Размер багажника:1585*1116*46мм<br />Размеры погрузочной площадки:1088*950мм<br />Размер упаковки:1621*1152*82мм<br />Завышение от штатной высоты: 65мм<br />Расстояние от дна платформы до крыши автомобиля: 50мм<br />Вес: 21кг<br />Динамическая грузоподьемность: 150кг<br />Статическая грузоподьемность: 320кг<br />Макcимальный размер диодной балки: 850мм";https://static.tildacdn.com/stor3865-3030-4536-a465-666464333166/49934420.jpg;99484.00;;;;;uLsgTpVIoMVivtD36MfH;;BYD;0;0;0;0;;;;;
421863869662;;A.001.000031,103-001-009-00;;"Багажники>>>Багажники STORM;Багажники";"Багажник экспедиционный STORM для Jeep Cherokee (2016-2021)";;"Легкий и прочный полноразмерный экспедиционный автомобильный багажник из алюминия <strong>STORM </strong>для<strong> Jeep Cherokee (2016-2021)</strong> входит в систему Arcane Warrior для перевозки вещей и установки дополнительного оборудования для кемпинга и автопутешествий.<br /><ul><li data-list=""bullet"">Минимальное завышение от штатной высоты автомобиля</li><li data-list=""bullet"">Удобная сборная конструкция, в комплекте шаблон для сборки</li><li data-list=""bullet"">Специальные пазы для крепежных болтов в поперечинах для закрепления дополнительного оборудования</li><li data-list=""bullet"">Эстетичные и надежные крепления для заводских релингов</li><li data-list=""bullet"">Подходит для активного использования на бездорожье.</li><li data-list=""bullet"">Прочная алюминиевая конструкция</li><li data-list=""bullet"">Модульная система, возможна установка большого количества аксессуаров</li><li data-list=""bullet"">Брутальный и современный дизайн</li></ul><br /><strong>Характеристики</strong><br />Размеры багажника: 1527*1116*46мм<br />Размеры погрузочной площадки: 1009*950мм<br />Упаковочные размеры: 1563*1152*82мм<br />Завышение от штатной высоты: 67мм<br />Расстояние от дна платформы до крыши: 68мм<br />Вес: 20.21Kg<br />Динамическая грузоподьемность: 140кг<br />Статическая грузоподьемность:300кг<br />Макcимальный размер диодной балки: до 850мм";https://static.tildacdn.com/stor3763-3864-4861-b765-623330326166/97717483.png;91960.00;;;;;JnV9HUhjlKR7fvLnpA3z;;Jeep;0;0;0;0;;;;;
945999346102;;A.001.000030,103-001-008-00;;"Багажники>>>Багажники STORM;Багажники";"Багажник экспедиционный STORM для Jeep Grand Commander (2022+)";;"Легкий и прочный полноразмерный экспедиционный автомобильный багажник из алюминия <strong>STORM </strong>для Jeep Grand Commander (2022+) входит в систему Arcane Warrior для перевозки вещей и установки дополнительного оборудования для кемпинга и автопутешествий.<br /><ul><li data-list=""bullet"">Минимальное завышение от штатной высоты автомобиля</li><li data-list=""bullet"">Удобная сборная конструкция, в комплекте шаблон для сборки</li><li data-list=""bullet"">Специальные пазы для крепежных болтов в поперечинах для закрепления дополнительного оборудования</li><li data-list=""bullet"">Эстетичные и надежные крепления для заводских релингов</li><li data-list=""bullet"">Подходит для активного использования на бездорожье.</li><li data-list=""bullet"">Прочная алюминиевая конструкция</li><li data-list=""bullet"">Модульная система, возможна установка большого количества аксессуаров</li><li data-list=""bullet"">Брутальный и современный дизайн</li></ul><br /><strong>Характеристики</strong><br />Размеры багажника: 1747*1116*46мм<br />Размеры погрузочной площадки: 1230*950mm<br />Упаковочные размеры: 2020*425*250мм<br />Завышение от штатной высоты: 50мм<br />Расстояние от дна платформы до крыши: 78мм<br />Вес: 21.43Kg<br />Динамическая грузоподьемность: 150кг<br />Статическая грузоподьемность:320кг<br />Макcимальный размер диодной балки: до 850мм";https://static.tildacdn.com/stor3763-3864-4861-b765-623330326166/97717483.png;99484.00;;;;;SELeRDOe1zsybKG6myJ2;;Jeep;0;0;0;0;;;;;
553781731122;;A.001.000036,103-001-015-00;;"Багажники>>>Багажники STORM;Багажники";"Багажник экспедиционный STORM для Jeep Grand Commander (2018-2021)";;"Легкий и прочный полноразмерный экспедиционный автомобильный багажник из алюминия <strong>STORM </strong>для Jeep Grand Commander (2018-2021) входит в систему Arcane Warrior для перевозки вещей и установки дополнительного оборудования для кемпинга и автопутешествий.<br /><ul><li data-list=""bullet"">Минимальное завышение от штатной высоты автомобиля</li><li data-list=""bullet"">Удобная сборная конструкция, в комплекте шаблон для сборки</li><li data-list=""bullet"">Специальные пазы для крепежных болтов в поперечинах для закрепления дополнительного оборудования</li><li data-list=""bullet"">Эстетичные и надежные крепления для заводских релингов</li><li data-list=""bullet"">Подходит для активного использования на бездорожье.</li><li data-list=""bullet"">Прочная алюминиевая конструкция</li><li data-list=""bullet"">Модульная система, возможна установка большого количества аксессуаров</li><li data-list=""bullet"">Брутальный и современный дизайн</li></ul><br /><strong>Характеристики</strong><br />Размеры багажника: 1905*1165*46мм<br />Размеры погрузочной площадки: 1408*1000mm<br />Упаковочные размеры: 11941*1201*82мм<br />Завышение от штатной высоты: 38мм<br />Расстояние от дна платформы до крыши: 58мм<br />Вес: 23.96 кг<br />Динамическая грузоподьемность: 160кг<br />Статическая грузоподьемность:320кг<br />Макcимальный размер диодной балки: до 900мм";https://static.tildacdn.com/stor3763-3864-4861-b765-623330326166/97717483.png;99484.00;;;;;A76LM7lOzEItnZjNOLxE;;Jeep;0;0;0;0;;;;;
650852358052;;A.001.000118,103-005-011-00;;"Багажники>>>Багажники STORM;Багажники";"Багажник экспедиционный STORM для Toyota Crown Kluger (2021-2024)";;"Легкий и прочный полноразмерный экспедиционный автомобильный багажник из алюминия <strong>STORM </strong>для Toyota Crown Kluger (2021-2024) входит в систему Arcane Warrior для перевозки вещей и установки дополнительного оборудования для кемпинга и автопутешествий.<br /><ul><li data-list=""bullet"">Минимальное завышение от штатной высоты автомобиля</li><li data-list=""bullet"">Удобная сборная конструкция, в комплекте шаблон для сборки</li><li data-list=""bullet"">Специальные пазы для крепежных болтов в поперечинах для закрепления дополнительного оборудования</li><li data-list=""bullet"">Эстетичные и надежные крепления для заводских релингов</li></ul><br />Для установки автомобиль должен быть оборудован продольными релингами<br /><br /><strong>Характеристики</strong><br />Размер багажника: 1735*1225*46мм<br />Размеры погрузочной площадки: 1238*1060мм<br />Размер упаковки: 1771*1261*82мм<br />Завышение от штатной высоты: 75мм<br />Расстояние от дна платформы до крыши автомобиля: 70мм<br />Вес: 22.9кг<br />Динамическая грузоподьемность: 150кг<br />Статическая грузоподьемность: 320кг<br />Макcимальный размер диодной балки: 950мм";https://static.tildacdn.com/stor6331-3465-4637-a132-346131613630/89778673.jpg;106904.00;;;;"Способ установки:Для модели с заводскими рейлингами;Для модели без рейлингов";2nI6spNTHymNsstjJppf;;Toyota;0;0;0;0;;;;;
342669573292;;A.001.000140,103-011-002-00;;"Багажники>>>Багажники STORM;Багажники";"Багажник экспедиционный STORM для Nissan Terra/ Nissan Rouge/ Oting Paladin (2018-2020/2023-2025)";;"Легкий и прочный полноразмерный экспедиционный автомобильный багажник из алюминия <strong>STORM </strong>для <strong>Nissan Terra/Rouge (2018-2020) Oting Paladin (2023-2025) </strong>входит в систему Arcane Warrior для перевозки вещей и установки дополнительного оборудования для кемпинга и автопутешествий.<br /><ul><li data-list=""bullet"">Минимальное завышение от штатной высоты автомобиля</li><li data-list=""bullet"">Удобная сборная конструкция, в комплекте шаблон для сборки</li><li data-list=""bullet"">Специальные пазы для крепежных болтов в поперечинах для закрепления дополнительного оборудования</li><li data-list=""bullet"">Эстетичные и надежные крепления для заводских рейлингов</li></ul><br /><strong>Характеристики</strong><br />Размер багажника: 1746*1165*66мм<br />Размеры погрузочной площадки: 1247*1000мм<br />Размер упаковки: 1595*360*495мм<br />Завышение от штатной высоты: 60мм<br />Расстояние от дна платформы до крыши автомобиля: 45мм<br />Вес: 23.5кг<br />Динамическая грузоподьемность: 160кг<br />Статическая грузоподьемность: 350кг<br />Макcимальный размер диодной балки:900мм";https://static.tildacdn.com/stor3734-6565-4431-b833-306565306233/e98dd3b34663af4ba30a01889c97ef5c.webp;99484.00;;;;;pZURdXy4xXdBydgFbB9s;;Nissan;0;0;0;0;;;;;
715048449992;;A.001.000062,103-035-001-00;;"Багажники>>>Багажники STORM;Багажники";"Багажник экспедиционный STORM для Nissan Pathfinder (2024+)";;"Легкий и прочный полноразмерный экспедиционный автомобильный багажник из алюминия <strong>STORM </strong>для <strong>Nissan Pathfinder (2024+) </strong>входит в систему Arcane Warrior для перевозки вещей и установки дополнительного оборудования для кемпинга и автопутешествий.<br /><ul><li data-list=""bullet"">Минимальное завышение от штатной высоты автомобиля</li><li data-list=""bullet"">Удобная сборная конструкция, в комплекте шаблон для сборки</li><li data-list=""bullet"">Специальные пазы для крепежных болтов в поперечинах для закрепления дополнительного оборудования</li><li data-list=""bullet"">Эстетичные и надежные крепления для заводских релингов</li></ul><br /><strong>Характеристики</strong><br />Размер багажника: 1580*1225*66мм<br />Размеры погрузочной площадки: 1083*1060мм<br />Размер упаковки: 2022*363*495мм<br />Завышение от штатной высоты: 88мм<br />Расстояние от дна платформы до крыши автомобиля: 45мм<br />Вес: 22кг<br />Динамическая грузоподьемность: 140кг<br />Статическая грузоподьемность: 300кг<br />Макcимальный размер диодной балки:950мм";https://static.tildacdn.com/stor3865-3030-4536-a465-666464333166/49934420.jpg;99484.00;;;;;YdxoH9DTfguYR9cvjmzs;;Nissan;0;0;0;0;;;;;
168065682372;;A.001.000123,103-006-004-00;;"Багажники>>>Багажники STORM;Багажники";"Багажник экспедиционный STORM для Land Rover Range Rover Sport (2014-2022)";;"Легкий и прочный полноразмерный экспедиционный автомобильный багажник из алюминия <strong>STORM </strong>для<strong> Land Rover Range Rover Sport (2014-2022)</strong> входит в систему Arcane Warrior для перевозки вещей и установки дополнительного оборудования для кемпинга и автопутешествий.<br /><ul><li data-list=""bullet"">Минимальное завышение от штатной высоты автомобиля</li><li data-list=""bullet"">Удобная сборная конструкция, в комплекте шаблон для сборки</li><li data-list=""bullet"">Специальные пазы для крепежных болтов в поперечинах для закрепления дополнительного оборудования</li><li data-list=""bullet"">Эстетичные и надежные крепления для заводских релингов</li></ul><br /><strong>Характеристики</strong><br />Размер багажника:1825*1305*66мм<br />Размеры погрузочной площадки:1329*1139мм<br />Размер упаковки:1595*360*495мм<br />Завышение от штатной высоты: 92мм<br />Расстояние от дна платформы до крыши автомобиля: 47мм<br />Вес: 27,9кг<br />Динамическая грузоподьемность: 160кг<br />Статическая грузоподьемность: 350кг<br />Макcимальный размер диодной балки: 1000мм";https://static.tildacdn.com/stor3865-3030-4536-a465-666464333166/49934420.jpg;107008.00;;;;;t2BcppLmXC6GYlXeOV82;;"Land Rover";0;0;0;0;;;;;
523383527882;;A.001.000134,103-003-005-00;;"Багажники>>>Багажники STORM;Автомобили>>>GWM багажники;Багажники;Автомобили>>>GW Poer";"Багажник экспедиционный STORM для GREAT WALL POER PRO (2020-2025)";;"Легкий и прочный полноразмерный экспедиционный автомобильный багажник из алюминия <strong>STORM </strong>для GREAT WALL POER PRO (2020-2025) входит в систему Arcane Warrior для перевозки вещей и установки дополнительного оборудования для кемпинга и автопутешествий.<br /><ul><li data-list=""bullet"">Минимальное завышение от штатной высоты автомобиля</li><li data-list=""bullet"">Удобная сборная конструкция, в комплекте шаблон для сборки</li><li data-list=""bullet"">Специальные пазы для крепежных болтов в поперечинах для закрепления дополнительного оборудования</li><li data-list=""bullet"">Эстетичные и надежные крепления для заводских релингов</li></ul><br /><strong>Для установки автомобиль должен быть оборудован заводскими продольными релингами.</strong><br /><br /><strong>Характеристики</strong><br />Размер багажника: 1352*1225*46мм<br />Размеры погрузочной площадки: 1142*1060мм<br />Размер упаковки: 1388*1261*82мм<br />Завышение от штатной высоты: 60мм<br />Расстояние от дна платформы до крыши автомобиля: 73мм<br />Вес: 16.2кг<br />Динамическая грузоподьемность: 150кг<br />Статическая грузоподьемность: 300кг<br />Макcимальный размер диодной балки: 1000мм";https://static.tildacdn.com/stor6331-3465-4637-a132-346131613630/89778673.jpg;96976.00;;;;;Ca9zEOXSGZh4XSe7sOls;;"Great Wall";0;0;0;0;;;;;
426071698492;;A.001.000012,103-012-002-00;;"Багажники>>>Багажники STORM;Багажники";"Багажник экспедиционный STORM для Ford Explorer (2020-2023)";;"Легкий и прочный полноразмерный экспедиционный автомобильный багажник из алюминия <strong>STORM </strong>для Ford Explorer (2020-2023) входит в систему Arcane Warrior для перевозки вещей и установки дополнительного оборудования для кемпинга и автопутешествий.<br /><ul><li data-list=""bullet"">Минимальное завышение от штатной высоты автомобиля</li><li data-list=""bullet"">Удобная сборная конструкция, в комплекте шаблон для сборки</li><li data-list=""bullet"">Специальные пазы для крепежных болтов в поперечинах для закрепления дополнительного оборудования</li></ul><br /><strong>Характеристики</strong><br />Размер багажника:1650*1305*66мм<br />Размеры погрузочной площадки:1153*1139мм<br />Размер упаковки:1595*360*495мм<br />Завышение от штатной высоты: 82мм<br />Расстояние от дна платформы до крыши автомобиля: 88мм<br />Вес: 25,6кг<br />Динамическая грузоподьемность: 150кг<br />Статическая грузоподьемность: 320кг<br />Макcимальный размер диодной балки: 1000мм";https://static.tildacdn.com/stor6331-3465-4637-a132-346131613630/89778673.jpg;99484.00;;;;;ELlt47tmPk9A74juueGJ;;Ford;0;0;0;0;;;;;
498215549952;;A.001.000110,103-012-009-00;;"Багажники>>>Багажники STORM;Багажники";"Багажник экспедиционный STORM для Ford Everest (2016-2020)";;"Легкий и прочный полноразмерный экспедиционный автомобильный багажник из алюминия <strong>STORM </strong>для Ford Everest (2016-2020) входит в систему Arcane Warrior для перевозки вещей и установки дополнительного оборудования для кемпинга и автопутешествий.<br /><ul><li data-list=""bullet"">Минимальное завышение от штатной высоты автомобиля</li><li data-list=""bullet"">Удобная сборная конструкция, в комплекте шаблон для сборки</li><li data-list=""bullet"">Специальные пазы для крепежных болтов в поперечинах для закрепления дополнительного оборудования</li></ul><br /><strong>Характеристики</strong><br />Размер багажника:1775*1195*66мм<br />Размеры погрузочной площадки:1278*1030мм<br />Размер упаковки:1595*360*495мм<br />Завышение от штатной высоты: 75мм<br />Расстояние от дна платформы до крыши автомобиля: 45мм<br />Вес: 24,1кг<br />Динамическая грузоподьемность: 150кг<br />Статическая грузоподьемность: 320кг<br />Макcимальный размер диодной балки: 900мм";https://static.tildacdn.com/stor6331-3465-4637-a132-346131613630/89778673.jpg;99484.00;;;;;dLGLsGmY1ROfrnOSSFGt;;Ford;0;0;0;0;;;;;
837373456432;;A.001.000013,103-012-006-00;;"Багажники>>>Багажники STORM;Багажники";"Багажник экспедиционный STORM для Ford Edge L (2023-2024)";;"Легкий и прочный полноразмерный экспедиционный автомобильный багажник из алюминия <strong>STORM </strong>для Ford Edge L (2023-2024) входит в систему Arcane Warrior для перевозки вещей и установки дополнительного оборудования для кемпинга и автопутешествий.<br /><ul><li data-list=""bullet"">Минимальное завышение от штатной высоты автомобиля</li><li data-list=""bullet"">Удобная сборная конструкция, в комплекте шаблон для сборки</li><li data-list=""bullet"">Специальные пазы для крепежных болтов в поперечинах для закрепления дополнительного оборудования</li></ul><br /><strong>Характеристики</strong><br />Размер багажника:1910*1260*66мм<br />Размеры погрузочной площадки:1413*1094мм<br />Размер упаковки:2022*363*495мм<br />Завышение от штатной высоты: 56мм<br />Расстояние от дна платформы до крыши автомобиля: 60мм<br />Вес: 27,6кг<br />Динамическая грузоподьемность: 160кг<br />Статическая грузоподьемность: 320кг<br />Макcимальный размер диодной балки: 1000мм";https://static.tildacdn.com/stor6331-3465-4637-a132-346131613630/89778673.jpg;99484.00;;;;;S9yDji4K0rpdC9zrRjno;;Ford;0;0;0;0;;;;;
480033896172;;A.001.000105,103-010-002-00;;"Багажники>>>Багажники STORM;Багажники";"Багажник экспедиционный STORM для BAIC MOTOR BJ60/BJ60 Thunder (2022-2024)";;"Легкий и прочный алюминиевый экспедиционный автомобильный багажник из алюминия <strong>STORM </strong>для BAIC MOTOR BJ60/BJ60 Thunder (2022-2024) входит в систему <strong>Arcane Warrior</strong> для перевозки вещей и установки дополнительного оборудования для кемпинга и автопутешествий.<br /><ul><li data-list=""bullet"">Минимальное завышение от штатной высоты автомобиля</li><li data-list=""bullet"">Удобная сборная конструкция, в комплекте шаблон для сборки</li><li data-list=""bullet"">Специальные пазы для крепежных болтов в поперечинах для закрепления дополнительного оборудования</li><li data-list=""bullet"">Эстетичные и надежные крепления для заводских релингов</li></ul><br /><strong>Характеристики</strong><br />Размер багажника:1205*1225*46мм<br />Размеры погрузочной площадки:1710*1060мм<br />Размер упаковки:2241*1261*82мм<br />Завышение от штатной высоты: 100мм<br />Расстояние от дна платформы до крыши автомобиля: 60мм<br />Вес: 27,2кг<br />Динамическая грузоподьемность: 180кг<br />Статическая грузоподьемность: 350кг<br />Макcимальный размер диодной балки: 950мм";https://static.tildacdn.com/stor3938-6336-4933-b065-383161323738/65064910.jpg;116936.00;;;;;UPC39Tj5knmPu4szAR7P;;BAIC;0;0;0;0;;;;;
991046808802;;A.001.000104,103-010-003-00;;"Багажники>>>Багажники STORM;Багажники";"Багажник экспедиционный STORM для BAIC MOTOR BJ90 (2018-2023)";;"Легкий и прочный алюминиевый экспедиционный автомобильный багажник из алюминия <strong>STORM </strong>для BAIC MOTOR BJ90 (2018-2023) входит в систему <strong>Arcane Warrior</strong> для перевозки вещей и установки дополнительного оборудования для кемпинга и автопутешествий.<br /><ul><li data-list=""bullet"">Минимальное завышение от штатной высоты автомобиля</li><li data-list=""bullet"">Удобная сборная конструкция, в комплекте шаблон для сборки</li><li data-list=""bullet"">Специальные пазы для крепежных болтов в поперечинах для закрепления дополнительного оборудования</li><li data-list=""bullet"">Эстетичные и надежные крепления для заводских релингов</li></ul><br />Для установки автомобиль должен быть оборудован продольными релингами<br /><br /><strong>Характеристики</strong><br />Размер багажника:1695*1165*46мм<br />Размеры погрузочной площадки:1198*1000мм<br />Размер упаковки:1731*1201*82мм<br />Завышение от штатной высоты: 48мм<br />Расстояние от дна платформы до крыши автомобиля: 92мм<br />Вес: 21,8кг<br />Динамическая грузоподьемность: 150кг<br />Статическая грузоподьемность: 320кг<br />Макcимальный размер диодной балки: 900мм";https://static.tildacdn.com/stor3938-6336-4933-b065-383161323738/65064910.jpg;107008.00;;;;;4OAZOVj48dadPsPvP7uf;;BAIC;0;0;0;0;;;;;
167935125182;;A.001.000103,103-010-011-00;;"Багажники>>>Багажники STORM;Багажники";"Багажник экспедиционный STORM для BAIC MOTOR BJ30 (2024+)";;"Легкий и прочный алюминиевый экспедиционный автомобильный багажник из алюминия <strong>STORM </strong>для BAIC MOTOR BJ30 (2024+) входит в систему <strong>Arcane Warrior</strong> для перевозки вещей и установки дополнительного оборудования для кемпинга и автопутешествий.<br /><ul><li data-list=""bullet"">Минимальное завышение от штатной высоты автомобиля</li><li data-list=""bullet"">Удобная сборная конструкция, в комплекте шаблон для сборки</li><li data-list=""bullet"">Специальные пазы для крепежных болтов в поперечинах для закрепления дополнительного оборудования</li><li data-list=""bullet"">Эстетичные и надежные крепления для заводских релингов</li></ul><br /><strong>Характеристики</strong><br />Размер багажника:2017*1116*46мм<br />Размеры погрузочной площадки:1445*950мм<br />Размер упаковки:1581*1152*82мм<br />Завышение от штатной высоты: 73мм<br />Расстояние от дна платформы до крыши автомобиля: 68мм<br />Вес: 23,4кг<br />Динамическая грузоподьемность: 150кг<br />Статическая грузоподьемность: 320кг<br />Макcимальный размер диодной балки: 900мм";https://static.tildacdn.com/stor3938-6336-4933-b065-383161323738/65064910.jpg;107008.00;;;;;Rnj8YedzkNG84U4AP6UZ;;BAIC;0;0;0;0;;;;;
946849198952;;A.001.000148,103-022-002-00;;"Багажники>>>Багажники STORM;Багажники";"Багажник экспедиционный STORM для Volkswagen Tiguan L (2017- 2024)";;"Легкий и прочный полноразмерный экспедиционный автомобильный багажник из алюминия <strong>STORM </strong>для <strong>Volkswagen Tiguan L (2017- 2024)</strong> входит в систему Arcane Warrior для перевозки вещей и установки дополнительного оборудования для кемпинга и автопутешествий.<br /><ul><li data-list=""bullet"">Минимальное завышение от штатной высоты автомобиля</li><li data-list=""bullet"">Удобная сборная конструкция, в комплекте шаблон для сборки</li><li data-list=""bullet"">Специальные пазы для крепежных болтов в поперечинах для закрепления дополнительного оборудования</li><li data-list=""bullet"">Эстетичные и надежные крепления для заводских релингов</li></ul><br />Для установки в штатные заводские крепления на крыше<br /><br /><strong>Характеристики</strong><br />Размер багажника 1670*1151*66мм<br />Размеры погрузочной площадки: 1173*985мм<br />Размер упаковки: 1595*360*495мм<br />Завышение от штатной высоты: 71мм<br />Расстояние от дна платформы до крыши автомобиля: 75мм<br />Вес: 23,3кг<br />Динамическая грузоподьемность: 150кг<br />Статическая грузоподьемность: 320кг<br />Макcимальный размер диодной балки: 900мм";https://static.tildacdn.com/stor6331-3465-4637-a132-346131613630/89778673.jpg;99484.00;;;;"Способ установки:Для модели с заводскими рейлингами;Для модели без рейлингов";dkN5BCIYAygCyXd9vtPy;;Volkswagen;0;0;0;0;;;;;
609042994922;;A.001.000093,103-022-003-00;;"Багажники>>>Багажники STORM;Багажники";"Багажник экспедиционный STORM для Volkswagen Tharu (2019- 2023)";;"Легкий и прочный полноразмерный экспедиционный автомобильный багажник из алюминия <strong>STORM </strong>для <strong>Volkswagen Tharu (2019- 2023)</strong> входит в систему Arcane Warrior для перевозки вещей и установки дополнительного оборудования для кемпинга и автопутешествий.<br /><ul><li data-list=""bullet"">Минимальное завышение от штатной высоты автомобиля</li><li data-list=""bullet"">Удобная сборная конструкция, в комплекте шаблон для сборки</li><li data-list=""bullet"">Специальные пазы для крепежных болтов в поперечинах для закрепления дополнительного оборудования</li><li data-list=""bullet"">Эстетичные и надежные крепления для заводских релингов</li></ul><br />Для установки в штатные заводские крепления на крыше<br /><br /><strong>Характеристики</strong><br />Размер багажника 1600*1151*66мм<br />Размеры погрузочной площадки: 1103*985мм<br />Размер упаковки: 1595*360*495мм<br />Завышение от штатной высоты: 83мм<br />Расстояние от дна платформы до крыши автомобиля: 75мм<br />Вес: 22,9кг<br />Динамическая грузоподьемность: 150кг<br />Статическая грузоподьемность: 320кг<br />Макcимальный размер диодной балки: 900мм";https://static.tildacdn.com/stor6331-3465-4637-a132-346131613630/89778673.jpg;107008.00;;;;"Способ установки:Для модели с заводскими рейлингами;Для модели без рейлингов";PBMUibYmTAbbXAly9hlj;;Volkswagen;0;0;0;0;;;;;
114435596962;;A.001.000092,103-022-006-00;;"Багажники>>>Багажники STORM;Багажники";"Багажник экспедиционный STORM для Volkswagen Tayron (2019-2024)";;"Легкий и прочный полноразмерный экспедиционный автомобильный багажник из алюминия <strong>STORM </strong>для <strong>Volkswagen Tayron (2019-2024)</strong> входит в систему Arcane Warrior для перевозки вещей и установки дополнительного оборудования для кемпинга и автопутешествий.<br /><ul><li data-list=""bullet"">Минимальное завышение от штатной высоты автомобиля</li><li data-list=""bullet"">Удобная сборная конструкция, в комплекте шаблон для сборки</li><li data-list=""bullet"">Специальные пазы для крепежных болтов в поперечинах для закрепления дополнительного оборудования</li><li data-list=""bullet"">Эстетичные и надежные крепления для заводских релингов</li></ul><br />Для установки в штатные заводские крепления на крыше<br /><br /><strong>Характеристики</strong><br />Размер багажника 1465*1151*66мм<br />Размеры погрузочной площадки: 968*985мм<br />Размер упаковки: 1595*360*495мм<br />Завышение от штатной высоты: 79мм<br />Расстояние от дна платформы до крыши автомобиля: 86мм<br />Вес: 21,2кг<br />Динамическая грузоподьемность: 140кг<br />Статическая грузоподьемность: 300кг<br />Макcимальный размер диодной балки: 850мм";https://static.tildacdn.com/stor6331-3465-4637-a132-346131613630/89778673.jpg;91960.00;;;;"Способ установки:Для модели с заводскими рейлингами;Для модели без рейлингов";asTAvj4AXT0Vglf140OY;;Volkswagen;0;0;0;0;;;;;
535145331732;;A.001.000093,103-022-007-00;;"Багажники>>>Багажники STORM;Багажники";"Багажник экспедиционный STORM для Volkswagen T-ROC (2018-2023)";;"Легкий и прочный полноразмерный экспедиционный автомобильный багажник из алюминия <strong>STORM </strong>для <strong>Volkswagen T-ROC (2018-2023)</strong> входит в систему Arcane Warrior для перевозки вещей и установки дополнительного оборудования для кемпинга и автопутешествий.<br /><ul><li data-list=""bullet"">Минимальное завышение от штатной высоты автомобиля</li><li data-list=""bullet"">Удобная сборная конструкция, в комплекте шаблон для сборки</li><li data-list=""bullet"">Специальные пазы для крепежных болтов в поперечинах для закрепления дополнительного оборудования</li><li data-list=""bullet"">Эстетичные и надежные крепления для заводских релингов</li></ul><br />Для установки в штатные заводские крепления на крыше<br /><br /><strong>Характеристики</strong><br />Размер багажника 1460*1116*66мм<br />Размеры погрузочной площадки: 963*950мм<br />Размер упаковки: 1595*360*495мм<br />Завышение от штатной высоты: 53мм<br />Расстояние от дна платформы до крыши автомобиля: 68мм<br />Вес: 20,6кг<br />Динамическая грузоподьемность: 140кг<br />Статическая грузоподьемность: 300кг<br />Макcимальный размер диодной балки: 850мм";https://static.tildacdn.com/stor6331-3465-4637-a132-346131613630/89778673.jpg;91960.00;;;;"Способ установки:Для модели с заводскими рейлингами;Для модели без рейлингов";6mHAAGIZhPhv224VsNIP;;Volkswagen;0;0;0;0;;;;;
900237098732;;A.001.000090,103-022-004-00;;"Багажники>>>Багажники STORM;Багажники";"Багажник экспедиционный STORM для Volkswagen ID.6X/ID6crozz (2021-2023)";;"Легкий и прочный полноразмерный экспедиционный автомобильный багажник из алюминия <strong>STORM </strong>для <strong>Volkswagen ID.6X/ID6crozz (2021-2023)</strong> входит в систему Arcane Warrior для перевозки вещей и установки дополнительного оборудования для кемпинга и автопутешествий.<br /><ul><li data-list=""bullet"">Минимальное завышение от штатной высоты автомобиля</li><li data-list=""bullet"">Удобная сборная конструкция, в комплекте шаблон для сборки</li><li data-list=""bullet"">Специальные пазы для крепежных болтов в поперечинах для закрепления дополнительного оборудования</li><li data-list=""bullet"">Эстетичные и надежные крепления для заводских релингов</li></ul><br />Для установки в штатные заводские крепления на крыше<br /><br /><strong>Характеристики</strong><br />Размер багажника 1716*1151*66мм<br />Размеры погрузочной площадки: 1219*985мм<br />Размер упаковки: 1595*360*495мм<br />Завышение от штатной высоты: 86мм<br />Расстояние от дна платформы до крыши автомобиля: 75мм<br />Вес: 23,6кг<br />Динамическая грузоподьемность: 150кг<br />Статическая грузоподьемность: 320кг <br />Макcимальный размер диодной балки: 900мм";https://static.tildacdn.com/stor6331-3465-4637-a132-346131613630/89778673.jpg;99484.00;;;;"Способ установки:Для модели с заводскими рейлингами;Для модели без рейлингов";vn4oFlCzEXhzOFes51zI;;Volkswagen;0;0;0;0;;;;;
646599596492;;A.001.000094,103-022-008-00;;"Багажники>>>Багажники STORM;Багажники";"Багажник экспедиционный STORM для Volkswagen ID.4X/ID4crozz (2021-2024)";;"Легкий и прочный полноразмерный экспедиционный автомобильный багажник из алюминия <strong>STORM </strong>для <strong>Volkswagen ID.4X/ID4crozz (2021-2024)</strong> входит в систему Arcane Warrior для перевозки вещей и установки дополнительного оборудования для кемпинга и автопутешествий.<br /><ul><li data-list=""bullet"">Минимальное завышение от штатной высоты автомобиля</li><li data-list=""bullet"">Удобная сборная конструкция, в комплекте шаблон для сборки</li><li data-list=""bullet"">Специальные пазы для крепежных болтов в поперечинах для закрепления дополнительного оборудования</li><li data-list=""bullet"">Эстетичные и надежные крепления для заводских релингов</li></ul><br />Для установки в штатные заводские крепления на крыше<br /><br /><strong>Характеристики</strong><br />Размер багажника 1470*1151*66мм<br />Размеры погрузочной площадки: 973*985мм<br />Размер упаковки: 1595*360*495мм<br />Завышение от штатной высоты: 76мм<br />Расстояние от дна платформы до крыши автомобиля: 72мм<br />Вес: 21,2кг<br />Динамическая грузоподьемность: 140кг<br />Статическая грузоподьемность: 300кг <br />Макcимальный размер диодной балки: 850мм";https://static.tildacdn.com/stor6331-3465-4637-a132-346131613630/89778673.jpg;91960.00;;;;"Способ установки:Для модели с заводскими рейлингами;Для модели без рейлингов";dMngvfUKIV3pGR3MRBIM;;Volkswagen;0;0;0;0;;;;;
221209667362;;A.001.000096,103-022-010-00;;"Багажники>>>Багажники STORM;Багажники";"Багажник экспедиционный STORM для Volkswagen Talagon (2021-2024)";;"Легкий и прочный полноразмерный экспедиционный автомобильный багажник из алюминия <strong>STORM </strong>для <strong>Volkswagen Talagon (2021-2024)</strong> входит в систему Arcane Warrior для перевозки вещей и установки дополнительного оборудования для кемпинга и автопутешествий.<br /><ul><li data-list=""bullet"">Минимальное завышение от штатной высоты автомобиля</li><li data-list=""bullet"">Удобная сборная конструкция, в комплекте шаблон для сборки</li><li data-list=""bullet"">Специальные пазы для крепежных болтов в поперечинах для закрепления дополнительного оборудования</li><li data-list=""bullet"">Эстетичные и надежные крепления для заводских релингов</li></ul><br />Для установки в штатные заводские крепления на крыше<br /><br /><strong>Характеристики</strong><br />Размер багажника 1730*1151*66мм<br />Размеры погрузочной площадки: 1233*985мм<br />Размер упаковки: 1595*360*495мм<br />Завышение от штатной высоты: 90мм<br />Расстояние от дна платформы до крыши автомобиля: 90мм<br />Вес: 23кг<br />Динамическая грузоподьемность: 150кг<br />Статическая грузоподьемность: 320кг <br />Макcимальный размер диодной балки: 900мм";https://static.tildacdn.com/stor6331-3465-4637-a132-346131613630/89778673.jpg;99484.00;;;;"Способ установки:Для модели с заводскими рейлингами;Для модели без рейлингов";pTsMUCD1fXnx1EMTOLRk;;Volkswagen;0;0;0;0;;;;;
784351787062;;A.001.000098,103-022-011-00;;"Багажники>>>Багажники STORM;Багажники";"Багажник экспедиционный STORM для Volkswagen Touareg (2019-2023)";;"Легкий и прочный полноразмерный экспедиционный автомобильный багажник из алюминия <strong>STORM </strong>для <strong>Volkswagen Touareg (2019-2023)</strong> входит в систему Arcane Warrior для перевозки вещей и установки дополнительного оборудования для кемпинга и автопутешествий.<br /><ul><li data-list=""bullet"">Минимальное завышение от штатной высоты автомобиля</li><li data-list=""bullet"">Удобная сборная конструкция, в комплекте шаблон для сборки</li><li data-list=""bullet"">Специальные пазы для крепежных болтов в поперечинах для закрепления дополнительного оборудования</li><li data-list=""bullet"">Эстетичные и надежные крепления для заводских релингов</li></ul><br />Для установки в штатные заводские крепления на крыше<br /><br /><strong>Характеристики</strong><br />Размер багажника 1650*1195*66мм<br />Размеры погрузочной площадки: 1158*1030мм<br />Размер упаковки: 1595*360*495мм<br />Завышение от штатной высоты: 75мм<br />Расстояние от дна платформы до крыши автомобиля: 75мм<br />Вес: 23,9кг<br />Динамическая грузоподьемность: 150кг<br />Статическая грузоподьемность: 320кг <br />Макcимальный размер диодной балки: 900мм";https://static.tildacdn.com/stor6331-3465-4637-a132-346131613630/89778673.jpg;99484.00;;;;"Способ установки:Для модели с заводскими рейлингами;Для модели без рейлингов";R4u0YZN98uvFRkPG6p6m;;Volkswagen;0;0;0;0;;;;;
956696573562;;A.001.000097,103-022-012-00;;"Багажники>>>Багажники STORM;Багажники";"Багажник экспедиционный STORM для Volkswagen Tavendor (2023-2024)";;"Легкий и прочный полноразмерный экспедиционный автомобильный багажник из алюминия <strong>STORM </strong>для <strong>Volkswagen Tavendor (2023-2024)</strong> входит в систему Arcane Warrior для перевозки вещей и установки дополнительного оборудования для кемпинга и автопутешествий.<br /><ul><li data-list=""bullet"">Минимальное завышение от штатной высоты автомобиля</li><li data-list=""bullet"">Удобная сборная конструкция, в комплекте шаблон для сборки</li><li data-list=""bullet"">Специальные пазы для крепежных болтов в поперечинах для закрепления дополнительного оборудования</li><li data-list=""bullet"">Эстетичные и надежные крепления для заводских релингов</li></ul><br />Для установки в штатные заводские крепления на крыше<br /><br /><strong>Характеристики</strong><br />Размер багажника 1550*1151*66мм<br />Размеры погрузочной площадки: 1153*985мм<br />Размер упаковки: 1595*360*495мм<br />Завышение от штатной высоты: 82мм<br />Расстояние от дна платформы до крыши автомобиля: 95мм<br />Вес: 21,1кг<br />Динамическая грузоподьемность: 140кг<br />Статическая грузоподьемность: 300кг <br />Макcимальный размер диодной балки: 900мм";https://static.tildacdn.com/stor6331-3465-4637-a132-346131613630/89778673.jpg;99484.00;;;;"Способ установки:Для модели с заводскими рейлингами;Для модели без рейлингов";P13TvmPX25uuuGOzyV5B;;Volkswagen;0;0;0;0;;;;;
622807060622;;A.001.000057,103-036-002-00;;"Багажники>>>Багажники STORM;Багажники";"Багажник экспедиционный STORM для Mercedes ML (2012-2015)";;"Легкий и прочный полноразмерный экспедиционный автомобильный багажник из алюминия <strong>STORM </strong>для Mercedes-Benz ML (2012-2015) входит в систему Arcane Warrior для перевозки вещей и установки дополнительного оборудования для кемпинга и автопутешествий.<br /><ul><li data-list=""bullet"">Минимальное завышение от штатной высоты автомобиля</li><li data-list=""bullet"">Удобная сборная конструкция, в комплекте шаблон для сборки</li><li data-list=""bullet"">Специальные пазы для крепежных болтов в поперечинах для закрепления дополнительного оборудования</li><li data-list=""bullet"">Эстетичные и надежные крепления для заводских релингов</li></ul><br /><strong>Версия для установки на заводские релинги </strong><br /><br /><strong>Характеристики</strong><br />Размер багажника 1680*1225*66мм<br />Размеры погрузочной площадки: 1183*1060мм<br />Размер упаковки: 1595*360*495мм<br />Завышение от штатной высоты: 85мм<br />Расстояние от дна платформы до крыши автомобиля: 85мм<br />Вес: 24.4кг<br />Динамическая грузоподьемность: 150кг<br />Статическая грузоподьемность: 320кг <br />Макcимальный размер диодной балки: 900мм";https://static.tildacdn.com/stor6331-3465-4637-a132-346131613630/89778673.jpg;99484.00;;;;"Способ установки:Для модели с заводскими рейлингами;Для модели без рейлингов";7Slb3t4jnCc6OZuo7AMO;;Mercedes;0;0;0;0;;;;;
909865510362;;A.001.000163,103-036-003-00;;"Багажники>>>Багажники STORM;Багажники";"Багажник экспедиционный STORM для Mercedes GLC (2016-2025)";;"Легкий и прочный полноразмерный экспедиционный автомобильный багажник из алюминия <strong>STORM </strong>для Mercedes-Benz GLC (2016-2025) входит в систему Arcane Warrior для перевозки вещей и установки дополнительного оборудования для кемпинга и автопутешествий.<br /><ul><li data-list=""bullet"">Минимальное завышение от штатной высоты автомобиля</li><li data-list=""bullet"">Удобная сборная конструкция, в комплекте шаблон для сборки</li><li data-list=""bullet"">Специальные пазы для крепежных болтов в поперечинах для закрепления дополнительного оборудования</li><li data-list=""bullet"">Эстетичные и надежные крепления для заводских релингов</li></ul><br /><strong>Версия для установки на заводские релинги </strong><br /><br /><strong>Характеристики</strong><br />Размер багажника 1800*1116*46мм<br />Размеры погрузочной площадки: 1303*950мм<br />Размер упаковки: 1836*1152*82мм<br />Завышение от штатной высоты: 82мм<br />Расстояние от дна платформы до крыши автомобиля: 64мм<br />Вес: 21.73кг<br />Динамическая грузоподьемность: 150кг<br />Статическая грузоподьемность: 320кг <br />Макcимальный размер диодной балки: 850мм";https://static.tildacdn.com/stor6331-3465-4637-a132-346131613630/89778673.jpg;99484.00;;;;"Способ установки:Для модели с заводскими рейлингами;Для модели без рейлингов";TVKCee8b85VjBkDT5905;;Mercedes;0;0;0;0;;;;;
423824531022;;A.001.000066,103-014-001-00;;"Багажники>>>Багажники STORM;Багажники";"Багажник экспедиционный STORM для Roewe RX8 (2018-2021)";;"Легкий и прочный полноразмерный экспедиционный автомобильный багажник из алюминия <strong>STORM </strong>для <strong>Roewe RX8 (2018-2021) </strong>входит в систему Arcane Warrior для перевозки вещей и установки дополнительного оборудования для кемпинга и автопутешествий.<br /><ul><li data-list=""bullet"">Минимальное завышение от штатной высоты автомобиля</li><li data-list=""bullet"">Удобная сборная конструкция, в комплекте шаблон для сборки</li><li data-list=""bullet"">Специальные пазы для крепежных болтов в поперечинах для закрепления дополнительного оборудования</li><li data-list=""bullet"">Эстетичные и надежные крепления для заводских релингов</li></ul><br /><strong>Характеристики</strong><br />Размер багажника 1786*1151*46мм<br />Размеры погрузочной площадки: 1290*985мм<br />Размер упаковки: 1822*1187*82мм<br />Завышение от штатной высоты: 61мм<br />Расстояние от дна платформы до крыши автомобиля: 60мм<br />Вес: 23кг<br />Динамическая грузоподьемность: 150кг<br />Статическая грузоподьемность: 320кг <br />Макcимальный размер диодной балки: 950мм";https://static.tildacdn.com/stor3865-3030-4536-a465-666464333166/49934420.jpg;99484.00;;;;;ETYp4DyBBGcHLtmFmKDF;;Roewe;0;0;0;0;;;;;
609452372562;;A.001.000055,103-028-001-00;;"Багажники>>>Багажники STORM;Багажники";"Багажник экспедиционный STORM для Subaru Forester (2019-2024)";;"Легкий и прочный полноразмерный экспедиционный автомобильный багажник из алюминия <strong>STORM </strong>для<strong> </strong>Subaru Forester (2019-2024) входит в систему Arcane Warrior для перевозки вещей и установки дополнительного оборудования для кемпинга и автопутешествий.<br /><ul><li data-list=""bullet"">Минимальное завышение от штатной высоты автомобиля</li><li data-list=""bullet"">Удобная сборная конструкция, в комплекте шаблон для сборки</li><li data-list=""bullet"">Специальные пазы для крепежных болтов в поперечинах для закрепления дополнительного оборудования</li><li data-list=""bullet"">Эстетичные и надежные крепления для заводских релингов</li></ul><br /><strong>Для установки автомобиль должен быть оборудован продольными релингами</strong><br /><br /><strong>Характеристики</strong><br />Размер багажника 1606*1116*66мм<br />Размеры погрузочной площадки: 1108*950мм<br />Размер упаковки: 1595*360*495мм<br />Завышение от штатной высоты: 90мм<br />Расстояние от дна платформы до крыши автомобиля: 105мм<br />Вес: 22,8кг<br />Динамическая грузоподьемность: 150кг<br />Статическая грузоподьемность: 320кг <br />Макcимальный размер диодной балки: 850мм";https://static.tildacdn.com/stor3938-6336-4933-b065-383161323738/65064910.jpg;99484.00;;;;;Ifrm05EyIjeicE5V4ZdX;;Subaru;0;0;0;0;;;;;
279967756882;;A.001.000059;;"Багажники>>>Багажники STORM;Багажники";"Багажник экспедиционный STORM для Cadillac XT5 (2016-2024)";;"Легкий и прочный полноразмерный экспедиционный автомобильный багажник из алюминия <strong>STORM </strong>для<strong> </strong>Cadillac XT5 (2016-2024) входит в систему Arcane Warrior для перевозки вещей и установки дополнительного оборудования для кемпинга и автопутешествий.<br /><ul><li data-list=""bullet"">Минимальное завышение от штатной высоты автомобиля</li><li data-list=""bullet"">Удобная сборная конструкция, в комплекте шаблон для сборки</li><li data-list=""bullet"">Специальные пазы для крепежных болтов в поперечинах для закрепления дополнительного оборудования</li><li data-list=""bullet"">Эстетичные и надежные крепления для заводских релингов</li></ul><br /><strong>Для установки автомобиль должен быть оборудован продольными релингами</strong><br /><br /><strong>Характеристики</strong><br />Размер багажника 1690*1065*66мм<br />Размеры погрузочной площадки: 1193*900мм<br />Размер упаковки: 1595*360*495мм<br />Завышение от штатной высоты: 60мм<br />Расстояние от дна платформы до крыши автомобиля: 58мм<br />Вес: 22,3кг<br />Динамическая грузоподьемность: 150кг<br />Статическая грузоподьемность: 320кг <br />Макcимальный размер диодной балки: 800мм";https://static.tildacdn.com/stor3938-6336-4933-b065-383161323738/65064910.jpg;96976.00;;;;;rOgD2YJtAO71pKxdakYN;;Cadillac;0;0;0;0;;;;;
212932858112;;A.001.000058,103-032-001-00;;"Багажники>>>Багажники STORM;Багажники";"Багажник экспедиционный STORM для Cadillac XT6 (2016-2024)";;"Легкий и прочный полноразмерный экспедиционный автомобильный багажник из алюминия <strong>STORM </strong>для<strong> </strong>Cadillac XT6 (2016-2024) входит в систему Arcane Warrior для перевозки вещей и установки дополнительного оборудования для кемпинга и автопутешествий.<br /><ul><li data-list=""bullet"">Минимальное завышение от штатной высоты автомобиля</li><li data-list=""bullet"">Удобная сборная конструкция, в комплекте шаблон для сборки</li><li data-list=""bullet"">Специальные пазы для крепежных болтов в поперечинах для закрепления дополнительного оборудования</li><li data-list=""bullet"">Эстетичные и надежные крепления для заводских релингов</li></ul><br /><strong>Характеристики</strong><br />Размер багажника 1620*1116*66мм<br />Размеры погрузочной площадки: 1123*950мм<br />Размер упаковки: 1595*360*495мм<br />Завышение от штатной высоты: 65мм<br />Расстояние от дна платформы до крыши автомобиля: 81мм<br />Вес: 22,9кг<br />Динамическая грузоподьемность: 150кг<br />Статическая грузоподьемность: 320кг <br />Макcимальный размер диодной балки: 850мм";https://static.tildacdn.com/stor3938-6336-4933-b065-383161323738/65064910.jpg;99484.00;;;;;bgKgPecy8bMm6ZiBe7Kv;;Cadillac;0;0;0;0;;;;;
778721469262;;A.001.000061;;"Багажники>>>Багажники STORM;Багажники";"Багажник экспедиционный STORM для Buick Envision (2014-2021)";;"Легкий и прочный полноразмерный экспедиционный автомобильный багажник из алюминия <strong>STORM </strong>для <strong>Buick Envision (2014-2021) </strong>входит в систему Arcane Warrior для перевозки вещей и установки дополнительного оборудования для кемпинга и автопутешествий.<br /><ul><li data-list=""bullet"">Минимальное завышение от штатной высоты автомобиля</li><li data-list=""bullet"">Удобная сборная конструкция, в комплекте шаблон для сборки</li><li data-list=""bullet"">Специальные пазы для крепежных болтов в поперечинах для закрепления дополнительного оборудования</li><li data-list=""bullet"">Эстетичные и надежные крепления для заводских релингов</li></ul><br />Не доступно для версий Enclave S/ Enclave plus<br /><br /><strong>Характеристики</strong><br />Размер багажника 1427*1065*66мм<br />Размеры погрузочной площадки: 930*900мм<br />Размер упаковки: 1595*360*495мм<br />Завышение от штатной высоты: 65мм<br />Расстояние от дна платформы до крыши автомобиля: 65мм<br />Вес: 19,7кг<br />Динамическая грузоподьемность: 140кг<br />Статическая грузоподьемность: 300кг <br />Макcимальный размер диодной балки: 950мм";https://static.tildacdn.com/stor3865-3030-4536-a465-666464333166/49934420.jpg;96976.00;;;;;sgLTCgP22e6xCMrULKoJ;;Buick;0;0;0;0;;;;;
646235445172;;A.001.000111,103-042-001-00;;"Багажники>>>Багажники STORM;Багажники";"Багажник экспедиционный STORM для Chevrolet Blazer (2020)";;"Легкий и прочный полноразмерный экспедиционный автомобильный багажник из алюминия <strong>STORM </strong>для <strong>Chevrolet Blazer (2020) </strong>входит в систему Arcane Warrior для перевозки вещей и установки дополнительного оборудования для кемпинга и автопутешествий.<br /><ul><li data-list=""bullet"">Минимальное завышение от штатной высоты автомобиля</li><li data-list=""bullet"">Удобная сборная конструкция, в комплекте шаблон для сборки</li><li data-list=""bullet"">Специальные пазы для крепежных болтов в поперечинах для закрепления дополнительного оборудования</li><li data-list=""bullet"">Эстетичные и надежные крепления для заводских релингов</li></ul><br /><strong>Характеристики</strong><br />Размер багажника 2005*1116*46мм<br />Размеры погрузочной площадки: 1515*950мм<br />Размер упаковки:...........мм<br />Завышение от штатной высоты: 72мм<br />Расстояние от дна платформы до крыши автомобиля: 62мм<br />Вес: 27кг<br />Динамическая грузоподьемность: 150кг<br />Статическая грузоподьемность: 320кг <br />Макcимальный размер диодной балки: 900мм";https://static.tildacdn.com/stor3865-3030-4536-a465-666464333166/49934420.jpg;107008.00;;;;;YCvkvtmYvOoNDGRBXhxg;;Chevrolet;0;0;0;0;;;;;
543526270812;;A.001.000112,103-013-001-00;;"Багажники>>>Багажники STORM;Багажники";"Багажник экспедиционный STORM для Liхiang Li ONE (2019-2020)";;"Легкий и прочный полноразмерный экспедиционный автомобильный багажник из алюминия <strong>STORM </strong>для <strong>Liхiang#nbsp;Li ONE (2019-2020) </strong>входит в систему Arcane Warrior для перевозки вещей и установки дополнительного оборудования для кемпинга и автопутешествий.<br /><ul><li data-list=""bullet"">Минимальное завышение от штатной высоты автомобиля</li><li data-list=""bullet"">Удобная сборная конструкция, в комплекте шаблон для сборки</li><li data-list=""bullet"">Специальные пазы для крепежных болтов в поперечинах для закрепления дополнительного оборудования</li><li data-list=""bullet"">Эстетичные и надежные крепления для заводских релингов</li></ul><br /><strong>Характеристики</strong><br />Размер багажника 1600*1225*46мм<br />Размеры погрузочной площадки: 1103*1060мм<br />Размер упаковки: 1636*1261*825мм<br />Завышение от штатной высоты: 66мм<br />Расстояние от дна платформы до крыши автомобиля: 51мм<br />Вес: 22,1кг<br />Динамическая грузоподьемность: 145кг<br />Статическая грузоподьемность: 300кг <br />Макcимальный размер диодной балки: 950мм";https://static.tildacdn.com/stor3865-3030-4536-a465-666464333166/49934420.jpg;99484.00;;;;;Se0O2a79xMIXxhJvr56R;;"Li Auto";0;0;0;0;;;;;
919033358072;;A.001.000065,103-013-005-00;;"Багажники>>>Багажники STORM;Багажники";"Багажник экспедиционный STORM для Liхiang Li L6 (2024)";;"Легкий и прочный полноразмерный экспедиционный автомобильный багажник из алюминия <strong>STORM </strong>для <strong>Liхiang Li L6 (2024) </strong>входит в систему Arcane Warrior для перевозки вещей и установки дополнительного оборудования для кемпинга и автопутешествий.<br /><ul><li data-list=""bullet"">Минимальное завышение от штатной высоты автомобиля</li><li data-list=""bullet"">Удобная сборная конструкция, в комплекте шаблон для сборки</li><li data-list=""bullet"">Специальные пазы для крепежных болтов в поперечинах для закрепления дополнительного оборудования</li><li data-list=""bullet"">Эстетичные и надежные крепления для заводских релингов</li></ul><br /><strong>Характеристики</strong><br />Размер багажника 1605*1225*46мм<br />Размеры погрузочной площадки: 1108*1060мм<br />Размер упаковки: 1641*1261*82мм<br />Завышение от штатной высоты: 92мм<br />Расстояние от дна платформы до крыши автомобиля: 65мм<br />Вес: 22,5кг<br />Динамическая грузоподьемность: 150кг<br />Статическая грузоподьемность: 320кг <br />Макcимальный размер диодной балки: 900мм";https://static.tildacdn.com/stor3865-3030-4536-a465-666464333166/49934420.jpg;107008.00;;;;;mv8bbESyybJUAecOgnei;;"Li Auto";0;0;0;0;;;;;
218870991692;;A.001.000064,103-013-008-00;;"Багажники>>>Багажники STORM;Багажники";"Багажник экспедиционный STORM для Lixiang Li L7 (2023-2024)";;"Легкий и прочный полноразмерный экспедиционный автомобильный багажник из алюминия <strong>STORM </strong>для <strong>Lixiang Li L7 (2023-2024) </strong>входит в систему Arcane Warrior для перевозки вещей и установки дополнительного оборудования для кемпинга и автопутешествий.<br /><ul><li data-list=""bullet"">Минимальное завышение от штатной высоты автомобиля</li><li data-list=""bullet"">Удобная сборная конструкция, в комплекте шаблон для сборки</li><li data-list=""bullet"">Специальные пазы для крепежных болтов в поперечинах для закрепления дополнительного оборудования</li><li data-list=""bullet"">Эстетичные и надежные крепления для заводских релингов</li></ul><br /><strong>Характеристики</strong><br />Размер багажника 1690*1225*46мм<br />Размеры погрузочной площадки: 1179*1060мм<br />Размер упаковки: 1726*1261*82мм<br />Завышение от штатной высоты: 95мм<br />Расстояние от дна платформы до крыши автомобиля:65мм<br />Вес: 22,7кг<br />Динамическая грузоподьемность: 150кг<br />Статическая грузоподьемность: 320кг <br />Макcимальный размер диодной балки: 950мм";https://static.tildacdn.com/stor3865-3030-4536-a465-666464333166/49934420.jpg;107008.00;;;;;A42zHmIdfKimf9KbvUt9;;"Li Auto";0;0;0;0;;;;;
785329827012;;A.001.000011,103-013-006-00;;"Багажники>>>Багажники STORM;Багажники";"Багажник экспедиционный STORM для Lixiang Li L8 (2023-2024) / L9 (2022-2024)";;"Легкий и прочный полноразмерный экспедиционный автомобильный багажник из алюминия <strong>STORM </strong>для <strong>Lixiang Li L8 (2023-2024) / L9 (2022-2024) </strong>входит в систему Arcane Warrior для перевозки вещей и установки дополнительного оборудования для кемпинга и автопутешествий.<br /><ul><li data-list=""bullet"">Минимальное завышение от штатной высоты автомобиля</li><li data-list=""bullet"">Удобная сборная конструкция, в комплекте шаблон для сборки</li><li data-list=""bullet"">Специальные пазы для крепежных болтов в поперечинах для закрепления дополнительного оборудования</li><li data-list=""bullet"">Эстетичные и надежные крепления для заводских релингов</li></ul><br /><strong>Характеристики</strong><br />Размер багажника 1700*1225*46мм<br />Размеры погрузочной площадки:1206*1060мм<br />Размер упаковки: 1736*1261*82мм<br />Завышение от штатной высоты: 72мм<br />Расстояние от дна платформы до крыши автомобиля: 30мм<br />Вес: 22,7кг<br />Динамическая грузоподьемность: 150кг<br />Статическая грузоподьемность: 320кг <br />Макcимальный размер диодной балки: 950мм";https://static.tildacdn.com/stor3865-3030-4536-a465-666464333166/49934420.jpg;107008.00;;;;;FZHVIMg7vFZII354TJCZ;;"Li Auto";0;0;0;0;;;;;
191874722862;;A.001.000109,103-012-007-00;;"Багажники>>>Багажники STORM;Багажники";"Багажник экспедиционный STORM для JMC Grand Avenue (2023-2024)";;"Легкий и прочный полноразмерный экспедиционный автомобильный багажник из алюминия <strong>STORM </strong>для <strong>JMC Grand Avenue (2023-2024) </strong>входит в систему Arcane Warrior для перевозки вещей и установки дополнительного оборудования для кемпинга и автопутешествий.<br /><ul><li data-list=""bullet"">Минимальное завышение от штатной высоты автомобиля</li><li data-list=""bullet"">Удобная сборная конструкция, в комплекте шаблон для сборки</li><li data-list=""bullet"">Специальные пазы для крепежных болтов в поперечинах для закрепления дополнительного оборудования</li><li data-list=""bullet"">Эстетичные и надежные крепления для заводских релингов</li></ul><br />Для установки автомобиль должен быть оборудован продольными релингами<br /><br /><strong>Характеристики</strong><br />Размер багажника1400*1260*46мм<br />Размеры погрузочной площадки:1190*1095мм<br />Размер упаковки: 1436*1296*82мм<br />Завышение от штатной высоты: 81мм<br />Расстояние от дна платформы до крыши автомобиля: 55мм<br />Вес: 17,2кг<br />Динамическая грузоподьемность: 150кг<br />Статическая грузоподьемность: 320кг <br />Макcимальный размер диодной балки: 1000мм";https://static.tildacdn.com/stor3865-3030-4536-a465-666464333166/49934420.jpg;99484.00;;;;;JSe19ifevX4NSvV8IFrf;;JMC;0;0;0;0;;;;;
425783821472;;A.001.000131,103-007-001-00;;"Багажники>>>Багажники STORM;Багажники";"Багажник экспедиционный STORM для Maxus D90 (2021-2023)";;"Легкий и прочный полноразмерный экспедиционный автомобильный багажник из алюминия <strong>STORM </strong>для <strong>Maxus D90 (2021-2023) </strong>входит в систему Arcane Warrior для перевозки вещей и установки дополнительного оборудования для кемпинга и автопутешествий.<br /><ul><li data-list=""bullet"">Минимальное завышение от штатной высоты автомобиля</li><li data-list=""bullet"">Удобная сборная конструкция, в комплекте шаблон для сборки</li><li data-list=""bullet"">Специальные пазы для крепежных болтов в поперечинах для закрепления дополнительного оборудования</li><li data-list=""bullet"">Эстетичные и надежные крепления для заводских релингов</li></ul><br />Для установки автомобиль должен быть оборудован продольными релингами<br /><br /><strong>Характеристики</strong><br />Размер багажника 2045*1260*46мм<br />Размеры погрузочной площадки:1548*1094мм<br />Размер упаковки: 2081*1296*82мм<br />Завышение от штатной высоты: ..мм<br />Расстояние от дна платформы до крыши автомобиля: ...мм<br />Вес: 26,3кг<br />Динамическая грузоподьемность: 160кг<br />Статическая грузоподьемность: 320кг<br />Макcимальный размер диодной балки: 900мм";https://static.tildacdn.com/stor3865-3030-4536-a465-666464333166/49934420.jpg;107008.00;;;;;eJSYL129RFKEjsn4vyUB;;Maxus;0;0;0;0;;;;;
309868595502;;A.001.000079,103-019-003-00;;"Багажники>>>Багажники STORM;Багажники";"Багажник экспедиционный STORM для GAC Trumpchi GS8 (2022-2024)";;"Легкий и прочный полноразмерный экспедиционный автомобильный багажник из алюминия <strong>STORM </strong>для <strong>GAC Trumpchi GS8 (2022-2024) </strong>входит в систему Arcane Warrior для перевозки вещей и установки дополнительного оборудования для кемпинга и автопутешествий.<br /><ul><li data-list=""bullet"">Минимальное завышение от штатной высоты автомобиля</li><li data-list=""bullet"">Удобная сборная конструкция, в комплекте шаблон для сборки</li><li data-list=""bullet"">Специальные пазы для крепежных болтов в поперечинах для закрепления дополнительного оборудования</li><li data-list=""bullet"">Эстетичные и надежные крепления для заводских релингов</li></ul><br />Для установки автомобиль должен быть оборудован продольными релингами<br /><br /><strong>Характеристики</strong><br />Размер багажника 1930*1225*46мм<br />Размеры погрузочной площадки:1433*1060мм<br />Размер упаковки: 1966*1261*82мм<br />Завышение от штатной высоты:73мм<br />Расстояние от дна платформы до крыши автомобиля: 90мм<br />Вес: 25кг<br />Динамическая грузоподьемность: 160кг<br />Статическая грузоподьемность: 320кг <br />Макcимальный размер диодной балки: 950мм";https://static.tildacdn.com/stor3865-3030-4536-a465-666464333166/49934420.jpg;107008.00;;;;;IFSUO17KyULoi0Oaf6vv;;GAC;0;0;0;0;;;;;
188795246682;;A.001.000079,103-019-002-00;;"Багажники>>>Багажники STORM;Багажники";"Багажник экспедиционный STORM для GAC Trumpchi ES9 (2022-2024)";;"Легкий и прочный полноразмерный экспедиционный автомобильный багажник из алюминия <strong>STORM </strong>для <strong>GAC Trumpchi ES9 (2022-2024) </strong>входит в систему Arcane Warrior для перевозки вещей и установки дополнительного оборудования для кемпинга и автопутешествий.<br /><ul><li data-list=""bullet"">Минимальное завышение от штатной высоты автомобиля</li><li data-list=""bullet"">Удобная сборная конструкция, в комплекте шаблон для сборки</li><li data-list=""bullet"">Специальные пазы для крепежных болтов в поперечинах для закрепления дополнительного оборудования</li><li data-list=""bullet"">Эстетичные и надежные крепления для заводских релингов</li></ul><br /><strong>Характеристики</strong><br />Размер багажника 1930*1225*46мм<br />Размеры погрузочной площадки:1433*1060мм<br />Размер упаковки: 1966*1261*82мм<br />Завышение от штатной высоты:73мм<br />Расстояние от дна платформы до крыши автомобиля: 90мм<br />Вес: 25кг<br />Динамическая грузоподьемность: 160кг<br />Статическая грузоподьемность: 320кг <br />Макcимальный размер диодной балки: 950мм";https://static.tildacdn.com/stor3865-3030-4536-a465-666464333166/49934420.jpg;107008.00;;;;;587PZYA1j9pzrG23ejrU;;GAC;0;0;0;0;;;;;
977984924352;;A.001.000067,103-015-001-00;;"Багажники>>>Багажники STORM;Багажники";"Багажник экспедиционный STORM для NIO ES6 (2019-2022)";;"Легкий и прочный полноразмерный экспедиционный автомобильный багажник из алюминия <strong>STORM </strong>для <strong>NIO ES6 (2019-2022) </strong>входит в систему Arcane Warrior для перевозки вещей и установки дополнительного оборудования для кемпинга и автопутешествий.<br /><ul><li data-list=""bullet"">Минимальное завышение от штатной высоты автомобиля</li><li data-list=""bullet"">Удобная сборная конструкция, в комплекте шаблон для сборки</li><li data-list=""bullet"">Специальные пазы для крепежных болтов в поперечинах для закрепления дополнительного оборудования</li><li data-list=""bullet"">Эстетичные и надежные крепления для заводских релингов</li></ul><br />Для установки автомобиль должен быть оборудован продольными релингами<br /><br /><strong>Характеристики</strong><br />Размер багажника 1600*1225*46мм<br />Размеры погрузочной площадки:1103*1060мм<br />Размер упаковки: 1636*1261*82мм<br />Завышение от штатной высоты:61мм<br />Расстояние от дна платформы до крыши автомобиля: 60мм<br />Вес: 22кг<br />Динамическая грузоподьемность: 145кг<br />Статическая грузоподьемность: 300кг <br />Макcимальный размер диодной балки: 950мм";https://static.tildacdn.com/stor3865-3030-4536-a465-666464333166/49934420.jpg;99484.00;;;;;rdAYN48oFXAZy52F13uz;;NIO;0;0;0;0;;;;;
680163576482;;A.001.000069,103-015-003-00;;"Багажники>>>Багажники STORM;Багажники";"Багажник экспедиционный STORM для NIO ES7 (2022)";;"Легкий и прочный полноразмерный экспедиционный автомобильный багажник из алюминия <strong>STORM </strong>для <strong>NIO ES7 (2022) </strong>входит в систему Arcane Warrior для перевозки вещей и установки дополнительного оборудования для кемпинга и автопутешествий.<br /><ul><li data-list=""bullet"">Минимальное завышение от штатной высоты автомобиля</li><li data-list=""bullet"">Удобная сборная конструкция, в комплекте шаблон для сборки</li><li data-list=""bullet"">Специальные пазы для крепежных болтов в поперечинах для закрепления дополнительного оборудования</li><li data-list=""bullet"">Эстетичные и надежные крепления для заводских релингов</li></ul><br />Для установки автомобиль должен быть оборудован продольными релингами<br /><br /><strong>Характеристики</strong><br />Размер багажника 1610*1165*46мм<br />Размеры погрузочной площадки: 1113*1000мм<br />Размер упаковки: 1646*1201*82мм<br />Завышение от штатной высоты:95мм<br />Расстояние от дна платформы до крыши автомобиля: 70мм<br />Вес: 21,5кг<br />Динамическая грузоподьемность: 150кг<br />Статическая грузоподьемность: 320кг <br />Макcимальный размер диодной балки: 900мм";https://static.tildacdn.com/stor3865-3030-4536-a465-666464333166/49934420.jpg;99484.00;;;;;6NpVPCHzBfmvO1X87TzJ;;NIO;0;0;0;0;;;;;
142014380642;;A.001.000070,103-015-004-00;;"Багажники>>>Багажники STORM;Багажники";"Багажник экспедиционный STORM для NIO ES8 (2018-2024)";;"Легкий и прочный полноразмерный экспедиционный автомобильный багажник из алюминия <strong>STORM </strong>для <strong>NIO ES8 (2018-2024) </strong>входит в систему Arcane Warrior для перевозки вещей и установки дополнительного оборудования для кемпинга и автопутешествий.<br /><ul><li data-list=""bullet"">Минимальное завышение от штатной высоты автомобиля</li><li data-list=""bullet"">Удобная сборная конструкция, в комплекте шаблон для сборки</li><li data-list=""bullet"">Специальные пазы для крепежных болтов в поперечинах для закрепления дополнительного оборудования</li><li data-list=""bullet"">Эстетичные и надежные крепления для заводских релингов</li></ul><br /><strong>Характеристики</strong><br />Размер багажника 1739*1165*46мм<br />Размеры погрузочной площадки: 1242*1000мм<br />Размер упаковки: 1775*1201*82мм<br />Завышение от штатной высоты:61мм<br />Расстояние от дна платформы до крыши автомобиля: 60мм<br />Вес: 21,9кг<br />Динамическая грузоподьемность: 160кг<br />Статическая грузоподьемность: 320кг <br />Макcимальный размер диодной балки: 900мм";https://static.tildacdn.com/stor3865-3030-4536-a465-666464333166/49934420.jpg;99484.00;;;;;cnaOK1r3jRGG9K61Sxgh;;NIO;0;0;0;0;;;;;
967262783732;;A.001.000071,103-015-005-00;;"Багажники>>>Багажники STORM;Багажники";"Багажник экспедиционный STORM для NIO ET5T (2022-2024)";;"Легкий и прочный полноразмерный экспедиционный автомобильный багажник из алюминия <strong>STORM </strong>для <strong>NIO ET5T (2022-2024) </strong>входит в систему Arcane Warrior для перевозки вещей и установки дополнительного оборудования для кемпинга и автопутешествий.<br /><ul><li data-list=""bullet"">Минимальное завышение от штатной высоты автомобиля</li><li data-list=""bullet"">Удобная сборная конструкция, в комплекте шаблон для сборки</li><li data-list=""bullet"">Специальные пазы для крепежных болтов в поперечинах для закрепления дополнительного оборудования</li><li data-list=""bullet"">Эстетичные и надежные крепления для заводских релингов</li></ul><br />Для установки автомобиль должен быть оборудован продольными релингами<br /><br /><strong>Характеристики</strong><br />Размер багажника 1540*1195*46мм<br />Размеры погрузочной площадки: 1043*1030мм<br />Размер упаковки: 1576*1231*82мм<br />Завышение от штатной высоты:95мм<br />Расстояние от дна платформы до крыши автомобиля: 63мм<br />Вес: 20,5кг<br />Динамическая грузоподьемность: 140кг<br />Статическая грузоподьемность: 300кг <br />Макcимальный размер диодной балки: 900мм";https://static.tildacdn.com/stor3865-3030-4536-a465-666464333166/49934420.jpg;99484.00;;;;;n8JTAi0zNBApXVj60OeL;;NIO;0;0;0;0;;;;;
804791936732;;A.001.000076,103-017-001-00;;"Багажники>>>Багажники STORM;Багажники";"Багажник экспедиционный STORM для XPeng G9 (2022-2024)";;"Легкий и прочный полноразмерный экспедиционный автомобильный багажник из алюминия <strong>STORM </strong>для <strong>XPeng G9 (2022-2024) </strong>входит в систему Arcane Warrior для перевозки вещей и установки дополнительного оборудования для кемпинга и автопутешествий.<br /><ul><li data-list=""bullet"">Минимальное завышение от штатной высоты автомобиля</li><li data-list=""bullet"">Удобная сборная конструкция, в комплекте шаблон для сборки</li><li data-list=""bullet"">Специальные пазы для крепежных болтов в поперечинах для закрепления дополнительного оборудования</li><li data-list=""bullet"">Эстетичные и надежные крепления для заводских релингов</li></ul><br />Для установки автомобиль должен быть оборудован продольными релингами<br /><br /><strong>Характеристики</strong><br />Размер багажника 1640*1151*46мм<br />Размеры погрузочной площадки: 1143*985мм<br />Размер упаковки: 1676*1187*82мм<br />Завышение от штатной высоты:90мм<br />Расстояние от дна платформы до крыши автомобиля: 55мм<br />Вес: 21,5кг<br />Динамическая грузоподьемность: 150кг<br />Статическая грузоподьемность: 320кг <br />Макcимальный размер диодной балки: 900мм";https://static.tildacdn.com/stor3865-3030-4536-a465-666464333166/49934420.jpg;99484.00;;;;;5rVbIkcVvveeef4JRjNu;;XPeng;0;0;0;0;;;;;
306361777382;;A.001.000077,103-018-001-00;;"Багажники>>>Багажники STORM;Багажники";"Багажник экспедиционный STORM для Leapmotor C11 (2021-2024)";;"Легкий и прочный полноразмерный экспедиционный автомобильный багажник из алюминия <strong>STORM </strong>для <strong>Leapmotor C11 (2021-2024) </strong>входит в систему Arcane Warrior для перевозки вещей и установки дополнительного оборудования для кемпинга и автопутешествий.<br /><ul><li data-list=""bullet"">Минимальное завышение от штатной высоты автомобиля</li><li data-list=""bullet"">Удобная сборная конструкция, в комплекте шаблон для сборки</li><li data-list=""bullet"">Специальные пазы для крепежных болтов в поперечинах для закрепления дополнительного оборудования</li><li data-list=""bullet"">Эстетичные и надежные крепления для заводских релингов</li></ul><br />Для установки автомобиль должен быть оборудован продольными релингами<br /><br /><strong>Характеристики</strong><br />Размер багажника 1560*1151*46мм<br />Размеры погрузочной площадки: 1063*985мм<br />Размер упаковки: 1596*1187*82мм<br />Завышение от штатной высоты:65мм<br />Расстояние от дна платформы до крыши автомобиля: 70мм<br />Вес: 21,3кг<br />Динамическая грузоподьемность: 140кг<br />Статическая грузоподьемность: 300кг <br />Макcимальный размер диодной балки: 900мм";https://static.tildacdn.com/stor3865-3030-4536-a465-666464333166/49934420.jpg;91960.00;;;;;uCGU2DsHlNoyEJA3YpZt;;Leapmotor;0;0;0;0;;;;;
609418153982;;A.001.000060,103-033-001-00;;"Багажники>>>Багажники STORM;Багажники";"Багажник экспедиционный STORM для ROX 01 (2023)";;"Легкий и прочный полноразмерный экспедиционный автомобильный багажник из алюминия <strong>STORM </strong>для <strong>ROX 01 (2023) </strong>входит в систему Arcane Warrior для перевозки вещей и установки дополнительного оборудования для кемпинга и автопутешествий.<br /><ul><li data-list=""bullet"">Минимальное завышение от штатной высоты автомобиля</li><li data-list=""bullet"">Удобная сборная конструкция, в комплекте шаблон для сборки</li><li data-list=""bullet"">Специальные пазы для крепежных болтов в поперечинах для закрепления дополнительного оборудования</li><li data-list=""bullet"">Эстетичные и надежные крепления для заводских релингов</li></ul><br /><strong>Характеристики</strong><br />Размер багажника 1965*1165*46мм<br />Размеры погрузочной площадки: 1468*1000мм<br />Размер упаковки: 2001*1201*82мм<br />Завышение от штатной высоты:75мм<br />Расстояние от дна платформы до крыши автомобиля: 70мм<br />Вес: 24,2кг<br />Динамическая грузоподьемность: 160кг<br />Статическая грузоподьемность: 320кг <br />Макcимальный размер диодной балки: 900мм";https://static.tildacdn.com/stor3865-3030-4536-a465-666464333166/49934420.jpg;99484.00;;;;;lA02UXGLDVZFzAYag1yr;;ROX;0;0;0;0;;;;;
817938388392;;A.001.000136,103-030-004-00;;"Багажники>>>Багажники STORM;Багажники";"Багажник экспедиционный STORM для iCar V23 (2024)";;"Легкий и прочный полноразмерный экспедиционный автомобильный багажник из алюминия <strong>STORM </strong>для <strong>iCar V23 (2024) </strong>входит в систему Arcane Warrior для перевозки вещей и установки дополнительного оборудования для кемпинга и автопутешествий.<br /><ul><li data-list=""bullet"">Минимальное завышение от штатной высоты автомобиля</li><li data-list=""bullet"">Удобная сборная конструкция, в комплекте шаблон для сборки</li><li data-list=""bullet"">Специальные пазы для крепежных болтов в поперечинах для закрепления дополнительного оборудования</li><li data-list=""bullet"">Эстетичные и надежные крепления для заводских релингов</li></ul><br /><strong>Характеристики</strong><br />Размер багажника 1935*1225*46мм<br />Размеры погрузочной площадки: 1438*1060мм<br />Размер упаковки: 1971*1261*82мм<br />Завышение от штатной высоты:73мм<br />Расстояние от дна платформы до крыши автомобиля: 31мм<br />Вес: 24,9кг<br />Динамическая грузоподьемность: 160кг<br />Статическая грузоподьемность: 320кг <br />Макcимальный размер диодной балки: 1000мм";https://static.tildacdn.com/stor3865-3030-4536-a465-666464333166/49934420.jpg;107008.00;;;;;DOMfR2tsGP69H1RhFdLO;;ICAR;0;0;0;0;;;;;
886881510252;;A.001.000056,103-030-002-00;;"Багажники>>>Багажники STORM;Багажники";"Багажник экспедиционный STORM для iCar 03/ Jaeco J6 (2024)";;"Легкий и прочный полноразмерный экспедиционный автомобильный багажник из алюминия <strong>STORM </strong>для <strong>iCar 03/Jaeco J6 (2024) </strong>входит в систему Arcane Warrior для перевозки вещей и установки дополнительного оборудования для кемпинга и автопутешествий.<br /><ul><li data-list=""bullet"">Минимальное завышение от штатной высоты автомобиля</li><li data-list=""bullet"">Удобная сборная конструкция, в комплекте шаблон для сборки</li><li data-list=""bullet"">Специальные пазы для крепежных болтов в поперечинах для закрепления дополнительного оборудования</li><li data-list=""bullet"">Эстетичные и надежные крепления для заводских релингов</li></ul><br />Для установки автомобиль должен быть оборудован продольными релингами<br /><br /><strong>Характеристики</strong><br />Размер багажника 1745*1165*46мм<br />Размеры погрузочной площадки: 1248*1000мм<br />Размер упаковки:1781*1201*82мм<br />Завышение от штатной высоты:82мм<br />Расстояние от дна платформы до крыши автомобиля: 55мм<br />Вес: 21,6кг<br />Динамическая грузоподьемность: 150кг<br />Статическая грузоподьемность: 300кг <br />Макcимальный размер диодной балки: 900мм";https://static.tildacdn.com/stor3865-3030-4536-a465-666464333166/49934420.jpg;99484.00;;;;;8Gp0LNk9nCbEbLSNVBDy;;ICAR;0;0;0;0;;;;;
807962577952;;A.001.000137,103-030-009-00;;"Багажники>>>Багажники STORM;Багажники";"Багажник экспедиционный STORM для Exeed Lanyue (2021-2025)";;"Легкий и прочный полноразмерный экспедиционный автомобильный багажник из алюминия <strong>STORM </strong>для <strong>Exeed Lanyue (2021-2025) </strong>входит в систему Arcane Warrior для перевозки вещей и установки дополнительного оборудования для кемпинга и автопутешествий.<br /><ul><li data-list=""bullet"">Минимальное завышение от штатной высоты автомобиля</li><li data-list=""bullet"">Удобная сборная конструкция, в комплекте шаблон для сборки</li><li data-list=""bullet"">Специальные пазы для крепежных болтов в поперечинах для закрепления дополнительного оборудования</li><li data-list=""bullet"">Эстетичные и надежные крепления для заводских релингов</li></ul><br />Для установки автомобиль должен быть оборудован продольными релингами<br /><br /><strong>Характеристики</strong><br />Размер багажника 2020*1165*46мм<br />Размеры погрузочной площадки: 1523*1000мм<br />Размер упаковки:1781*1201*82мм<br />Завышение от штатной высоты:50мм<br />Расстояние от дна платформы до крыши автомобиля: 60мм<br />Вес: 24,5кг<br />Динамическая грузоподьемность: 160кг<br />Статическая грузоподьемность: 320кг <br />Макcимальный размер диодной балки: 900мм";https://static.tildacdn.com/stor3865-3030-4536-a465-666464333166/49934420.jpg;107008.00;;;;;5FIamb6DngH7R1VtS1C1;;Exeed;0;0;0;0;;;;;
618086308172;;A.001.000054,103-027-002-00;;"Багажники>>>Багажники STORM;Багажники";"Багажник экспедиционный STORM для Lynk &amp; Co 01 (2017-2023)";;"Легкий и прочный полноразмерный экспедиционный автомобильный багажник из алюминия <strong>STORM </strong>для <strong>Lynk &amp; Co 01 (2017-2023) </strong>входит в систему Arcane Warrior для перевозки вещей и установки дополнительного оборудования для кемпинга и автопутешествий.<br /><ul><li data-list=""bullet"">Минимальное завышение от штатной высоты автомобиля</li><li data-list=""bullet"">Удобная сборная конструкция, в комплекте шаблон для сборки</li><li data-list=""bullet"">Специальные пазы для крепежных болтов в поперечинах для закрепления дополнительного оборудования</li><li data-list=""bullet"">Эстетичные и надежные крепления для заводских релингов</li></ul><br />Для установки автомобиль должен быть оборудован продольными релингами<br /><br /><strong>Характеристики</strong><br />Размер багажника 1500*1116*46мм<br />Размеры погрузочной площадки: 1023*950мм<br />Размер упаковки:1536*1152*82мм<br />Завышение от штатной высоты:70мм<br />Расстояние от дна платформы до крыши автомобиля: 78мм<br />Вес: 19,5кг<br />Динамическая грузоподьемность: 140кг<br />Статическая грузоподьемность: 300кг <br />Макcимальный размер диодной балки: 850мм";https://static.tildacdn.com/stor6331-3465-4637-a132-346131613630/89778673.jpg;91960.00;;;;;cZH8PO8nhDBOndyYU6F6;;"Lynk &amp&semi; Co";0;0;0;0;;;;;
287618288282;;A.001.000132,103-027-003-00;;"Багажники>>>Багажники STORM;Багажники";"Багажник экспедиционный STORM для Lynk &amp; Co 08 (2023-2024)";;"Легкий и прочный полноразмерный экспедиционный автомобильный багажник из алюминия <strong>STORM </strong>для <strong>Lynk &amp; Co 08 (2023-2024) </strong>входит в систему Arcane Warrior для перевозки вещей и установки дополнительного оборудования для кемпинга и автопутешествий.<br /><ul><li data-list=""bullet"">Минимальное завышение от штатной высоты автомобиля</li><li data-list=""bullet"">Удобная сборная конструкция, в комплекте шаблон для сборки</li><li data-list=""bullet"">Специальные пазы для крепежных болтов в поперечинах для закрепления дополнительного оборудования</li><li data-list=""bullet"">Эстетичные и надежные крепления для заводских релингов</li></ul><br />Для установки автомобиль должен быть оборудован продольными релингами<br /><br /><strong>Характеристики</strong><br />Размер багажника 1585*1195*46мм<br />Размеры погрузочной площадки: 1088*1030мм<br />Размер упаковки:1621*1231*82мм<br />Завышение от штатной высоты:68мм<br />Расстояние от дна платформы до крыши автомобиля: 65мм<br />Вес: 22,3кг<br />Динамическая грузоподьемность: 150кг<br />Статическая грузоподьемность: 320кг <br />Макcимальный размер диодной балки: 900мм";https://static.tildacdn.com/stor3865-3030-4536-a465-666464333166/49934420.jpg;99484.00;;;;;ud1JhOKcCrzJDFKSUSLi;;"Lynk &amp&semi; Co";0;0;0;0;;;;;
771973975532;;A.001.000053,103-027-001-00;;"Багажники>>>Багажники STORM;Багажники";"Багажник экспедиционный STORM для Lynk &amp; Co 09 (2021-2024)";;"Легкий и прочный полноразмерный экспедиционный автомобильный багажник из алюминия <strong>STORM </strong>для <strong>Lynk &amp; Co 09 (2021-2024, включая EM-P) </strong>входит в систему Arcane Warrior для перевозки вещей и установки дополнительного оборудования для кемпинга и автопутешествий.<br /><ul><li data-list=""bullet"">Минимальное завышение от штатной высоты автомобиля</li><li data-list=""bullet"">Удобная сборная конструкция, в комплекте шаблон для сборки</li><li data-list=""bullet"">Специальные пазы для крепежных болтов в поперечинах для закрепления дополнительного оборудования</li><li data-list=""bullet"">Эстетичные и надежные крепления для заводских релингов</li></ul><br />Для установки автомобиль должен быть оборудован продольными релингами<br /><br /><strong>Характеристики</strong><br />Размер багажника 1650*1151*46мм<br />Размеры погрузочной площадки: 1153*985мм<br />Размер упаковки: 1686*1187*82мм<br />Завышение от штатной высоты:56мм<br />Расстояние от дна платформы до крыши автомобиля: 65мм<br />Вес: 21,7кг<br />Динамическая грузоподьемность: 150кг<br />Статическая грузоподьемность: 320кг <br />Макcимальный размер диодной балки: 900мм";https://static.tildacdn.com/stor3865-3030-4536-a465-666464333166/49934420.jpg;107008.00;;;;;5sTJVG7yLGFthPA1g7Hn;;"Lynk &amp&semi; Co";0;0;0;0;;;;;
513375849852;;A.001.000161,103-027-008-00;;"Багажники>>>Багажники STORM;Багажники";"Багажник экспедиционный STORM для Lynk &amp; Co 900";;"Легкий и прочный полноразмерный экспедиционный автомобильный багажник из алюминия <strong>STORM </strong>для <strong>Lynk &amp; Co 900 </strong>входит в систему Arcane Warrior для перевозки вещей и установки дополнительного оборудования для кемпинга и автопутешествий.<br /><ul><li data-list=""bullet"">Минимальное завышение от штатной высоты автомобиля</li><li data-list=""bullet"">Удобная сборная конструкция, в комплекте шаблон для сборки</li><li data-list=""bullet"">Специальные пазы для крепежных болтов в поперечинах для закрепления дополнительного оборудования</li><li data-list=""bullet"">Эстетичные и надежные крепления для заводских релингов</li></ul><br />Для установки автомобиль должен быть оборудован продольными релингами<br /><br /><strong>Характеристики</strong><br />Размер багажника 2070*1165*46мм<br />Размеры погрузочной площадки: 1550*1000мм<br />Размер упаковки: 1686*1187*82мм<br />Завышение от штатной высоты:70мм<br />Расстояние от дна платформы до крыши автомобиля: 50мм<br />Вес: 25,6кг<br />Динамическая грузоподьемность: 160кг<br />Статическая грузоподьемность: 320кг <br />Макcимальный размер диодной балки: 900мм";https://static.tildacdn.com/stor3865-3030-4536-a465-666464333166/49934420.jpg;107008.00;;;;;LKTi66EbxLU8AXIBxxMK;;"Lynk &amp&semi; Co";0;0;0;0;;;;;
606839840552;"Arcane Warrior";A.001.000041,103-024-001-00;;"Багажники>>>Багажники STORM;Багажники";"Багажник экспедиционный STORM для Audi Q3 (2019-2023)";;"Легкий и прочный полноразмерный экспедиционный автомобильный багажник из алюминия <strong>STORM </strong>для <strong>Audi Q3 (2019-2023)</strong> входит в систему Arcane Warrior для перевозки вещей и установки дополнительного оборудования для кемпинга и автопутешествий.<br /><ul><li data-list=""bullet"">Минимальное завышение от штатной высоты автомобиля</li><li data-list=""bullet"">Удобная сборная конструкция, в комплекте шаблон для сборки</li><li data-list=""bullet"">Специальные пазы для крепежных болтов в поперечинах для закрепления дополнительного оборудования</li><li data-list=""bullet"">Эстетичные и надежные крепления для заводских релингов</li></ul><br /><strong>Характеристики</strong><br />Размер багажника 1380*1165*66мм<br />Размеры погрузочной площадки: 883*1000мм<br />Размер упаковки: 1595*360*495мм<br />Завышение от штатной высоты: 65мм<br />Расстояние от дна платформы до крыши автомобиля: 67мм<br />Вес: 20,9кг<br />Динамическая грузоподьемность: 140кг<br />Статическая грузоподьемность: 300кг <br />Макcимальный размер диодной балки: 900мм";https://static.tildacdn.com/stor3938-6336-4933-b065-383161323738/65064910.jpg;91960.00;;;;;DPC4YccOYkIG8KcUajXl;;Audi;0;0;0;0;;;;;
171383597052;"Arcane Warrior";A.001.000042,103-024-002-00;;"Багажники>>>Багажники STORM;Багажники";"Багажник экспедиционный STORM для Audi Q4 (2022-2024)";;"Легкий и прочный полноразмерный экспедиционный автомобильный багажник из алюминия <strong>STORM </strong>для <strong>Audi Q4 (2022-2024)</strong> входит в систему Arcane Warrior для перевозки вещей и установки дополнительного оборудования для кемпинга и автопутешествий.<br /><ul><li data-list=""bullet"">Минимальное завышение от штатной высоты автомобиля</li><li data-list=""bullet"">Удобная сборная конструкция, в комплекте шаблон для сборки</li><li data-list=""bullet"">Специальные пазы для крепежных болтов в поперечинах для закрепления дополнительного оборудования</li><li data-list=""bullet"">Эстетичные и надежные крепления для заводских релингов</li></ul><br /><strong>Характеристики</strong><br />Размер багажника 1460*1151*66мм<br />Размеры погрузочной площадки: 963*985мм<br />Размер упаковки: 1595*360*495мм<br />Завышение от штатной высоты:85мм<br />Расстояние от дна платформы до крыши автомобиля: 76мм<br />Вес: 20,9кг<br />Динамическая грузоподьемность: 140кг<br />Статическая грузоподьемность: 300кг <br />Макcимальный размер диодной балки: 900мм";https://static.tildacdn.com/stor3938-6336-4933-b065-383161323738/65064910.jpg;91960.00;;;;;jrHpl0aUGH3NPEyhkdyJ;;Audi;0;0;0;0;;;;;
645155371622;"Arcane Warrior";A.001.000043,103-024-003-00;;"Багажники>>>Багажники STORM;Багажники";"Багажник экспедиционный STORM для Audi Q5L (2018-2022)";;"Легкий и прочный полноразмерный экспедиционный автомобильный багажник из алюминия <strong>STORM </strong>для <strong>Audi Q5L (2018-2022)</strong> входит в систему Arcane Warrior для перевозки вещей и установки дополнительного оборудования для кемпинга и автопутешествий.<br /><ul><li data-list=""bullet"">Минимальное завышение от штатной высоты автомобиля</li><li data-list=""bullet"">Удобная сборная конструкция, в комплекте шаблон для сборки</li><li data-list=""bullet"">Специальные пазы для крепежных болтов в поперечинах для закрепления дополнительного оборудования</li><li data-list=""bullet"">Эстетичные и надежные крепления для заводских релингов</li></ul><br />Для установки автомобиль должен быть оборудован продольными релингами<br /><br /><strong>Характеристики</strong><br />Размер багажника 1545*1165*66мм<br />Размеры погрузочной площадки: 1048*1000мм<br />Размер упаковки:1595*360*495мм<br />Завышение от штатной высоты:92мм<br />Расстояние от дна платформы до крыши автомобиля: 75мм<br />Вес: 21,4кг<br />Динамическая грузоподьемность: 140кг<br />Статическая грузоподьемность: 300кг <br />Макcимальный размер диодной балки: 900мм";https://static.tildacdn.com/stor3938-6336-4933-b065-383161323738/65064910.jpg;107008.00;;;;;YuKn0b1ULutgcTFvO5l3;;Audi;0;0;0;0;;;;;
235043427362;"Arcane Warrior";A.001.000044,103-024-004-00;;"Багажники>>>Багажники STORM;Багажники";"Багажник экспедиционный STORM для Audi Q7 (2016-2024)";;"Легкий и прочный полноразмерный экспедиционный автомобильный багажник из алюминия <strong>STORM </strong>для <strong>Audi Q7 (2016-2024)</strong> входит в систему Arcane Warrior для перевозки вещей и установки дополнительного оборудования для кемпинга и автопутешествий.<br /><ul><li data-list=""bullet"">Минимальное завышение от штатной высоты автомобиля</li><li data-list=""bullet"">Удобная сборная конструкция, в комплекте шаблон для сборки</li><li data-list=""bullet"">Специальные пазы для крепежных болтов в поперечинах для закрепления дополнительного оборудования</li><li data-list=""bullet"">Эстетичные и надежные крепления для заводских релингов</li></ul><br /><strong>Характеристики</strong><br />Размер багажника 1625*1225*66мм<br />Размеры погрузочной площадки:1128*1060мм<br />Размер упаковки:1595*360*495мм<br />Завышение от штатной высоты:75мм<br />Расстояние от дна платформы до крыши автомобиля: 63мм<br />Вес: 24,3кг<br />Динамическая грузоподьемность: 150кг<br />Статическая грузоподьемность: 320кг <br />Макcимальный размер диодной балки: 950мм";https://static.tildacdn.com/stor3938-6336-4933-b065-383161323738/65064910.jpg;99484.00;;;;;SA3MVYhrdaeOh4Kf1cb0;;Audi;0;0;0;0;;;;;
731503059592;"Arcane Warrior";A.001.000045,103-024-005-00;;"Багажники>>>Багажники STORM;Багажники";"Багажник экспедиционный STORM для Audi A4 Avant (2019-2023)";;"Легкий и прочный полноразмерный экспедиционный автомобильный багажник из алюминия <strong>STORM </strong>для <strong>Audi A4 Avant (2019-2023)</strong> входит в систему Arcane Warrior для перевозки вещей и установки дополнительного оборудования для кемпинга и автопутешествий.<br /><ul><li data-list=""bullet"">Минимальное завышение от штатной высоты автомобиля</li><li data-list=""bullet"">Удобная сборная конструкция, в комплекте шаблон для сборки</li><li data-list=""bullet"">Специальные пазы для крепежных болтов в поперечинах для закрепления дополнительного оборудования</li><li data-list=""bullet"">Эстетичные и надежные крепления для заводских релингов</li></ul><br /><strong>Характеристики</strong><br />Размер багажника 1576*1151*66мм<br />Размеры погрузочной площадки:1079*985мм<br />Размер упаковки:1595*360*495мм<br />Завышение от штатной высоты:86мм<br />Расстояние от дна платформы до крыши автомобиля: 72мм<br />Вес: 22,6кг<br />Динамическая грузоподьемность: 150кг<br />Статическая грузоподьемность: 320кг <br />Макcимальный размер диодной балки: 900мм";https://static.tildacdn.com/stor3938-6336-4933-b065-383161323738/65064910.jpg;107008.00;;;;;2nERgHeg2jIJrHoEbXdn;;Audi;0;0;0;0;;;;;
848613238512;"Arcane Warrior";A.001.000046,103-024-007-00;;"Багажники>>>Багажники STORM;Багажники";"Багажник экспедиционный STORM для Audi A4 Allroad (2019-2024)";;"Легкий и прочный полноразмерный экспедиционный автомобильный багажник из алюминия <strong>STORM </strong>для <strong>Audi A4 Allroad (2019-2024)</strong> входит в систему Arcane Warrior для перевозки вещей и установки дополнительного оборудования для кемпинга и автопутешествий.<br /><ul><li data-list=""bullet"">Минимальное завышение от штатной высоты автомобиля</li><li data-list=""bullet"">Удобная сборная конструкция, в комплекте шаблон для сборки</li><li data-list=""bullet"">Специальные пазы для крепежных болтов в поперечинах для закрепления дополнительного оборудования</li><li data-list=""bullet"">Эстетичные и надежные крепления для заводских релингов</li></ul><br />Для установки автомобиль должен быть оборудован продольными релингами<br /><br /><strong>Характеристики</strong><br />Размер багажника 1510*1116*66мм<br />Размеры погрузочной площадки:1018*950мм<br />Размер упаковки:1595*360*495мм<br />Завышение от штатной высоты:85мм<br />Расстояние от дна платформы до крыши автомобиля: 82мм<br />Вес: 20,8кг<br />Динамическая грузоподьемность: 140кг<br />Статическая грузоподьемность: 300кг <br />Макcимальный размер диодной балки: 850мм";https://static.tildacdn.com/stor3938-6336-4933-b065-383161323738/65064910.jpg;96976.00;;;;;7EehcG5ZeUHDGnkImRKO;;Audi;0;0;0;0;;;;;
772874421862;"Arcane Warrior";A.003.000006,103-024-006-00;;"Багажники>>>Багажники STORM;Багажники";"Багажник экспедиционный STORM для Audi A6 Avant (2017-2024)";;"Легкий и прочный полноразмерный экспедиционный автомобильный багажник из алюминия <strong>STORM </strong>для <strong>Audi A6 Avant (2017-2024)</strong> входит в систему Arcane Warrior для перевозки вещей и установки дополнительного оборудования для кемпинга и автопутешествий.<br /><ul><li data-list=""bullet"">Минимальное завышение от штатной высоты автомобиля</li><li data-list=""bullet"">Удобная сборная конструкция, в комплекте шаблон для сборки</li><li data-list=""bullet"">Специальные пазы для крепежных болтов в поперечинах для закрепления дополнительного оборудования</li><li data-list=""bullet"">Эстетичные и надежные крепления для заводских релингов</li></ul><br />Для установки автомобиль должен быть оборудован продольными релингами<br /><br /><strong>Характеристики</strong><br />Размер багажника 1610*1225*66мм<br />Размеры погрузочной площадки:1113*1060мм<br />Размер упаковки:1595*360*495мм<br />Завышение от штатной высоты:65мм<br />Расстояние от дна платформы до крыши автомобиля: 65мм<br />Вес: 24,2кг<br />Динамическая грузоподьемность: 150кг<br />Статическая грузоподьемность: 320кг <br />Макcимальный размер диодной балки: 950мм";https://static.tildacdn.com/stor3938-6336-4933-b065-383161323738/65064910.jpg;99484.00;;;;;4bsO7ipLylzJUFiJ3h2T;;Audi;0;0;0;0;;;;;
107131003212;"Arcane Warrior";A.001.000082,103-021-003-00;;"Багажники>>>Багажники STORM;Багажники";"Багажник экспедиционный STORM для BMW X1 (2016-2023)";;"Легкий и прочный полноразмерный экспедиционный автомобильный багажник из алюминия <strong>STORM </strong>для <strong>BMW X1 (2016-2023)</strong> входит в систему Arcane Warrior для перевозки вещей и установки дополнительного оборудования для кемпинга и автопутешествий.<br /><ul><li data-list=""bullet"">Минимальное завышение от штатной высоты автомобиля</li><li data-list=""bullet"">Удобная сборная конструкция, в комплекте шаблон для сборки</li><li data-list=""bullet"">Специальные пазы для крепежных болтов в поперечинах для закрепления дополнительного оборудования</li><li data-list=""bullet"">Эстетичные и надежные крепления для заводских релингов</li></ul><br />Для установки автомобиль должен быть оборудован продольными релингами<br /><br /><strong>Характеристики</strong><br />Размер багажника 1615*1165*66мм<br />Размеры погрузочной площадки:1113*1000мм<br />Размер упаковки:1595*360*495мм<br />Завышение от штатной высоты:68мм<br />Расстояние от дна платформы до крыши автомобиля: 83мм<br />Вес: 23,4кг<br />Динамическая грузоподьемность: 150кг<br />Статическая грузоподьемность: 320кг <br />Макcимальный размер диодной балки: 900мм";https://static.tildacdn.com/stor3938-6336-4933-b065-383161323738/65064910.jpg;96976.00;;;;;cRP9feSlh4XaB0MOsOZh;;BMW;0;0;0;0;;;;;
185762695872;"Arcane Warrior";A.001.000080,103-021-001-00;;"Багажники>>>Багажники STORM;Багажники";"Багажник экспедиционный STORM для BMW X3 (2014-2017)";;"Легкий и прочный полноразмерный экспедиционный автомобильный багажник из алюминия <strong>STORM </strong>для <strong>BMW X3 (2014-2017)</strong> входит в систему Arcane Warrior для перевозки вещей и установки дополнительного оборудования для кемпинга и автопутешествий.<br /><ul><li data-list=""bullet"">Минимальное завышение от штатной высоты автомобиля</li><li data-list=""bullet"">Удобная сборная конструкция, в комплекте шаблон для сборки</li><li data-list=""bullet"">Специальные пазы для крепежных болтов в поперечинах для закрепления дополнительного оборудования</li><li data-list=""bullet"">Эстетичные и надежные крепления для заводских релингов</li></ul><br /><strong>Характеристики</strong><br />Размер багажника 1530*1151*66мм<br />Размеры погрузочной площадки:1033*985мм<br />Размер упаковки:1595*360*495мм<br />Завышение от штатной высоты:72мм<br />Расстояние от дна платформы до крыши автомобиля: 60мм<br />Вес: 21,2кг<br />Динамическая грузоподьемность: 140кг<br />Статическая грузоподьемность: 300кг <br />Макcимальный размер диодной балки: 900мм";https://static.tildacdn.com/stor3938-6336-4933-b065-383161323738/65064910.jpg;96976.00;;;;;9KGpmRKSpz2kb6gfcHh7;;BMW;0;0;0;0;;;;;
922967627642;"Arcane Warrior";103-021-004-00;;"Багажники>>>Багажники STORM;Багажники";"Багажник экспедиционный STORM для BMW X3 (2018-2023)";;"Легкий и прочный полноразмерный экспедиционный автомобильный багажник из алюминия <strong>STORM </strong>для <strong>BMW X3 (2018-2023)</strong> входит в систему Arcane Warrior для перевозки вещей и установки дополнительного оборудования для кемпинга и автопутешествий.<br /><ul><li data-list=""bullet"">Минимальное завышение от штатной высоты автомобиля</li><li data-list=""bullet"">Удобная сборная конструкция, в комплекте шаблон для сборки</li><li data-list=""bullet"">Специальные пазы для крепежных болтов в поперечинах для закрепления дополнительного оборудования</li><li data-list=""bullet"">Эстетичные и надежные крепления для заводских релингов</li></ul><br />Для установки автомобиль должен быть оборудован продольными релингами<br /><br /><strong>Характеристики</strong><br />Размер багажника 1505*1225*66мм<br />Размеры погрузочной площадки:1008*1060мм<br />Размер упаковки:1595*360*495мм<br />Завышение от штатной высоты:88мм<br />Расстояние от дна платформы до крыши автомобиля: 65мм<br />Вес: 22,2кг<br />Динамическая грузоподьемность: 140кг<br />Статическая грузоподьемность: 300кг <br />Макcимальный размер диодной балки: 950мм";https://static.tildacdn.com/stor3938-6336-4933-b065-383161323738/65064910.jpg;96976.00;;;;;gXyLdbbahg8gkhD4En0c;;BMW;0;0;0;0;;;;;
826397853152;"Arcane Warrior";A.001.000084,103-021-005-00;;"Багажники>>>Багажники STORM;Багажники";"Багажник экспедиционный STORM для BMW X5 (2019-2023)";;"Легкий и прочный полноразмерный экспедиционный автомобильный багажник из алюминия <strong>STORM </strong>для <strong>BMW X5 (2019-2023)</strong> входит в систему Arcane Warrior для перевозки вещей и установки дополнительного оборудования для кемпинга и автопутешествий.<br /><ul><li data-list=""bullet"">Минимальное завышение от штатной высоты автомобиля</li><li data-list=""bullet"">Удобная сборная конструкция, в комплекте шаблон для сборки</li><li data-list=""bullet"">Специальные пазы для крепежных болтов в поперечинах для закрепления дополнительного оборудования</li><li data-list=""bullet"">Эстетичные и надежные крепления для заводских релингов</li></ul><br />Для установки автомобиль должен быть оборудован продольными релингами<br /><br /><strong>Характеристики</strong><br />Размер багажника 1715*1225*66мм<br />Размеры погрузочной площадки:1218*1060мм<br />Размер упаковки:1595*360*495мм<br />Завышение от штатной высоты:79мм<br />Расстояние от дна платформы до крыши автомобиля: 75мм<br />Вес: 24,5кг<br />Динамическая грузоподьемность: 150кг<br />Статическая грузоподьемность: 320кг <br />Макcимальный размер диодной балки: 950мм";https://static.tildacdn.com/stor3938-6336-4933-b065-383161323738/65064910.jpg;99484.00;;;;;rU0JNZEkOG6BmdofHJTx;;BMW;0;0;0;0;;;;;
482313880092;"Arcane Warrior";A.001.000081,103-021-002-00;;"Багажники>>>Багажники STORM;Багажники";"Багажник экспедиционный STORM для BMW X5 (2014-2018)";;"Легкий и прочный полноразмерный экспедиционный автомобильный багажник из алюминия <strong>STORM </strong>для <strong>BMW X5 (2014-2018)</strong> входит в систему Arcane Warrior для перевозки вещей и установки дополнительного оборудования для кемпинга и автопутешествий.<br /><ul><li data-list=""bullet"">Минимальное завышение от штатной высоты автомобиля</li><li data-list=""bullet"">Удобная сборная конструкция, в комплекте шаблон для сборки</li><li data-list=""bullet"">Специальные пазы для крепежных болтов в поперечинах для закрепления дополнительного оборудования</li><li data-list=""bullet"">Эстетичные и надежные крепления для заводских релингов</li></ul><br /><strong>Характеристики</strong><br />Размер багажника 1575*1225*66мм<br />Размеры погрузочной площадки:1072*1060мм<br />Размер упаковки:1595*360*495мм<br />Завышение от штатной высоты:60мм<br />Расстояние от дна платформы до крыши автомобиля: 70мм<br />Вес: 24,2кг<br />Динамическая грузоподьемность: 150кг<br />Статическая грузоподьемность: 320кг <br />Макcимальный размер диодной балки: 950мм";https://static.tildacdn.com/stor3938-6336-4933-b065-383161323738/65064910.jpg;107008.00;;;;;TZYJZJIydPBzvgG5NVi7;;BMW;0;0;0;0;;;;;
653647163172;"Arcane Warrior";A.001.000086,103-021-006-00;;"Багажники>>>Багажники STORM;Багажники";"Багажник экспедиционный STORM для BMW X7 (2019-2023)";;"Легкий и прочный полноразмерный экспедиционный автомобильный багажник из алюминия <strong>STORM </strong>для <strong>BMW X7 (2019-2023)</strong> входит в систему Arcane Warrior для перевозки вещей и установки дополнительного оборудования для кемпинга и автопутешествий.<br /><ul><li data-list=""bullet"">Минимальное завышение от штатной высоты автомобиля</li><li data-list=""bullet"">Удобная сборная конструкция, в комплекте шаблон для сборки</li><li data-list=""bullet"">Специальные пазы для крепежных болтов в поперечинах для закрепления дополнительного оборудования</li><li data-list=""bullet"">Эстетичные и надежные крепления для заводских релингов</li></ul><br />Для установки автомобиль должен быть оборудован продольными релингами<br /><br /><strong>Характеристики</strong><br />Размер багажника 1645*1165*66мм<br />Размеры погрузочной площадки:1148*1000мм<br />Размер упаковки:1595*360*495мм<br />Завышение от штатной высоты:85мм<br />Расстояние от дна платформы до крыши автомобиля: 92мм<br />Вес: 23,4кг<br />Динамическая грузоподьемность: 150кг<br />Статическая грузоподьемность: 320кг <br />Макcимальный размер диодной балки: 900мм";https://static.tildacdn.com/stor3938-6336-4933-b065-383161323738/65064910.jpg;107008.00;;;;;FLGb4IZo177fKfM4S7v2;;BMW;0;0;0;0;;;;;
813644341772;"Arcane Warrior";A.001.000048,103-025-001-00;;"Багажники>>>Багажники STORM;Багажники";"Багажник экспедиционный STORM для Porsche Cayenne (2018-2024)";;"Легкий и прочный полноразмерный экспедиционный автомобильный багажник из алюминия <strong>STORM </strong>для <strong>Porsche Cayenne (2018-2024)</strong> входит в систему Arcane Warrior для перевозки вещей и установки дополнительного оборудования для кемпинга и автопутешествий.<br /><ul><li data-list=""bullet"">Минимальное завышение от штатной высоты автомобиля</li><li data-list=""bullet"">Удобная сборная конструкция, в комплекте шаблон для сборки</li><li data-list=""bullet"">Специальные пазы для крепежных болтов в поперечинах для закрепления дополнительного оборудования</li><li data-list=""bullet"">Эстетичные и надежные крепления для заводских релингов</li></ul><br />Для установки автомобиль должен быть оборудован продольными релингами<br /><br /><strong>Характеристики</strong><br />Размер багажника 1535*1225*66мм<br />Размеры погрузочной площадки:1038*1060мм<br />Размер упаковки:1595*360*495мм<br />Завышение от штатной высоты:88мм<br />Расстояние от дна платформы до крыши автомобиля: 72мм<br />Вес: 22,1кг<br />Динамическая грузоподьемность: 140кг<br />Статическая грузоподьемность: 300кг <br />Макcимальный размер диодной балки: 950мм<br />Совместим с кронштейном Spotlight bracket PRO：√";https://static.tildacdn.com/stor3938-6336-4933-b065-383161323738/65064910.jpg;91960.00;;;;;ESBZNlpljtKTxEEgXxnp;;Porsche;0;0;0;0;;;;;
155159307072;"Arcane Warrior";A.001.000049,103-026-001-00;;"Багажники>>>Багажники STORM;Багажники";"Багажник экспедиционный STORM для Lincoln Aviator (2020-2023)";;"Легкий и прочный полноразмерный экспедиционный автомобильный багажник из алюминия <strong>STORM </strong>для <strong>Lincoln Aviator (2020-2023)</strong> входит в систему Arcane Warrior для перевозки вещей и установки дополнительного оборудования для кемпинга и автопутешествий.<br /><ul><li data-list=""bullet"">Минимальное завышение от штатной высоты автомобиля</li><li data-list=""bullet"">Удобная сборная конструкция, в комплекте шаблон для сборки</li><li data-list=""bullet"">Специальные пазы для крепежных болтов в поперечинах для закрепления дополнительного оборудования</li><li data-list=""bullet"">Эстетичные и надежные крепления для заводских релингов</li></ul><br /><strong>Характеристики</strong><br />Размер багажника 1895*1305*66мм<br />Размеры погрузочной площадки:1398*1139мм<br />Размер упаковки:2022*363*495мм<br />Завышение от штатной высоты:105мм<br />Расстояние от дна платформы до крыши автомобиля: 100мм<br />Вес: 30,4кг<br />Динамическая грузоподьемность: 160кг<br />Статическая грузоподьемность: 320кг <br />Макcимальный размер диодной балки: 1000мм";https://static.tildacdn.com/stor3938-6336-4933-b065-383161323738/65064910.jpg;116936.00;;;;;PMmAkVn9sRtaasoST9Tl;;Lincoln;0;0;0;0;;;;;
633081286052;"Arcane Warrior";A.001.000050,103-026-002-00;;"Багажники>>>Багажники STORM;Багажники";"Багажник экспедиционный STORM для Lincoln Nautilus (2021-2022)";;"Легкий и прочный полноразмерный экспедиционный автомобильный багажник из алюминия <strong>STORM </strong>для <strong>Lincoln Nautilus (2021-2022)</strong> входит в систему Arcane Warrior для перевозки вещей и установки дополнительного оборудования для кемпинга и автопутешествий.<br /><ul><li data-list=""bullet"">Минимальное завышение от штатной высоты автомобиля</li><li data-list=""bullet"">Удобная сборная конструкция, в комплекте шаблон для сборки</li><li data-list=""bullet"">Специальные пазы для крепежных болтов в поперечинах для закрепления дополнительного оборудования</li><li data-list=""bullet"">Эстетичные и надежные крепления для заводских релингов</li></ul><br />Для установки автомобиль должен быть оборудован продольными релингами<br /><br /><strong>Характеристики</strong><br />Размер багажника 1510*1165*66мм<br />Размеры погрузочной площадки:1013*1000мм<br />Размер упаковки:1595*360*495мм<br />Завышение от штатной высоты:92мм<br />Расстояние от дна платформы до крыши автомобиля: 75мм<br />Вес: 21,3кг<br />Динамическая грузоподьемность: 140кг<br />Статическая грузоподьемность: 300кг <br />Макcимальный размер диодной балки: 900мм";https://static.tildacdn.com/stor3938-6336-4933-b065-383161323738/65064910.jpg;107008.00;;;;;tl03PDndY9358vJVyUvN;;Lincoln;0;0;0;0;;;;;
616898514362;"Arcane Warrior";A.001.000051,103-026-003-00;;"Багажники>>>Багажники STORM;Багажники";"Багажник экспедиционный STORM для Lincoln Adventurer (2021-2022)";;"Легкий и прочный полноразмерный экспедиционный автомобильный багажник из алюминия <strong>STORM </strong>для <strong>Lincoln Adventurer (2021-2022)</strong> входит в систему Arcane Warrior для перевозки вещей и установки дополнительного оборудования для кемпинга и автопутешествий.<br /><ul><li data-list=""bullet"">Минимальное завышение от штатной высоты автомобиля</li><li data-list=""bullet"">Удобная сборная конструкция, в комплекте шаблон для сборки</li><li data-list=""bullet"">Специальные пазы для крепежных болтов в поперечинах для закрепления дополнительного оборудования</li><li data-list=""bullet"">Эстетичные и надежные крепления для заводских релингов</li></ul><br />Для установки автомобиль должен быть оборудован продольными релингами<br /><br /><strong>Характеристики</strong><br />Размер багажника 1540*1225*66 мм<br />Размеры погрузочной площадки:1043*1060 мм<br />Размер упаковки:1595*360*495 мм<br />Завышение от штатной высоты: 76мм<br />Расстояние от дна платформы до крыши автомобиля: 57мм<br />Вес: 22,2 кг<br />Динамическая грузоподьемность: 140 кг<br />Статическая грузоподьемность: 300 кг <br />Макcимальный размер диодной балки: 950 мм";https://static.tildacdn.com/stor3938-6336-4933-b065-383161323738/65064910.jpg;91960.00;;;;;4NbklDvdDzDYkiyVjD3k;;Lincoln;0;0;0;0;;;;;
771631400052;;004.000001.05,702-005-001-00;;Offroad-оборудование;"Комплект для крепления сэндтраков (1 пара/2шт)";;"Комплект предназначен для закрепления сэндтраков (одного или пары) к багажнику, багажной системе на кузов пикапа, боксам FLEX и др.";https://static.tildacdn.com/stor6466-6339-4138-b462-303631623936/aef0cc004589a0115e9b7369a3806e30.jpg;3325.00;;;;;HcXha9lt5327y3bs1Ypj;;;0;0;0;0;;;;;
277717439632;;002.000001.01,103-037-001-00;;"Боковые боксы;Боковые боксы>>>Боковые боксы STORM;Хранение";"Универсальный боковой бокс STORM Side-mounted Storage Box (с кронштейнами)";;"Боковой бокс <strong>Arcane Warrior STORM с кронштейнами в комплекте. </strong>Оборудован внутренней подсветкой, замком и гидроупорами. Предназначен для размещения вещей и оборудования<br /><br /><strong>КОМПЛЕКТАЦИЯ:</strong><br /><ul><li data-list=""bullet"">Бокс</li><li data-list=""bullet"">Кронштейны крепления бокса к багажнику</li><li data-list=""bullet"">Светодиодный фонарь подсветки с кабелем зарядки USB</li></ul><br /><strong>Подходит для: Leopard 5, Tank 300/400/500/700, Ford Bronco, Wrangler JK/JL, Haval H9, New Haval H5, Raptor, Haval Dargo</strong><br /><br /><strong>Размеры:</strong> 636*437*162мм<br /><strong>Объем: </strong>15л<br /><strong>Вес:</strong> около 10кг<br /><strong>Материал: </strong>PA+15%GF, PC+ASA, zinc alloy, PA";https://static.tildacdn.com/stor6463-3330-4862-b833-393933643963/48381322.png;63840.00;;;;;1j19vyRBDGDCI0yLtmRM;;"Tank;Haval;Formula;Ford;Jeep";0;0;0;0;;;;;
443032462062;;A.001.000085,103-010-006-00;;"Багажники>>>Багажники STORM;Багажники";"Багажник экспедиционный STORM для BAW BJ212 T1 (2024+)";;"Легкий и прочный алюминиевый экспедиционный автомобильный багажник из алюминия <strong>STORM </strong>для <strong>BAW BJ212 T1(2025+) </strong>входит в систему <strong>Arcane Warrior</strong> для перевозки вещей и установки дополнительного оборудования для кемпинга и автопутешествий.<br /><ul><li data-list=""bullet"">Минимальное завышение от штатной высоты автомобиля</li><li data-list=""bullet"">Удобная сборная конструкция, в комплекте шаблон для сборки</li><li data-list=""bullet"">Специальные пазы для крепежных болтов в поперечинах для закрепления дополнительного оборудования</li><li data-list=""bullet"">Эстетичные и надежные крепления для заводских рейлингов</li><li data-list=""bullet"">Для 4х дверной и 2х дверной версии</li></ul><br /><strong>Характеристики</strong><br />Размер багажника:2180*1500*46мм<br />Размеры погрузочной площадки:1683*1335мм<br />Размер упаковки:2020*425*250мм<br />Завышение от штатной высоты: 68мм<br />Расстояние от дна платформы до крыши автомобиля: 37мм<br />Вес: 32,7кг<br />Динамическая грузоподьемность: 170кг<br />Статическая грузоподьемность: 350кг<br />Макcимальный размер диодной балки: 1050мм";https://static.tildacdn.com/stor3938-6336-4933-b065-383161323738/65064910.jpg;124460.00;;;;;ENy088XjTdZitlCjYUOg;;BAW;0;0;0;0;;;;;
325901649042;;A.001.000016,103-003-003-00;;"Багажники>>>Багажники STORM;Багажники";"Багажник экспедиционный STORM для WEY Lanshan (2023-2025)";;"Легкий и прочный полноразмерный экспедиционный автомобильный багажник из алюминия <strong>STORM </strong>для <strong>WEY Lanshan (2023-2025) </strong>входит в систему Arcane Warrior для перевозки вещей и установки дополнительного оборудования для кемпинга и автопутешествий.<br /><ul><li data-list=""bullet"">Минимальное завышение от штатной высоты автомобиля</li><li data-list=""bullet"">Удобная сборная конструкция, в комплекте шаблон для сборки</li><li data-list=""bullet"">Специальные пазы для крепежных болтов в поперечинах для закрепления дополнительного оборудования</li><li data-list=""bullet"">Эстетичные и надежные крепления для заводских релингов</li></ul><br />Для установки автомобиль должен быть оборудован продольными релингами<br /><br /><strong>Характеристики</strong><br />Размер багажника: 1835*1225*46мм<br />Размеры погрузочной площадки: 1339*1060<br />Размер упаковки:1871*1261*82мм<br />Завышение от штатной высоты: 90мм<br />Расстояние от дна платформы до крыши автомобиля: 67мм<br />Вес: 24,8кг<br />Динамическая грузоподьемность: 160кг<br />Статическая грузоподьемность: 320кг<br />Макcимальный размер диодной балки: 950мм";https://static.tildacdn.com/stor3865-3030-4536-a465-666464333166/49934420.jpg;107008.00;;;;;yZyA1Z5eSmZKXC5j0e9P;;Wey;0;0;0;0;;;;;
487848095992;;A.001.000107,103-029-001-00;;"Багажники>>>Багажники STORM;Багажники";"Багажник экспедиционный STORM для Hyundai Santa Fe (2024)";;"Легкий и прочный полноразмерный экспедиционный автомобильный багажник из алюминия <strong>STORM </strong>для <strong>Hyundai Santa Fe (2024) </strong>входит в систему Arcane Warrior для перевозки вещей и установки дополнительного оборудования для кемпинга и автопутешествий.<br /><ul><li data-list=""bullet"">Минимальное завышение от штатной высоты автомобиля</li><li data-list=""bullet"">Удобная сборная конструкция, в комплекте шаблон для сборки</li><li data-list=""bullet"">Специальные пазы для крепежных болтов в поперечинах для закрепления дополнительного оборудования</li><li data-list=""bullet"">Эстетичные и надежные крепления для заводских релингов</li></ul><br />Для установки автомобиль должен быть оборудован продольными релингами<br /><br /><strong>Характеристики</strong><br />Размер багажника 1785*1225*46 мм<br />Размеры погрузочной площадки:1288*1060мм<br />Размер упаковки:1595*360*495мм<br />Завышение от штатной высоты:85мм<br />Расстояние от дна платформы до крыши автомобиля: 105мм<br />Вес: 24,3кг<br />Динамическая грузоподьемность: 150кг<br />Статическая грузоподьемность: 300кг<br />Макcимальный размер диодной балки: 1050мм";https://static.tildacdn.com/stor3865-3030-4536-a465-666464333166/49934420.jpg;116936.00;;;;;jg6YytsCKtDgu4aFtLlr;;Hyundai;0;0;0;0;;;;;
789664571062;"Arcane Warrior";004.000009.01,103-008-051-01;;"Лестницы;Лестницы>>>Лестницы для STORM;Лестницы>>>Лестницы Crossing";"Боковая лестница CROSSING Ladder для Jeep Wrangler JL";;"Прочная, удобная и стильная раскладная алюминиевая лестница новой серии <strong>CROSSING LADDER </strong>для<strong> Jeep Wrangler JL.</strong><br />Комплект с кронштейнами для установки";https://static.tildacdn.com/stor3731-6462-4439-b530-393633646163/89855094.jpg;66500.00;;;;;yKtRI9JnD75x4BOYH8MJ;;Jeep;12000;651;500;140;;;;;
998664831002;"Arcane Warrior";004.000013.01,103-008-053-01;;"Лестницы;Лестницы>>>Лестницы для STORM;Лестницы>>>Лестницы Crossing";"Боковая лестница CROSSING Ladder для Jeep Wrangler JK";;"Прочная, удобная и стильная раскладная алюминиевая лестница новой серии <strong>CROSSING LADDER </strong>для<strong>#nbsp;Jeep Wrangler JK</strong><br />Комплект с кронштейнами для установки";https://static.tildacdn.com/stor3731-6462-4439-b530-393633646163/89855094.jpg;66500.00;;;;;IXNb5I5ZlVDrGJN8fdg0;;Jeep;12000;651;500;140;;;;;
708025662152;;004.000001.02,103-008-047-01;;"Лестницы;Автомобили>>>Leopard 8;Лестницы>>>Лестницы для STORM;Лестницы>>>Лестницы Crossing";"Боковая лестница CROSSING Ladder для BYD FangChengBao Leopard 8";;"Прочная, удобная и стильная раскладная алюминиевая лестница <strong>CROSSING LADDER для BYD FangChengBao Leopard 8.</strong><br /><br /><ul><li data-list=""bullet"">Быстрое и легкое раскладывание и складывание</li><li data-list=""bullet"">Удобный доступ к оборудованию и вещам на багажнике</li><li data-list=""bullet"">Стильный и брутальный вид</li><li data-list=""bullet"">Двухточечная блокировка</li><li data-list=""bullet"">Многоточечная фиксация, более стабильный размер</li><li data-list=""bullet"">Трехступенчатое открытие и закрытие, более удобное в использовании</li></ul><br /><strong>Характеристики</strong><br /><ul><li data-list=""bullet"">Закрытый размер: 651*500*140мм</li><li data-list=""bullet"">Открытый размер: 1075*500*140мм</li><li data-list=""bullet"">Вес:12кг</li><li data-list=""bullet"">Материал: алюминий</li><li data-list=""bullet"">Нагрузка: 150кг</li></ul>";https://static.tildacdn.com/stor3731-6462-4439-b530-393633646163/89855094.jpg;66500.00;;;;;7zNg6yOJi72jdd2E0F7t;;BYD;0;0;0;0;;;;;
376199269602;;004.000002.02,103-008-048-05;;"Лестницы;Автомобили>>>Leopard 5;Лестницы>>>Лестницы для STORM;Лестницы>>>Лестницы Crossing";"Боковая лестница CROSSING Ladder для BYD FangChengBao Leopard 5";;"Прочная, удобная и стильная раскладная алюминиевая лестница <strong>CROSSING LADDER для BYD FangChengBao Leopard 5.</strong><br /><br /><ul><li data-list=""bullet"">Быстрое и легкое раскладывание и складывание</li><li data-list=""bullet"">Удобный доступ к оборудованию и вещам на багажнике</li><li data-list=""bullet"">Стильный и брутальный вид</li><li data-list=""bullet"">Двухточечная блокировка</li><li data-list=""bullet"">Многоточечная фиксация, более стабильный размер</li><li data-list=""bullet"">Трехступенчатое открытие и закрытие, более удобное в использовании</li></ul><br /><strong>Характеристики</strong><br /><ul><li data-list=""bullet"">Закрытый размер: 651*500*140мм</li><li data-list=""bullet"">Открытый размер: 1075*500*140мм</li><li data-list=""bullet"">Вес:12кг</li><li data-list=""bullet"">Материал: алюминий</li><li data-list=""bullet"">Нагрузка: 150кг</li></ul>";https://static.tildacdn.com/stor3731-6462-4439-b530-393633646163/89855094.jpg;66500.00;;;;;N19nM9CFt5S0gciz1vYm;;BYD;0;0;0;0;;;;;
741097228832;;004.000003.01,103-008-041-01;;"Лестницы;Лестницы>>>Лестницы для STORM;Лестницы>>>Лестницы Crossing";"Боковая лестница CROSSING Ladder для Tank 300";;"Прочная, удобная и стильная раскладная алюминиевая лестница <strong>CROSSING LADDER для Tank 300.</strong><br /><br /><ul><li data-list=""bullet"">Быстрое и легкое раскладывание и складывание</li><li data-list=""bullet"">Удобный доступ к оборудованию и вещам на багажнике</li><li data-list=""bullet"">Стильный и брутальный вид</li><li data-list=""bullet"">Двухточечная блокировка</li><li data-list=""bullet"">Многоточечная фиксация, более стабильный размер</li><li data-list=""bullet"">Трехступенчатое открытие и закрытие, более удобное в использовании</li></ul><br /><strong>Характеристики</strong><br /><ul><li data-list=""bullet"">Закрытый размер: 651*500*140мм</li><li data-list=""bullet"">Открытый размер: 1075*500*140мм</li><li data-list=""bullet"">Вес:12кг</li><li data-list=""bullet"">Материал: алюминий</li><li data-list=""bullet"">Нагрузка: 150кг</li></ul>";https://static.tildacdn.com/stor3731-6462-4439-b530-393633646163/89855094.jpg;66500.00;;;;;vg9Hc2KCuOsrJoK2uJjZ;;Tank;0;0;0;0;;;;;
984000309232;;004.000004.01,103-008-042-01;;"Лестницы;Автомобили>>>Tank 400;Лестницы>>>Лестницы для STORM;Лестницы>>>Лестницы Crossing";"Боковая лестница CROSSING Ladder для Tank 400";;"Прочная, удобная и стильная раскладная алюминиевая лестница <strong>CROSSING LADDER для Tank 400.</strong><br /><br /><ul><li data-list=""bullet"">Быстрое и легкое раскладывание и складывание</li><li data-list=""bullet"">Удобный доступ к оборудованию и вещам на багажнике</li><li data-list=""bullet"">Стильный и брутальный вид</li><li data-list=""bullet"">Двухточечная блокировка</li><li data-list=""bullet"">Многоточечная фиксация, более стабильный размер</li><li data-list=""bullet"">Трехступенчатое открытие и закрытие, более удобное в использовании</li></ul><br /><strong>Характеристики</strong><br /><ul><li data-list=""bullet"">Закрытый размер: 651*500*140мм</li><li data-list=""bullet"">Открытый размер: 1075*500*140мм</li><li data-list=""bullet"">Вес:12кг</li><li data-list=""bullet"">Материал: алюминий</li><li data-list=""bullet"">Нагрузка: 150кг</li></ul>";https://static.tildacdn.com/stor3731-6462-4439-b530-393633646163/89855094.jpg;66500.00;;;;;Ke0fmAR3tZDmH56akUBi;;Tank;0;0;0;0;;;;;
370639388512;;004.000005.01,103-008-043-01;;"Лестницы;Автомобили>>>Tank 500;Лестницы>>>Лестницы для STORM;Лестницы>>>Лестницы Crossing";"Боковая лестница CROSSING Ladder для Tank 500";;"Прочная, удобная и стильная раскладная алюминиевая лестница <strong>CROSSING LADDER для Tank 500.</strong><br /><br /><ul><li data-list=""bullet"">Быстрое и легкое раскладывание и складывание</li><li data-list=""bullet"">Удобный доступ к оборудованию и вещам на багажнике</li><li data-list=""bullet"">Стильный и брутальный вид</li><li data-list=""bullet"">Двухточечная блокировка</li><li data-list=""bullet"">Многоточечная фиксация, более стабильный размер</li><li data-list=""bullet"">Трехступенчатое открытие и закрытие, более удобное в использовании</li></ul><br /><strong>Характеристики</strong><br /><ul><li data-list=""bullet"">Закрытый размер: 651*500*140мм</li><li data-list=""bullet"">Открытый размер: 1075*500*140мм</li><li data-list=""bullet"">Вес:12кг</li><li data-list=""bullet"">Материал: алюминий</li><li data-list=""bullet"">Нагрузка: 150кг</li></ul>";https://static.tildacdn.com/stor3731-6462-4439-b530-393633646163/89855094.jpg;66500.00;;;;;rrC3gM8uyvByFTptG8hD;;Tank;0;0;0;0;;;;;
224909051882;;004.000006.01,103-008-044-01;;"Лестницы;Автомобили>>>Tank 700;Лестницы>>>Лестницы для STORM;Лестницы>>>Лестницы Crossing";"Боковая лестница CROSSING Ladder для Tank 700";;"Прочная, удобная и стильная раскладная алюминиевая лестница <strong>CROSSING LADDER для Tank 700.</strong><br /><br /><ul><li data-list=""bullet"">Быстрое и легкое раскладывание и складывание</li><li data-list=""bullet"">Удобный доступ к оборудованию и вещам на багажнике</li><li data-list=""bullet"">Стильный и брутальный вид</li><li data-list=""bullet"">Двухточечная блокировка</li><li data-list=""bullet"">Многоточечная фиксация, более стабильный размер</li><li data-list=""bullet"">Трехступенчатое открытие и закрытие, более удобное в использовании</li></ul><br /><strong>Характеристики</strong><br /><ul><li data-list=""bullet"">Закрытый размер: 651*500*140мм</li><li data-list=""bullet"">Открытый размер: 1075*500*140мм</li><li data-list=""bullet"">Вес:12кг</li><li data-list=""bullet"">Материал: алюминий</li><li data-list=""bullet"">Нагрузка: 150кг</li></ul>";https://static.tildacdn.com/stor3731-6462-4439-b530-393633646163/89855094.jpg;66500.00;;;;;Ia02z9bIVF1Y7e7hZ5NF;;Tank;0;0;0;0;;;;;
115622336702;;004.000007.02,103-008-045-01;;"Лестницы;Лестницы>>>Лестницы для STORM;Лестницы>>>Лестницы Crossing";"Боковая лестница CROSSING Ladder для Ford Bronco";;"Прочная, удобная и стильная раскладная алюминиевая лестница <strong>CROSSING LADDER для Ford Bronco.</strong><br /><br /><ul><li data-list=""bullet"">Быстрое и легкое раскладывание и складывание</li><li data-list=""bullet"">Удобный доступ к оборудованию и вещам на багажнике</li><li data-list=""bullet"">Стильный и брутальный вид</li><li data-list=""bullet"">Двухточечная блокировка</li><li data-list=""bullet"">Многоточечная фиксация, более стабильный размер</li><li data-list=""bullet"">Трехступенчатое открытие и закрытие, более удобное в использовании</li></ul><br /><strong>Характеристики</strong><br /><ul><li data-list=""bullet"">Закрытый размер: 651*500*140мм</li><li data-list=""bullet"">Открытый размер: 1075*500*140мм</li><li data-list=""bullet"">Вес:12кг</li><li data-list=""bullet"">Материал: алюминий</li><li data-list=""bullet"">Нагрузка: 150кг</li></ul>";https://static.tildacdn.com/stor3731-6462-4439-b530-393633646163/89855094.jpg;66500.00;;;;;1x0TGrhxC4h1uVNHhyYr;;Ford;0;0;0;0;;;;;
610422819272;;004.000018.01,103-008-055-01;;"Лестницы;Лестницы>>>Лестницы для STORM;Лестницы>>>Лестницы Crossing";"Боковая лестница CROSSING Ladder для Land Rover Defender 90";;"Прочная, удобная и стильная раскладная алюминиевая лестница <strong>CROSSING LADDER для Land Rover Defender 90.</strong><br /><br /><ul><li data-list=""bullet"">Быстрое и легкое раскладывание и складывание</li><li data-list=""bullet"">Удобный доступ к оборудованию и вещам на багажнике</li><li data-list=""bullet"">Стильный и брутальный вид</li><li data-list=""bullet"">Двухточечная блокировка</li><li data-list=""bullet"">Многоточечная фиксация, более стабильный размер</li><li data-list=""bullet"">Трехступенчатое открытие и закрытие, более удобное в использовании</li></ul><br /><strong>Характеристики</strong><br /><ul><li data-list=""bullet"">Закрытый размер: 651*500*140мм</li><li data-list=""bullet"">Открытый размер: 1075*500*140мм</li><li data-list=""bullet"">Вес:12кг</li><li data-list=""bullet"">Материал: алюминий</li><li data-list=""bullet"">Нагрузка: 150кг</li></ul>";https://static.tildacdn.com/stor3731-6462-4439-b530-393633646163/89855094.jpg;66500.00;;;;;8b9Av6VE23dcI0K8upKT;;"Land Rover";0;0;0;0;;;;;
125910308662;;004.000014.01,103-008-054-01;;"Лестницы;Лестницы>>>Лестницы для STORM;Лестницы>>>Лестницы Crossing";"Боковая лестница CROSSING Ladder для Land Rover Defender 110/130";;"Прочная, удобная и стильная раскладная алюминиевая лестница <strong>CROSSING LADDER для Land Rover Defender 110/130.</strong><br /><br /><ul><li data-list=""bullet"">Быстрое и легкое раскладывание и складывание</li><li data-list=""bullet"">Удобный доступ к оборудованию и вещам на багажнике</li><li data-list=""bullet"">Стильный и брутальный вид</li><li data-list=""bullet"">Двухточечная блокировка</li><li data-list=""bullet"">Многоточечная фиксация, более стабильный размер</li><li data-list=""bullet"">Трехступенчатое открытие и закрытие, более удобное в использовании</li></ul><br /><strong>Характеристики</strong><br /><ul><li data-list=""bullet"">Закрытый размер: 651*500*140мм</li><li data-list=""bullet"">Открытый размер: 1075*500*140мм</li><li data-list=""bullet"">Вес:12кг</li><li data-list=""bullet"">Материал: алюминий</li><li data-list=""bullet"">Нагрузка: 150кг</li></ul>";https://static.tildacdn.com/stor3731-6462-4439-b530-393633646163/89855094.jpg;66500.00;;;;;CeTN4h4lL4NFEofcGXI3;;"Land Rover";0;0;0;0;;;;;
739664590302;;004.000015.01,103-008-056-01;;"Лестницы;Лестницы>>>Лестницы для STORM;Лестницы>>>Лестницы Crossing";"Боковая лестница CROSSING Ladder для Land Rover Discovery 4";;"Прочная, удобная и стильная раскладная алюминиевая лестница <strong>CROSSING LADDER для Land Rover Discovery 4.</strong><br /><br /><ul><li data-list=""bullet"">Быстрое и легкое раскладывание и складывание</li><li data-list=""bullet"">Удобный доступ к оборудованию и вещам на багажнике</li><li data-list=""bullet"">Стильный и брутальный вид</li><li data-list=""bullet"">Двухточечная блокировка</li><li data-list=""bullet"">Многоточечная фиксация, более стабильный размер</li><li data-list=""bullet"">Трехступенчатое открытие и закрытие, более удобное в использовании</li></ul><br /><strong>Характеристики</strong><br /><ul><li data-list=""bullet"">Закрытый размер: 651*500*140мм</li><li data-list=""bullet"">Открытый размер: 1075*500*140мм</li><li data-list=""bullet"">Вес:12кг</li><li data-list=""bullet"">Материал: алюминий</li><li data-list=""bullet"">Нагрузка: 150кг</li></ul>";https://static.tildacdn.com/stor3731-6462-4439-b530-393633646163/89855094.jpg;66500.00;;;;;XpIYZOZ0VeCN2rtxVdMm;;"Land Rover";0;0;0;0;;;;;
717663687592;;004.000008.01,103-008-039-01;;"Лестницы;Лестницы>>>Лестницы для STORM;Лестницы>>>Лестницы Crossing";"Боковая лестница CROSSING Ladder для Haval H9";;"Прочная, удобная и стильная раскладная алюминиевая лестница <strong>CROSSING LADDER для Haval H9.</strong><br /><br /><ul><li data-list=""bullet"">Быстрое и легкое раскладывание и складывание</li><li data-list=""bullet"">Удобный доступ к оборудованию и вещам на багажнике</li><li data-list=""bullet"">Стильный и брутальный вид</li><li data-list=""bullet"">Двухточечная блокировка</li><li data-list=""bullet"">Многоточечная фиксация, более стабильный размер</li><li data-list=""bullet"">Трехступенчатое открытие и закрытие, более удобное в использовании</li></ul><br /><strong>Характеристики</strong><br /><ul><li data-list=""bullet"">Закрытый размер: 651*500*140мм</li><li data-list=""bullet"">Открытый размер: 1075*500*140мм</li><li data-list=""bullet"">Вес:12кг</li><li data-list=""bullet"">Материал: алюминий</li><li data-list=""bullet"">Нагрузка: 150кг</li></ul>";https://static.tildacdn.com/stor3731-6462-4439-b530-393633646163/89855094.jpg;66500.00;;;;;dLttCIpUD8J9C9tGombX;;Haval;0;0;0;0;;;;;
233732816652;;004.000020.01,103-008-063-01;;"Лестницы;Лестницы>>>Лестницы для STORM;Лестницы>>>Лестницы Crossing";"Боковая лестница CROSSING Ladder для Toyota Land Cruiser 120/150";;"Прочная, удобная и стильная раскладная алюминиевая лестница <strong>CROSSING LADDER для Toyota Land Cruiser 120/150.</strong><br /><br /><ul><li data-list=""bullet"">Быстрое и легкое раскладывание и складывание</li><li data-list=""bullet"">Удобный доступ к оборудованию и вещам на багажнике</li><li data-list=""bullet"">Стильный и брутальный вид</li><li data-list=""bullet"">Двухточечная блокировка</li><li data-list=""bullet"">Многоточечная фиксация, более стабильный размер</li><li data-list=""bullet"">Трехступенчатое открытие и закрытие, более удобное в использовании</li></ul><br /><strong>Характеристики</strong><br /><ul><li data-list=""bullet"">Закрытый размер: 651*500*140мм</li><li data-list=""bullet"">Открытый размер: 1075*500*140мм</li><li data-list=""bullet"">Вес:12кг</li><li data-list=""bullet"">Материал: алюминий</li><li data-list=""bullet"">Нагрузка: 150кг</li></ul>";https://static.tildacdn.com/stor3731-6462-4439-b530-393633646163/89855094.jpg;66500.00;;;;;TNXR87NGUAS9FZj1o0V8;;Toyota;0;0;0;0;;;;;
646304514642;;004.000017.01,103-008-058-01;;"Лестницы;Лестницы>>>Лестницы для STORM;Лестницы>>>Лестницы Crossing";"Боковая лестница CROSSING Ladder для Haval Raptor";;"Прочная, удобная и стильная раскладная алюминиевая лестница <strong>CROSSING LADDER для Haval Raptor.</strong><br /><br /><ul><li data-list=""bullet"">Быстрое и легкое раскладывание и складывание</li><li data-list=""bullet"">Удобный доступ к оборудованию и вещам на багажнике</li><li data-list=""bullet"">Стильный и брутальный вид</li><li data-list=""bullet"">Двухточечная блокировка</li><li data-list=""bullet"">Многоточечная фиксация, более стабильный размер</li><li data-list=""bullet"">Трехступенчатое открытие и закрытие, более удобное в использовании</li></ul><br /><strong>Характеристики</strong><br /><ul><li data-list=""bullet"">Закрытый размер: 651*500*140мм</li><li data-list=""bullet"">Открытый размер: 1075*500*140мм</li><li data-list=""bullet"">Вес:12кг</li><li data-list=""bullet"">Материал: алюминий</li><li data-list=""bullet"">Нагрузка: 150кг</li></ul>";https://static.tildacdn.com/stor3731-6462-4439-b530-393633646163/89855094.jpg;66500.00;;;;;vuRbVrc6K3POmkyKOGOy;;Haval;0;0;0;0;;;;;
297824663372;;004.000010.01,103-008-059-01;;"Лестницы;Лестницы>>>Лестницы для STORM;Лестницы>>>Лестницы Crossing";"Боковая лестница CROSSING Ladder для BAIC BJ40 2024+";;"Прочная, удобная и стильная раскладная алюминиевая лестница <strong>CROSSING LADDER для BAIC BJ40 2024+.</strong><br /><br /><ul><li data-list=""bullet"">Быстрое и легкое раскладывание и складывание</li><li data-list=""bullet"">Удобный доступ к оборудованию и вещам на багажнике</li><li data-list=""bullet"">Стильный и брутальный вид</li><li data-list=""bullet"">Двухточечная блокировка</li><li data-list=""bullet"">Многоточечная фиксация, более стабильный размер</li><li data-list=""bullet"">Трехступенчатое открытие и закрытие, более удобное в использовании</li></ul>";https://static.tildacdn.com/stor3731-6462-4439-b530-393633646163/89855094.jpg;66500.00;;;;;dX6aAkDGYBOjneeHzRKz;;BAIC;0;0;0;0;;;;;
802224511152;;004.000025.01,103-008-068-01;;"Лестницы;Лестницы>>>Лестницы для STORM;Лестницы>>>Лестницы Crossing";"Боковая лестница CROSSING Ladder для BAW BJ212";;"Прочная, удобная и стильная раскладная алюминиевая лестница <strong>CROSSING LADDER для BAIC BJ212.</strong><br /><br /><ul><li data-list=""bullet"">Быстрое и легкое раскладывание и складывание</li><li data-list=""bullet"">Удобный доступ к оборудованию и вещам на багажнике</li><li data-list=""bullet"">Стильный и брутальный вид</li><li data-list=""bullet"">Двухточечная блокировка</li><li data-list=""bullet"">Многоточечная фиксация, более стабильный размер</li><li data-list=""bullet"">Трехступенчатое открытие и закрытие, более удобное в использовании</li></ul><br /><strong>Характеристики</strong><br /><ul><li data-list=""bullet"">Закрытый размер: 651*500*140мм</li><li data-list=""bullet"">Открытый размер: 1075*500*140мм</li><li data-list=""bullet"">Вес:12кг</li><li data-list=""bullet"">Материал: алюминий</li><li data-list=""bullet"">Нагрузка: 150кг</li></ul>";https://static.tildacdn.com/stor3731-6462-4439-b530-393633646163/89855094.jpg;66500.00;;;;;JiYMOMPThLD2iszElpsY;;BAW;0;0;0;0;;;;;
713566641892;;004.000021.01,103-008-064-01;;"Лестницы;Автомобили>>>Jetour T2;Лестницы>>>Лестницы для STORM;Лестницы>>>Лестницы Crossing";"Боковая лестница CROSSING Ladder для Jetour Traveller (Shanhai T2)";;"Прочная, удобная и стильная раскладная алюминиевая лестница <strong>CROSSING LADDER для Jetour Traveller (Shanhai T2).</strong><br /><br /><ul><li data-list=""bullet"">Быстрое и легкое раскладывание и складывание</li><li data-list=""bullet"">Удобный доступ к оборудованию и вещам на багажнике</li><li data-list=""bullet"">Стильный и брутальный вид</li><li data-list=""bullet"">Двухточечная блокировка</li><li data-list=""bullet"">Многоточечная фиксация, более стабильный размер</li><li data-list=""bullet"">Трехступенчатое открытие и закрытие, более удобное в использовании</li></ul><br /><strong>Характеристики</strong><br /><ul><li data-list=""bullet"">Закрытый размер: 651*500*140мм</li><li data-list=""bullet"">Открытый размер: 1075*500*140мм</li><li data-list=""bullet"">Вес:12кг</li><li data-list=""bullet"">Материал: алюминий</li><li data-list=""bullet"">Нагрузка: 150кг</li></ul>";https://static.tildacdn.com/stor3731-6462-4439-b530-393633646163/89855094.jpg;66500.00;;;;;1dxbe1K8MPHH21i94rF7;;Jetour;0;0;0;0;;;;;
361432059922;;103-008-040-00;;"Лестницы;Лестницы>>>Лестницы для STORM;Лестницы>>>Лестницы Crossing";"Боковая лестница CROSSING Ladder для Hyundai Santa Fe";;"Прочная, удобная и стильная раскладная алюминиевая лестница <strong>CROSSING LADDER для Hyundai Santa Fe.</strong><br /><br /><ul><li data-list=""bullet"">Быстрое и легкое раскладывание и складывание</li><li data-list=""bullet"">Удобный доступ к оборудованию и вещам на багажнике</li><li data-list=""bullet"">Стильный и брутальный вид</li><li data-list=""bullet"">Двухточечная блокировка</li><li data-list=""bullet"">Многоточечная фиксация, более стабильный размер</li><li data-list=""bullet"">Трехступенчатое открытие и закрытие, более удобное в использовании</li></ul><br /><strong>Характеристики</strong><br /><ul><li data-list=""bullet"">Закрытый размер: 651*500*140мм</li><li data-list=""bullet"">Открытый размер: 1075*500*140мм</li><li data-list=""bullet"">Вес:12кг</li><li data-list=""bullet"">Материал: алюминий</li><li data-list=""bullet"">Нагрузка: 150кг</li></ul>";https://static.tildacdn.com/stor3731-6462-4439-b530-393633646163/89855094.jpg;66500.00;;;;;ZGJJZoPiJ59bNi75XTKe;;Hyundai;0;0;0;0;;;;;
131685199382;;A.001.000165,103-016-012-00;;"Багажники>>>Багажники STORM;Багажники;Автомобили>>>BYD Shark 6";"Багажник экспедиционный STORM для BYD Shark 6 (2024+)";;"Легкий и прочный полноразмерный экспедиционный автомобильный багажник из алюминия <strong>STORM </strong>для <strong>BYD Shark 6 (2024+) </strong>входит в систему Arcane Warrior для перевозки вещей и установки дополнительного оборудования для кемпинга и автопутешествий.<br /><ul><li data-list=""bullet"">Минимальное завышение от штатной высоты автомобиля</li><li data-list=""bullet"">Удобная сборная конструкция, в комплекте шаблон для сборки</li><li data-list=""bullet"">Специальные пазы для крепежных болтов в поперечинах для закрепления дополнительного оборудования</li><li data-list=""bullet"">Эстетичные и надежные крепления для заводских релингов</li></ul><br />Для установки автомобиль должен быть оборудован продольными релингами.<br /><br /><strong>Характеристики</strong><br />Размер багажника: 1390*1305*46мм<br />Размеры погрузочной площадки: 1180*1139мм<br />Размер упаковки: 2020*425*250мм<br />Завышение от штатной высоты: 73мм<br />Расстояние от дна платформы до крыши автомобиля: 73мм<br />Вес: 17.8кг<br />Динамическая грузоподьемность: 150кг<br />Статическая грузоподьемность: 300кг<br />Макcимальный размер диодной балки: 1000мм";https://static.tildacdn.com/stor3233-3461-4836-b564-646538373137/15677255.jpg;91960.00;;;;;RerFD6AgavzPykOVcSRE;;BYD;0;0;0;0;;;;;
735725375772;;A.001.000166,103-005-037-00;;"Багажники>>>Багажники STORM;Багажники";"Багажник экспедиционный STORM для Toyota Land Cruiser 79 (двойная кабина, 2024+)";;"Легкий и прочный полноразмерный экспедиционный автомобильный багажник из алюминия <strong>STORM </strong>для <strong>Toyota Land Cruiser 79 (двойная кабина, 2024+)</strong> входит в систему Arcane Warrior для перевозки вещей и установки дополнительного оборудования для кемпинга и автопутешествий.<br /><ul><li data-list=""bullet"">Минимальное завышение от штатной высоты автомобиля</li><li data-list=""bullet"">Удобная сборная конструкция, в комплекте шаблон для сборки</li><li data-list=""bullet"">Специальные пазы для крепежных болтов в поперечинах для закрепления дополнительного оборудования</li><li data-list=""bullet"">Эстетичные и надежные крепления для заводских релингов</li></ul><br /><strong>Характеристики</strong><br />Размер багажника: 1299*1360*46мм<br />Размеры погрузочной площадки: 1048*950мм<br />Размер упаковки: 1595*360*495мм<br />Завышение от штатной высоты: 48мм<br />Расстояние от дна платформы до крыши автомобиля: 48мм<br />Вес: 19.3кг<br />Динамическая грузоподьемность: 130кг<br />Статическая грузоподьемность: 280кг<br />Макcимальный размер диодной балки: 850мм";https://static.tildacdn.com/stor3233-3461-4836-b564-646538373137/15677255.jpg;99484.00;;;;;jCuV5l06uJkACFz9AeEB;;Toyota;0;0;0;0;;;;;
740434857462;;A.001.00151;;"Багажники>>>Багажники STORM;Багажники";"Багажник экспедиционный STORM для Toyota Tacoma Gen3 (2016-2023)";;"Легкий и прочный полноразмерный экспедиционный автомобильный багажник из алюминия <strong>STORM </strong>для <strong>Toyota Tacoma Gen3 (2016-2023)</strong> входит в систему Arcane Warrior для перевозки вещей и установки дополнительного оборудования для кемпинга и автопутешествий.<br /><ul><li data-list=""bullet"">Минимальное завышение от штатной высоты автомобиля</li><li data-list=""bullet"">Удобная сборная конструкция, в комплекте шаблон для сборки</li><li data-list=""bullet"">Специальные пазы для крепежных болтов в поперечинах для закрепления дополнительного оборудования</li><li data-list=""bullet"">Эстетичные и надежные крепления для заводских релингов</li></ul><br /><strong>Характеристики</strong><br />Размер багажника: 1444*1195*46мм<br />Размеры погрузочной площадки: 1234*1030мм<br />Размер упаковки: 1595*360*495мм<br />Завышение от штатной высоты: 11мм<br />Расстояние от дна платформы до крыши автомобиля: 54мм<br />Вес: 16.9кг<br />Динамическая грузоподьемность: 150кг<br />Статическая грузоподьемность: 300кг<br />Макcимальный размер диодной балки: 850мм";https://static.tildacdn.com/stor3233-3461-4836-b564-646538373137/15677255.jpg;107008.00;;;;;6He4BHfMANeo16LdkjXV;;Toyota;0;0;0;0;;;;;
203268301852;;103-039-002-00;;"Багажники>>>Багажники STORM;Багажники";"Багажник экспедиционный STORM для Lexus GX 460 (2004-2015)";;"Легкий и прочный полноразмерный экспедиционный автомобильный багажник из алюминия <strong>STORM </strong>для<strong> Lexus GX 460 (2004-2015)</strong> входит в систему Arcane Warrior для перевозки вещей и установки дополнительного оборудования для кемпинга и автопутешествий.<br /><ul><li data-list=""bullet"">Минимальное завышение от штатной высоты автомобиля</li><li data-list=""bullet"">Удобная сборная конструкция, в комплекте шаблон для сборки</li><li data-list=""bullet"">Специальные пазы для крепежных болтов в поперечинах для закрепления дополнительного оборудования</li><li data-list=""bullet"">Эстетичные и надежные крепления для заводских релингов</li></ul><br /><strong>Для установки автомобиль должен быть оборудован продольными релингами</strong><br /><br /><strong>Характеристики</strong><br />Размер багажника:1585*1165*66мм<br />Размеры погрузочной площадки:1089*1000мм<br />Размер упаковки:1595*360*495мм<br />Завышение от штатной высоты: 72мм<br />Расстояние от дна платформы до крыши автомобиля: 10мм<br />Вес: 22кг<br />Динамическая грузоподьемность: 145кг<br />Статическая грузоподьемность: 300кг<br />Макcимальный размер диодной балки: 900мм";https://static.tildacdn.com/stor3938-6336-4933-b065-383161323738/65064910.jpg;107008.00;;;;;2F9V8bFZkiuZ5uRmrltT;;Lexus;0;0;0;0;;;;;
781398705872;"Arcane Warrior";103-041-002-00;;"Багажники>>>Багажники STORM;Багажники";"Багажник экспедиционный STORM для Kia Tasman (2025) Mid trim";;"Легкий и прочный полноразмерный экспедиционный автомобильный багажник из алюминия <strong>STORM </strong>для <strong>Kia Tasman (2025) Mid trim</strong> входит в систему Arcane Warrior для перевозки вещей и установки дополнительного оборудования для кемпинга и автопутешествий.<br /><ul><li data-list=""bullet"">Минимальное завышение от штатной высоты автомобиля</li><li data-list=""bullet"">Удобная сборная конструкция, в комплекте шаблон для сборки</li><li data-list=""bullet"">Специальные пазы для крепежных болтов в поперечинах для закрепления дополнительного оборудования</li><li data-list=""bullet"">Эстетичные и надежные крепления для заводских релингов</li></ul><br />Для установки автомобиль должен быть оборудован продольными релингами<br /><br /><strong>Характеристики</strong><br /><ul><li data-list=""bullet"">Размер багажника 1527*1390*46 мм</li><li data-list=""bullet"">Размеры погрузочной площадки:1317*1225мм</li><li data-list=""bullet"">Размер упаковки:1595*360*495мм</li><li data-list=""bullet"">Завышение от штатной высоты:34мм</li><li data-list=""bullet"">Расстояние от дна платформы до крыши автомобиля: 47мм</li><li data-list=""bullet"">Вес: 23,7кг</li><li data-list=""bullet"">Динамическая грузоподьемность: 150кг</li><li data-list=""bullet"">Статическая грузоподьемность: 300кг</li><li data-list=""bullet"">Макcимальный размер диодной балки: 1050мм</li></ul>";https://static.tildacdn.com/stor3938-6336-4933-b065-383161323738/65064910.jpg;99484.00;;;;;ovbPF60d5glLN4nclkgE;;KIA;0;0;0;0;;;;;
706829506932;"Arcane Warrior";103-005-036-00;;"Багажники>>>Багажники STORM;Багажники";"Багажник экспедиционный STORM для Kia Tasman (2025) High trim";;"Легкий и прочный полноразмерный экспедиционный автомобильный багажник из алюминия <strong>STORM </strong>для <strong>Kia Tasman (2025) High trim</strong> входит в систему Arcane Warrior для перевозки вещей и установки дополнительного оборудования для кемпинга и автопутешествий.<br /><ul><li data-list=""bullet"">Минимальное завышение от штатной высоты автомобиля</li><li data-list=""bullet"">Удобная сборная конструкция, в комплекте шаблон для сборки</li><li data-list=""bullet"">Специальные пазы для крепежных болтов в поперечинах для закрепления дополнительного оборудования</li><li data-list=""bullet"">Эстетичные и надежные крепления для заводских релингов</li></ul><br /><strong>Для установки автомобиль должен быть оборудован продольными релингами</strong><br /><br /><strong>Характеристики</strong><br /><ul><li data-list=""bullet"">Размер багажника 1785*1225*46 мм</li><li data-list=""bullet"">Размеры погрузочной площадки:1288*1060мм</li><li data-list=""bullet"">Размер упаковки:1595*360*495мм</li><li data-list=""bullet"">Завышение от штатной высоты:85мм</li><li data-list=""bullet"">Расстояние от дна платформы до крыши автомобиля: 105мм</li><li data-list=""bullet"">Вес: 24,3кг</li><li data-list=""bullet"">Динамическая грузоподьемность: 150кг</li><li data-list=""bullet"">Статическая грузоподьемность: 300кг</li><li data-list=""bullet"">Макcимальный размер диодной балки: 1050мм</li></ul>";https://static.tildacdn.com/stor3938-6336-4933-b065-383161323738/65064910.jpg;99484.00;;;;;0tTX4CZLz4hRIBkeZPlS;;KIA;0;0;0;0;;;;;
996859512132;;B.008.000006,104-003-006-00;;"Роллетные крышки>>>Роллетные крышки AW;Роллетные крышки;Автомобили>>>BYD Shark 6";"Крышка роллетная Ultra Ridge Roll-up cover для пикапа BYD Shark 6";;"Легкая и прочная алюминиевая крышка для пикапов <strong>Arcane Warrior Roll-up cover</strong>. Подходит для <strong>BYD Shark 6.</strong><br /><br /><ul><li data-list=""bullet"">Удобная конструкция позволяет легко открыть доступ к багажнику пикапа, в закрытом состоянии защищая груз от непогоды и посторонних</li><li data-list=""bullet"">Алюминиевый профиль выглядит стильно и современно</li><li data-list=""bullet"">Встроенная светодиодная подсветка</li><li data-list=""bullet"">Простая установка</li><li data-list=""bullet"">Выдерживает нагрузку на поверхности крышки до 150 кг</li><li data-list=""bullet"">Снабжена надежным замком</li><li data-list=""bullet"">Возможна установка с багажной системой <strong>Arcane Warrior Ultra Ridge</strong></li></ul><br /><strong>Характеристики</strong><br /><ul><li data-list=""bullet"">Роллетная крышка в кузов пикапа</li><li data-list=""bullet"">Размеры 1720*1722*292мм</li><li data-list=""bullet"">Вес: 46,9кг</li><li data-list=""bullet"">Материал: алюминиевый сплав 6063-T5</li><li data-list=""bullet"">Допустимая нагрузка:150 кг</li></ul>";https://static.tildacdn.com/stor3563-6435-4365-b933-626530663863/39392085.jpg;94715.00;;;;;1pmTVsgcmNBYoV36fXaM;;BYD;0;0;0;0;;;;;
100658988872;;A.005.000001,103-008-104-00;;"Лестницы;Лестницы>>>Лестницы для STORM;Лестницы>>>Лестницы Revolve";"Лестница телескопическая боковая REVOLVE PIVOT MASTER X90 (Версия S)";;"Лестница телескопическая боковая<strong> REVOLVE PIVOT MASTER X90, Версия S (короткая, для внедорожников 1,65-1,95м).</strong><br /><ul><li data-list=""bullet"">Компактная</li><li data-list=""bullet"">Эстетичный дизайн</li><li data-list=""bullet"">Быстро раскладывается/убирается</li><li data-list=""bullet"">Телескопическая регулировка высоты</li></ul><br /><strong>Характеристики:</strong><br /><ul><li data-list=""bullet"">Размер в закрытом положении:1632*114*172 мм</li><li data-list=""bullet"">В раскрытом положении: телескопические позиции составляют: 173 см, 183см, 193 см, 203 см.</li><li data-list=""bullet"">Вес: 13,85 кг</li><li data-list=""bullet"">Материал изделия: ADC-12 алюминиевый сплав --- литье под давлением, 6063-T5 алюминиевый профиль --- экструзия</li><li data-list=""bullet"">Грузоподъемность: 150 кг</li><li data-list=""bullet"">Применимые модели: средний внедорожник</li></ul>";https://static.tildacdn.com/stor6533-3435-4564-b931-373137663730/46aa4bf2342e01af7cd641b9f322d66f.jpg;82886.00;;;;;DRhEDUGjkaLJX27y1j4n;;;0;0;0;0;;;;;
373611577012;;A.005.000003,103-008-105-00;;"Лестницы;Лестницы>>>Лестницы для STORM;Лестницы>>>Лестницы Revolve";"Лестница телескопическая боковая REVOLVE PIVOT MASTER X90 (Версия L)";;"Лестница телескопическая боковая<strong> REVOLVE PIVOT MASTER X90, Версия L (длинная, для внедорожников 1,95-2,25м).</strong><br /><ul><li data-list=""bullet"">Компактная</li><li data-list=""bullet"">Эстетичный дизайн</li><li data-list=""bullet"">Быстро раскладывается/убирается</li><li data-list=""bullet"">Телескопическая регулировка высоты</li></ul><br /><strong>Характеристики:</strong><br /><ul><li data-list=""bullet"">Размер в закрытом положении:1681*114*172 мм</li><li data-list=""bullet"">В раскрытом положении: телескопические позиции составляют: 204 см, 214 см, 224 см, 234 см.</li><li data-list=""bullet"">Вес: 15 кг</li><li data-list=""bullet"">Материал изделия: ADC-12 алюминиевый сплав --- литье под давлением, 6063-T5 алюминиевый профиль --- экструзия</li><li data-list=""bullet"">Грузоподъемность: 150 кг</li><li data-list=""bullet"">Применимые модели: средний и большой внедорожник</li></ul>";https://static.tildacdn.com/stor6533-3435-4564-b931-373137663730/46aa4bf2342e01af7cd641b9f322d66f.jpg;101940.00;;;;;fS6rbuMuRlcUO4IphxXT;;;0;0;0;0;;;;;
906675865182;;002.000001.01,103-037-001-00;;"Боковые боксы;Автомобили>>>Leopard 8;Боковые боксы>>>Боковые боксы STORM;Хранение";"Боковой бокс STORM для BYD FangChengBao Leopard 8";;"Боковой бокс <strong>Arcane Warrior STORM для BYD FangChengBao (Formula) Leopard 8 с кронштейнами в комплекте. </strong>Оборудован внутренней подсветкой, замком и гидроупорами. Предназначен для размещения вещей и оборудования<br /><br /><strong>КОМПЛЕКТАЦИЯ:</strong><br /><ul><li data-list=""bullet"">Бокс</li><li data-list=""bullet"">Кронштейны крепления бокса к багажнику (103-037-052-01)</li><li data-list=""bullet"">Светодиодный фонарь подсветки с кабелем зарядки USB</li></ul><br /><strong>Размеры:</strong> 636*437*162мм<br /><strong>Объем: </strong>15л<br /><strong>Вес:</strong> около 10кг<br /><strong>Материал: </strong>PA+15%GF, PC+ASA, zinc alloy, PA";https://static.tildacdn.com/stor6463-3330-4862-b833-393933643963/48381322.png;63840.00;;;;;7rOBaVjzeTXOvGAAiOM2;;Formula;0;0;0;0;;;;;
257656073232;;002.000001.01,103-037-001-00;;"Боковые боксы;Автомобили>>>Leopard 5;Боковые боксы>>>Боковые боксы STORM;Хранение";"Боковой бокс STORM для BYD FangChengBao Leopard 5";;"Боковой бокс <strong>Arcane Warrior STORM для BYD FangChengBao (Formula) Leopard 5 с кронштейнами в комплекте. </strong>Оборудован внутренней подсветкой, замком и гидроупорами. Предназначен для размещения вещей и оборудования<br /><br /><strong>КОМПЛЕКТАЦИЯ:</strong><br /><ul><li data-list=""bullet"">Бокс</li><li data-list=""bullet"">Кронштейны крепления бокса к багажнику (103-037-001-02)</li><li data-list=""bullet"">Светодиодный фонарь подсветки с кабелем зарядки USB</li></ul><br /><strong>Размеры:</strong> 636*437*162мм<br /><strong>Объем: </strong>15л<br /><strong>Вес:</strong> около 10кг<br /><strong>Материал: </strong>PA+15%GF, PC+ASA, zinc alloy, PA";https://static.tildacdn.com/stor6463-3330-4862-b833-393933643963/48381322.png;63840.00;;;;;JxC9kCukUY7O3uZO6fjf;;Formula;0;0;0;0;;;;;
130097655722;;002.000001.01,103-037-001-00;;"Боковые боксы;Боковые боксы>>>Боковые боксы STORM;Хранение";"Боковой бокс STORM для FORD BRONCO";;"Боковой бокс <strong>Arcane Warrior STORM для FORD BRONCO с кронштейнами в комплекте. </strong>Оборудован внутренней подсветкой, замком и гидроупорами. Предназначен для размещения вещей и оборудования<br /><br /><strong>КОМПЛЕКТАЦИЯ:</strong><br /><ul><li data-list=""bullet"">Бокс</li><li data-list=""bullet"">Кронштейны крепления бокса к багажнику (103-037-029-01)</li><li data-list=""bullet"">Светодиодный фонарь подсветки с кабелем зарядки USB</li></ul><br /><strong>Размеры:</strong> 636*437*162мм<br /><strong>Объем: </strong>15л<br /><strong>Вес:</strong> около 10кг<br /><strong>Материал: </strong>PA+15%GF, PC+ASA, zinc alloy, PA";https://static.tildacdn.com/stor6463-3330-4862-b833-393933643963/48381322.png;63840.00;;;;;YoGRSkFI52y53IgH3nJX;;Ford;0;0;0;0;;;;;
778068005942;;002.000001.01,103-037-001-00;;"Боковые боксы;Боковые боксы>>>Боковые боксы STORM;Хранение";"Боковой бокс STORM для Haval H9";;"Боковой бокс <strong>Arcane Warrior STORM для Haval H9 с кронштейнами в комплекте. </strong>Оборудован внутренней подсветкой, замком и гидроупорами. Предназначен для размещения вещей и оборудования<br /><br /><strong>КОМПЛЕКТАЦИЯ:</strong><br /><ul><li data-list=""bullet"">Бокс</li><li data-list=""bullet"">Кронштейны крепления бокса к багажнику (103-037-025-01)</li><li data-list=""bullet"">Светодиодный фонарь подсветки с кабелем зарядки USB</li></ul><br /><strong>Размеры:</strong> 636*437*162мм<br /><strong>Объем: </strong>15л<br /><strong>Вес:</strong> около 10кг<br /><strong>Материал: </strong>PA+15%GF, PC+ASA, zinc alloy, PA";https://static.tildacdn.com/stor6463-3330-4862-b833-393933643963/48381322.png;63840.00;;;;;xTX9Vz7Yc5IZbjj4MFvK;;Haval;0;0;0;0;;;;;
330525602302;;002.000001.01,103-037-001-00;;"Боковые боксы;Боковые боксы>>>Боковые боксы STORM;Хранение";"Боковой бокс STORM для Haval RAPTOR";;"Боковой бокс <strong>Arcane Warrior STORM для Haval RAPTOR с кронштейнами в комплекте. </strong>Оборудован внутренней подсветкой, замком и гидроупорами. Предназначен для размещения вещей и оборудования<br /><br /><strong>КОМПЛЕКТАЦИЯ:</strong><br /><ul><li data-list=""bullet"">Бокс</li><li data-list=""bullet"">Кронштейны крепления бокса к багажнику (103-037-046-01)</li><li data-list=""bullet"">Светодиодный фонарь подсветки с кабелем зарядки USB</li></ul><br /><strong>Размеры:</strong> 636*437*162мм<br /><strong>Объем: </strong>15л<br /><strong>Вес:</strong> около 10кг<br /><strong>Материал: </strong>PA+15%GF, PC+ASA, zinc alloy, PA<br /><strong>Артикул кронштейнов: </strong>";https://static.tildacdn.com/stor6463-3330-4862-b833-393933643963/48381322.png;63840.00;;;;;4CIhPAjN0krSB2uH36iV;;Haval;0;0;0;0;;;;;
182803792692;;002.000001.01,103-037-001-00;;"Боковые боксы;Боковые боксы>>>Боковые боксы STORM;Хранение";"Боковой бокс STORM для TANK 300";;"Боковой бокс <strong>Arcane Warrior STORM для TANK 300 с кронштейнами в комплекте. </strong>Оборудован внутренней подсветкой, замком и гидроупорами. Предназначен для размещения вещей и оборудования<br /><br /><strong>КОМПЛЕКТАЦИЯ:</strong><br /><ul><li data-list=""bullet"">Бокс</li><li data-list=""bullet"">Кронштейны крепления бокса к багажнику (103-037-005-01)</li><li data-list=""bullet"">Светодиодный фонарь подсветки с кабелем зарядки USB</li></ul><br /><strong>Размеры:</strong> 636*437*162мм<br /><strong>Объем: </strong>15л<br /><strong>Вес:</strong> около 10кг<br /><strong>Материал: </strong>PA+15%GF, PC+ASA, zinc alloy, PA<br /><strong>Артикул кронштейнов: </strong>";https://static.tildacdn.com/stor6463-3330-4862-b833-393933643963/48381322.png;63840.00;;;;;gBpsSEyNMhKLcSgR6n1e;;Tank;0;0;0;0;;;;;
168022895322;;002.000001.01,103-037-001-00;;"Боковые боксы;Автомобили>>>Tank 400;Боковые боксы>>>Боковые боксы STORM;Хранение";"Боковой бокс STORM для TANK 400";;"Боковой бокс <strong>Arcane Warrior STORM для TANK 400 с кронштейнами в комплекте. </strong>Оборудован внутренней подсветкой, замком и гидроупорами. Предназначен для размещения вещей и оборудования<br /><br /><strong>КОМПЛЕКТАЦИЯ:</strong><br /><ul><li data-list=""bullet"">Бокс</li><li data-list=""bullet"">Кронштейны крепления бокса к багажнику (103-037-010-01)</li><li data-list=""bullet"">Светодиодный фонарь подсветки с кабелем зарядки USB</li></ul><br /><strong>Размеры:</strong> 636*437*162мм<br /><strong>Объем: </strong>15л<br /><strong>Вес:</strong> около 10кг<br /><strong>Материал: </strong>PA+15%GF, PC+ASA, zinc alloy, PA";https://static.tildacdn.com/stor6463-3330-4862-b833-393933643963/48381322.png;63840.00;;;;;a67o5OgsZu8JRjRypmZA;;Tank;0;0;0;0;;;;;
732560593272;;002.000001.01,103-037-001-00;;"Боковые боксы;Автомобили>>>Tank 500;Боковые боксы>>>Боковые боксы STORM;Хранение";"Боковой бокс STORM для TANK 500";;"Боковой бокс <strong>Arcane Warrior STORM для TANK 500 с кронштейнами в комплекте. </strong>Оборудован внутренней подсветкой, замком и гидроупорами. Предназначен для размещения вещей и оборудования<br /><br /><strong>КОМПЛЕКТАЦИЯ:</strong><br /><ul><li data-list=""bullet"">Бокс</li><li data-list=""bullet"">Кронштейны крепления бокса к багажнику (103-037-013-01)</li><li data-list=""bullet"">Светодиодный фонарь подсветки с кабелем зарядки USB</li></ul><br /><strong>Размеры:</strong> 636*437*162мм<br /><strong>Объем: </strong>15л<br /><strong>Вес:</strong> около 10кг<br /><strong>Материал: </strong>PA+15%GF, PC+ASA, zinc alloy, PA";https://static.tildacdn.com/stor6463-3330-4862-b833-393933643963/48381322.png;63840.00;;;;;734XGFBfXHXToPLn90Zm;;Tank;0;0;0;0;;;;;
206578697562;;002.000001.01,103-037-001-00;;"Боковые боксы;Автомобили>>>Tank 700;Боковые боксы>>>Боковые боксы STORM;Хранение";"Боковой бокс STORM для TANK 700";;"Боковой бокс <strong>Arcane Warrior STORM для TANK 700 с кронштейнами в комплекте. </strong>Оборудован внутренней подсветкой, замком и гидроупорами. Предназначен для размещения вещей и оборудования<br /><br /><strong>КОМПЛЕКТАЦИЯ:</strong><br /><ul><li data-list=""bullet"">Бокс</li><li data-list=""bullet"">Кронштейны крепления бокса к багажнику (103-037-017-01)</li><li data-list=""bullet"">Светодиодный фонарь подсветки с кабелем зарядки USB</li></ul><br /><strong>Размеры:</strong> 636*437*162мм<br /><strong>Объем: </strong>15л<br /><strong>Вес:</strong> около 10кг<br /><strong>Материал: </strong>PA+15%GF, PC+ASA, zinc alloy, PA";https://static.tildacdn.com/stor6463-3330-4862-b833-393933643963/48381322.png;63840.00;;;;;ELApszTAAVvsH4Fecdsz;;Tank;0;0;0;0;;;;;
399834468802;;002.000001.01,103-037-001-00;;"Боковые боксы;Боковые боксы>>>Боковые боксы STORM;Хранение";"Боковой бокс STORM для Toyota Land Cruiser 300";;"Боковой бокс <strong>Arcane Warrior STORM для Toyota Land Cruiser 300 с кронштейнами в комплекте. </strong>Оборудован внутренней подсветкой, замком и гидроупорами. Предназначен для размещения вещей и оборудования<br /><br /><strong>КОМПЛЕКТАЦИЯ:</strong><br /><ul><li data-list=""bullet"">Бокс</li><li data-list=""bullet"">Кронштейны крепления бокса к багажнику (103-037-058-01)</li><li data-list=""bullet"">Светодиодный фонарь подсветки с кабелем зарядки USB</li></ul><br /><strong>Размеры:</strong> 636*437*162мм<br /><strong>Объем: </strong>15л<br /><strong>Вес:</strong> около 10кг<br /><strong>Материал: </strong>PA+15%GF, PC+ASA, zinc alloy, PA";https://static.tildacdn.com/stor6463-3330-4862-b833-393933643963/48381322.png;63840.00;;;;;VThJhbRAibnuTfXdKVJ8;;Toyota;0;0;0;0;;;;;
886732880162;;002.000001.01,103-037-001-00;;"Боковые боксы;Боковые боксы>>>Боковые боксы STORM;Хранение";"Боковой бокс STORM для Jeep Wrangler JK";;"Боковой бокс <strong>Arcane Warrior STORM для Jeep Wrangler JK с кронштейнами в комплекте. </strong>Оборудован внутренней подсветкой, замком и гидроупорами. Предназначен для размещения вещей и оборудования<br /><br /><strong>КОМПЛЕКТАЦИЯ:</strong><br /><ul><li data-list=""bullet"">Бокс</li><li data-list=""bullet"">Кронштейны крепления бокса к багажнику (103-037-038-01)</li><li data-list=""bullet"">Светодиодный фонарь подсветки с кабелем зарядки USB</li></ul><br /><strong>Размеры:</strong> 636*437*162мм<br /><strong>Объем: </strong>15л<br /><strong>Вес:</strong> около 10кг<br /><strong>Материал: </strong>PA+15%GF, PC+ASA, zinc alloy, PA";https://static.tildacdn.com/stor6463-3330-4862-b833-393933643963/48381322.png;63840.00;;;;;sfvSHzjpEj4iUiMzEcVd;;Jeep;0;0;0;0;;;;;
198072646652;;002.000001.01,103-037-001-00;;"Боковые боксы;Боковые боксы>>>Боковые боксы STORM;Хранение";"Боковой бокс STORM для Jeep Wrangler JL";;"Боковой бокс <strong>Arcane Warrior STORM для Jeep Wrangler JL с кронштейнами в комплекте. </strong>Оборудован внутренней подсветкой, замком и гидроупорами. Предназначен для размещения вещей и оборудования<br /><br /><strong>КОМПЛЕКТАЦИЯ:</strong><br /><ul><li data-list=""bullet"">Бокс</li><li data-list=""bullet"">Кронштейны крепления бокса к багажнику (103-037-034-01)</li><li data-list=""bullet"">Светодиодный фонарь подсветки с кабелем зарядки USB</li></ul><br /><strong>Размеры:</strong> 636*437*162мм<br /><strong>Объем: </strong>15л<br /><strong>Вес:</strong> около 10кг<br /><strong>Материал: </strong>PA+15%GF, PC+ASA, zinc alloy, PA";https://static.tildacdn.com/stor6463-3330-4862-b833-393933643963/48381322.png;63840.00;;;;;AHSSJ2pJMKFElynho1ul;;Jeep;0;0;0;0;;;;;
394535187742;;002.000001.01,103-037-001-00;;"Боковые боксы;Боковые боксы>>>Боковые боксы STORM;Хранение";"Боковой бокс STORM для Land Rover Defender 90";;"Боковой бокс <strong>Arcane Warrior STORM для Land Rover Defender 90 с кронштейнами в комплекте. </strong>Оборудован внутренней подсветкой, замком и гидроупорами. Предназначен для размещения вещей и оборудования<br /><br /><strong>КОМПЛЕКТАЦИЯ:</strong><br /><ul><li data-list=""bullet"">Бокс</li><li data-list=""bullet"">Кронштейны крепления бокса к багажнику (103-037-060-01)</li><li data-list=""bullet"">Светодиодный фонарь подсветки с кабелем зарядки USB</li></ul><br /><strong>Размеры:</strong> 636*437*162мм<br /><strong>Объем: </strong>15л<br /><strong>Вес:</strong> около 10кг<br /><strong>Материал: </strong>PA+15%GF, PC+ASA, zinc alloy, PA";https://static.tildacdn.com/stor6463-3330-4862-b833-393933643963/48381322.png;63840.00;;;;;4piIbOeCj5p2E42B84kJ;;"Land Rover";0;0;0;0;;;;;
207198424832;;002.000001.01,103-037-001-00;;"Боковые боксы;Боковые боксы>>>Боковые боксы STORM;Хранение";"Боковой бокс STORM для Land Rover Defender 110";;"Боковой бокс <strong>Arcane Warrior STORM для Land Rover Defender 110 с кронштейнами в комплекте. </strong>Оборудован внутренней подсветкой, замком и гидроупорами. Предназначен для размещения вещей и оборудования<br /><br /><strong>КОМПЛЕКТАЦИЯ:</strong><br /><ul><li data-list=""bullet"">Бокс</li><li data-list=""bullet"">Кронштейны крепления бокса к багажнику (103-037-060-01)</li><li data-list=""bullet"">Светодиодный фонарь подсветки с кабелем зарядки USB</li></ul><br /><strong>Размеры:</strong> 636*437*162мм<br /><strong>Объем: </strong>15л<br /><strong>Вес:</strong> около 10кг<br /><strong>Материал: </strong>PA+15%GF, PC+ASA, zinc alloy, PA";https://static.tildacdn.com/stor6463-3330-4862-b833-393933643963/48381322.png;63840.00;;;;;m7iv7D0rV87kKzzXOXxv;;"Land Rover";0;0;0;0;;;;;
116789275782;;002.000001.01,103-037-001-00;;"Боковые боксы;Боковые боксы>>>Боковые боксы STORM;Хранение";"Боковой бокс STORM для Land Rover Discovery 4";;"Боковой бокс <strong>Arcane Warrior STORM для Land Rover Discovery 4 с кронштейнами в комплекте. </strong>Оборудован внутренней подсветкой, замком и гидроупорами. Предназначен для размещения вещей и оборудования<br /><br /><strong>КОМПЛЕКТАЦИЯ:</strong><br /><ul><li data-list=""bullet"">Бокс</li><li data-list=""bullet"">Кронштейны крепления бокса к багажнику (103-037-064-01)</li><li data-list=""bullet"">Светодиодный фонарь подсветки с кабелем зарядки USB</li></ul><br /><strong>Размеры:</strong> 636*437*162мм<br /><strong>Объем: </strong>15л<br /><strong>Вес:</strong> около 10кг<br /><strong>Материал: </strong>PA+15%GF, PC+ASA, zinc alloy, PA";https://static.tildacdn.com/stor6463-3330-4862-b833-393933643963/48381322.png;63840.00;;;;;bL8js6t8D6uza6O1iXIk;;"Land Rover";0;0;0;0;;;;;
904336573222;;002.000001.01,103-037-001-00;;"Боковые боксы;Боковые боксы>>>Боковые боксы STORM;Хранение";"Боковой бокс STORM для BAIC BJ40 2024+";;"Боковой бокс <strong>Arcane Warrior STORM Side-mounted Storage Box для BAIC BJ40 2024+ с кронштейнами в комплекте. </strong>Оборудован внутренней подсветкой, замком и гидроупорами. Предназначен для размещения вещей и оборудования<br /><br /><strong>КОМПЛЕКТАЦИЯ:</strong><br /><ul><li data-list=""bullet"">Бокс</li><li data-list=""bullet"">Кронштейны крепления бокса к багажнику (103-037-066-01)</li><li data-list=""bullet"">Светодиодный фонарь подсветки с кабелем зарядки USB</li></ul><br /><strong>Размеры:</strong> 636*437*162мм<br /><strong>Объем: </strong>15л<br /><strong>Вес:</strong> около 10кг<br /><strong>Материал: </strong>PA+15%GF, PC+ASA, zinc alloy, PA";https://static.tildacdn.com/stor6463-3330-4862-b833-393933643963/48381322.png;63840.00;;;;;0FCkPLnT5bs60UZoh54R;;BAIC;0;0;0;0;;;;;
773102829202;;002.000001.01,103-037-001-00;;"Боковые боксы;Боковые боксы>>>Боковые боксы STORM;Хранение";"Боковой бокс STORM для BAW BJ212";;"Боковой бокс <strong>Arcane Warrior STORM для BAW BJ212 с кронштейнами в комплекте. </strong>Оборудован внутренней подсветкой, замком и гидроупорами. Предназначен для размещения вещей и оборудования<br /><br /><strong>КОМПЛЕКТАЦИЯ:</strong><br /><ul><li data-list=""bullet"">Бокс</li><li data-list=""bullet"">Кронштейны крепления бокса к багажнику (103-037-083-00)</li><li data-list=""bullet"">Светодиодный фонарь подсветки с кабелем зарядки USB</li></ul><br /><strong>Размеры:</strong> 636*437*162мм<br /><strong>Объем: </strong>15л<br /><strong>Вес:</strong> около 10кг<br /><strong>Материал: </strong>PA+15%GF, PC+ASA, zinc alloy, PA";https://static.tildacdn.com/stor6463-3330-4862-b833-393933643963/48381322.png;63840.00;;;;;PuXsl16ozjUvUYkHYrrh;;BAW;0;0;0;0;;;;;
782232817972;;002.000001.01,103-037-001-00;;"Боковые боксы;Автомобили>>>Jetour T2;Боковые боксы>>>Боковые боксы STORM;Хранение";"Боковой бокс STORM для Jetour Traveller/Shanhai T2";;"Боковой бокс <strong>Arcane Warrior STORM для Jetour Traveller/Shanhai T2 с кронштейнами в комплекте. </strong>Оборудован внутренней подсветкой, замком и гидроупорами. Предназначен для размещения вещей и оборудования<br /><br /><strong>КОМПЛЕКТАЦИЯ:</strong><br /><ul><li data-list=""bullet"">Бокс</li><li data-list=""bullet"">Кронштейны крепления бокса к багажнику (103-037-083-00 )</li><li data-list=""bullet"">Светодиодный фонарь подсветки с кабелем зарядки USB</li></ul><br /><strong>Размеры:</strong> 636*437*162мм<br /><strong>Объем: </strong>15л<br /><strong>Вес:</strong> около 10кг<br /><strong>Материал: </strong>PA+15%GF, PC+ASA, zinc alloy, PA";https://static.tildacdn.com/stor6463-3330-4862-b833-393933643963/48381322.png;63840.00;;;;;x1ElpesKVVEcYjjS987V;;Jetour;0;0;0;0;;;;;
603999093602;;002.000001.01,103-037-001-00;;"Боковые боксы;Боковые боксы>>>Боковые боксы STORM;Хранение";"Боковой бокс STORM для Hyundai Santa Fe";;"Боковой бокс <strong>Arcane Warrior STORM для Hyundai Santa Fe с кронштейнами в комплекте. </strong>Оборудован внутренней подсветкой, замком и гидроупорами. Предназначен для размещения вещей и оборудования<br /><br /><strong>КОМПЛЕКТАЦИЯ:</strong><br /><ul><li data-list=""bullet"">Бокс</li><li data-list=""bullet"">Кронштейны крепления бокса к багажнику (103-037-049-01)</li><li data-list=""bullet"">Светодиодный фонарь подсветки с кабелем зарядки USB</li></ul><br /><strong>Размеры:</strong> 636*437*162мм<br /><strong>Объем: </strong>15л<br /><strong>Вес:</strong> около 10кг<br /><strong>Материал: </strong>PA+15%GF, PC+ASA, zinc alloy, PA";https://static.tildacdn.com/stor6463-3330-4862-b833-393933643963/48381322.png;63840.00;;;;;V0hOm4Lf1p0RtCEAplrr;;Hyundai;0;0;0;0;;;;;
934564617522;;A.006.000002,104-001-002-00;;"Багажники для пикапов;Багажники для пикапов>>>AL - малые и средние пикапы;Багажники для пикапов>>>С регулировкой высоты (HIGH)";"Задняя багажная система Ultra Ridge для Jeep Gladiator (версия HIGH)";;"Задняя багажная система Arcane Warrior Ultra Ridge <strong>для пикапа Jeep Gladiator.</strong> <br /><strong>Версия HIGH - с регулировкой высоты. </strong><br /><br />Устанавливается в кузов пикапа и позволяет с пользой использовать пространство над кузовом пикапа, настраивая под свои требования. <br />Имеет поперечины AL длиной <strong>1665мм. </strong><br /><br />Подходит для малых и средних пикапов: Jeep Gladiator, Ford Ranger/Ranger Raptor, Great Wall Cannon, Isuzu D-MAX, Toyota Tacoma, Toyota Hilux, Mitsubishi L200, Changan Hunter, BAW BJ212 P01 и др.<br /><br />Совместима с роллетными крышками <a href=""/ultra-ridge-roll-cover"" target=""_blank"" rel=""noreferrer noopener"">Ultra Ridge Roll-up cover.</a>";https://static.tildacdn.com/stor3833-6338-4131-b562-313238393664/78258981.jpg;146015.00;;;;;j2ntVHUoU9rojacyk3hx;;Jeep;0;0;0;0;;;;;
941458913502;;B.031.000009,105-001-021-00;;"Маркизы и тенты;Палатки;Маркизы и тенты>>>Тенты";"Внутренний тент-утеплитель Thermal Liner для автопалатки UltraSlim Rooftop Tent";;"Внутренний тент-утеплитель Thermal Liner для автопалатки UltraSlim Rooftop Tent";https://static.tildacdn.com/stor3936-6538-4134-b736-663266616633/12554541.jpg;27438.00;;;;;ikZzCHs0O6ozO7KxFLYT;;;0;0;0;0;;;;;
296950121222;;B.031.000008,105-001-020-00;;"Маркизы и тенты;Палатки;Маркизы и тенты>>>Тенты";"Внутренний тент-утеплитель Thermal Liner для автопалатки HardShell Rooftop Tent";;"Внутренний тент-утеплитель Thermal Liner для автопалатки HardShell Rooftop Tent";https://static.tildacdn.com/stor3936-6538-4134-b736-663266616633/12554541.jpg;27438.00;;;;;s1taYjlUXCvI04u7aonV;;;0;0;0;0;;;;;
941830298462;;A.001.000184,103-043-001-00;;"Багажники>>>Багажники STORM;Багажники";"Багажник экспедиционный STORM для Suzuki Jimny 2х/4x дверный (2019-2025)";;"Легкий и прочный полноразмерный экспедиционный автомобильный багажник из алюминия <strong>STORM </strong>для <strong>Suzuki Jimny 2х/4x дверный (2019-2025) </strong>входит в систему Arcane Warrior для перевозки вещей и установки дополнительного оборудования для кемпинга и автопутешествий.<br /><ul><li data-list=""bullet"">Минимальное завышение от штатной высоты автомобиля</li><li data-list=""bullet"">Удобная сборная конструкция, в комплекте шаблон для сборки</li><li data-list=""bullet"">Специальные пазы для крепежных болтов в поперечинах для закрепления дополнительного оборудования</li><li data-list=""bullet"">Эстетичные и надежные крепления для заводских релингов</li></ul><br /><strong>Для установки автомобиль должен быть оборудован продольными релингами.</strong><br /><br /><strong>Характеристики</strong><br />Размер багажника 1665*1260*46 мм<br />Размеры погрузочной площадки:1496*1162мм<br />Размер упаковки:1600*440*260мм<br />Завышение от штатной высоты:55мм<br />Расстояние от дна платформы до крыши автомобиля: 45мм<br />Вес: 21,2кг<br />Динамическая грузоподьемность: 150кг<br />Статическая грузоподьемность: 300кг<br />Макcимальный размер диодной балки: 1100мм";https://static.tildacdn.com/stor3233-3461-4836-b564-646538373137/15677255.jpg;96235.00;;;;;nkAAVZKXZjtrtxfy9lvj;;Suzuki;0;0;0;0;;;;;
824074002142;;A.001.000186,103-000-049-00;;"Багажники>>>Багажники STORM;Багажники";"Багажник экспедиционный STORM для Deepal G318 4WD Comfort Trim (2024+)";;"Легкий и прочный полноразмерный экспедиционный автомобильный багажник из алюминия <strong>STORM </strong>для <strong>Deepal G318 4WD Comfort Trim (2024+) </strong>входит в систему Arcane Warrior для перевозки вещей и установки дополнительного оборудования для кемпинга и автопутешествий.<br /><ul><li data-list=""bullet"">Минимальное завышение от штатной высоты автомобиля</li><li data-list=""bullet"">Удобная сборная конструкция, в комплекте шаблон для сборки</li><li data-list=""bullet"">Специальные пазы для крепежных болтов в поперечинах для закрепления дополнительного оборудования</li><li data-list=""bullet"">Эстетичные и надежные крепления для заводских релингов</li></ul><br />Для установки автомобиль должен быть оборудован продольными релингами<br /><br /><strong>Характеристики</strong><br />Размер багажника 1650*1195*46 мм<br />Размеры погрузочной площадки:1153*1030мм<br />Размер упаковки:1600*450*300мм<br />Завышение от штатной высоты:75мм<br />Расстояние от дна платформы до крыши автомобиля: 75мм<br />Вес: 22,2кг<br />Динамическая грузоподьемность: 150кг<br />Статическая грузоподьемность: 300кг<br />Макcимальный размер диодной балки: 900мм";https://static.tildacdn.com/stor3865-3030-4536-a465-666464333166/49934420.jpg;144590.00;;;;;sYpTV3Sbn5Vo4GaFhaTk;;Deepal;0;0;0;0;;;;;
884452481232;;B.008.000009;;"Роллетные крышки>>>Роллетные крышки AW;Роллетные крышки";"Крышка роллетная Ultra Ridge Roll-up cover для Toyota Tacoma gen3 (2016-2023)";;"Легкая и прочная алюминиевая крышка для пикапов <strong>Arcane Warrior Roll-up cover</strong>. Подходит для <strong>Toyota Tacoma gen3 (2016-2023).</strong><br /><br /><ul><li data-list=""bullet"">Удобная конструкция позволяет легко открыть доступ к багажнику пикапа, в закрытом состоянии защищая груз от непогоды и посторонних</li><li data-list=""bullet"">Алюминиевый профиль выглядит стильно и современно</li><li data-list=""bullet"">Встроенная светодиодная подсветка</li><li data-list=""bullet"">Простая установка</li><li data-list=""bullet"">Выдерживает нагрузку на поверхности крышки до 150 кг</li><li data-list=""bullet"">Снабжена надежным замком</li><li data-list=""bullet"">Возможна установка с багажной системой <strong>Arcane Warrior Ultra Ridge</strong></li></ul><br /><strong>Характеристики</strong><br />Размеры 1565*1486*292мм<br />Вес:45,9кг<br />Материал:алюминиевый сплав 6063-T5<br />Допустимая нагрузка:150 кг";https://static.tildacdn.com/stor6461-6663-4161-b863-373637323261/30413216.jpg;94715.00;;;;;5IVcmCjcp2DcKty51g4e;;Toyota;0;0;0;0;;;;;
769876439322;;B.008.000008,104-003-008-00;;"Роллетные крышки>>>Роллетные крышки AW;Роллетные крышки";"Крышка роллетная Ultra Ridge Roll-up cover для Toyota HiLux (2015-2020)";;"Легкая и прочная алюминиевая крышка для пикапов <strong>Arcane Warrior Roll-up cover</strong>. Подходит для <strong>Toyota HiLux (2015-2020).</strong><br /><br /><ul><li data-list=""bullet"">Удобная конструкция позволяет легко открыть доступ к багажнику пикапа, в закрытом состоянии защищая груз от непогоды и посторонних</li><li data-list=""bullet"">Алюминиевый профиль выглядит стильно и современно</li><li data-list=""bullet"">Встроенная светодиодная подсветка</li><li data-list=""bullet"">Простая установка</li><li data-list=""bullet"">Выдерживает нагрузку на поверхности крышки до 150 кг</li><li data-list=""bullet"">Снабжена надежным замком</li><li data-list=""bullet"">Возможна установка с багажной системой <strong>Arcane Warrior Ultra Ridge</strong></li></ul><br /><strong>Характеристики</strong><br />Размеры: 1565*1486*292мм<br />Вес: 45,9кг<br />Материал: алюминиевый сплав 6063-T5<br />Допустимая нагрузка: 150 кг";https://static.tildacdn.com/stor3936-3031-4166-b035-643562353265/16101153.jpg;94715.00;;;;;EOnLE7drrSibBtPHTm8g;;Toyota;0;0;0;0;;;;;
323637372342;;B.008.000003,104-003-003-00;;"Роллетные крышки>>>Роллетные крышки AW;Роллетные крышки";"Крышка роллетная Ultra Ridge Roll-up cover для Jiangling Dadao";;"Легкая и прочная алюминиевая крышка для пикапов <strong>Arcane Warrior Roll-up cover для Jiangling Dadao.</strong><br /><br /><ul><li data-list=""bullet"">Удобная конструкция позволяет легко открыть доступ к багажнику пикапа, в закрытом состоянии защищая груз от непогоды и посторонних</li><li data-list=""bullet"">Алюминиевый профиль выглядит стильно и современно</li><li data-list=""bullet"">Встроенная светодиодная подсветка</li><li data-list=""bullet"">Простая установка</li><li data-list=""bullet"">Выдерживает нагрузку на поверхности крышки до 150 кг</li><li data-list=""bullet"">Снабжена надежным замком</li><li data-list=""bullet"">Возможна установка с багажной системой <strong>Arcane Warrior Ultra Ridge</strong></li></ul><br /><br /><strong>Характеристики</strong><br />Роллетная крышка в кузов пикапа<br />Размеры 1515*1552*292мм<br />Вес: 43кг<br />Материал: алюминиевый сплав 6063-T5<br />Допустимая нагрузка:150 кг";https://static.tildacdn.com/stor3563-6435-4365-b933-626530663863/39392085.jpg;94715.00;;;;;dXsillkV8aE5m51zecmh;;Jiangling;0;0;0;0;;;;;
557861325102;;004.000001.04,702-005-002-00;;"Лестницы;Лестницы>>>Лестницы для STORM;Лестницы>>>Лестницы Crossing";"Проставка под лестницу CROSSING 10""";;;https://static.tildacdn.com/stor3730-3633-4166-a139-396362306231/b2ec5bb95542af69c122a7b519024ce4.jpg;1318.00;;;;;NsC3vUOOD9uyHfm5Z6NC;;;0;0;0;0;;;;;
835840070642;;004.000001.03,702-005-003-00;;"Лестницы;Лестницы>>>Лестницы для STORM;Лестницы>>>Лестницы Crossing";"Проставка под лестницу CROSSING 18""";;;https://static.tildacdn.com/stor3730-3633-4166-a139-396362306231/b2ec5bb95542af69c122a7b519024ce4.jpg;1318.00;;;;;zKHA8GJZh4tREPU93CBT;;;0;0;0;0;;;;;
517130142972;;B.008.000007,104-003-007-00;;"Роллетные крышки>>>Роллетные крышки AW;Автомобили>>>GWM крышки;Роллетные крышки;Автомобили>>>GW Poer";"Крышка роллетная Ultra Ridge Roll-up cover для пикапа Great Wall Motors POER Sahar";;"Легкая и прочная алюминиевая крышка для пикапов <strong>Arcane Warrior Roll-up cover</strong>. Подходит для <strong>Great Wall Motors POER Sahar.</strong><br /><ul><li data-list=""bullet"">Удобная конструкция позволяет легко открыть доступ к багажнику пикапа, в закрытом состоянии защищая груз от непогоды и посторонних</li><li data-list=""bullet"">Алюминиевый профиль выглядит стильно и современно</li><li data-list=""bullet"">Встроенная светодиодная подсветка</li><li data-list=""bullet"">Простая установка</li><li data-list=""bullet"">Выдерживает нагрузку на поверхности крышки до 150 кг</li><li data-list=""bullet"">Снабжена надежным замком</li><li data-list=""bullet"">Возможна установка с багажной системой <strong>Arcane Warrior Ultra Ridge</strong></li></ul><br /><strong>Характеристики</strong><br /><ul><li data-list=""bullet"">Роллетная крышка в кузов пикапа </li><li data-list=""bullet"">Размеры 1565*1552*292мм</li><li data-list=""bullet"">Вес: 47,1кг</li><li data-list=""bullet"">Материал: алюминиевый сплав 6063-T5</li><li data-list=""bullet"">Допустимая нагрузка: 150 кг</li><li data-list=""bullet"">Подходит для пикапов: GWM POER Sahar</li></ul>";https://static.tildacdn.com/stor3563-6435-4365-b933-626530663863/39392085.jpg;94715.00;;;;;BNiZRBAb89CDxluhDjXD;;"Great Wall";0;0;0;0;;;;;
876969894662;;A.009.000001,104-002-001-00;;"Багажники>>>Аксессуары к багажникам STORM";"Комплект крепежа для крепления аксессуаров";;;https://static.tildacdn.com/stor3436-3136-4861-a334-393964636132/a34bfbd1143f041a808dce8ee736881b.jpg;2198.00;;;;;I6A9XLBLr3KeF1enP0io;;;0;0;0;0;;;;;
672197517862;;B.031.000006,105-001-022-00;;"Маркизы и тенты;Палатки";"Дополнительная комната (тамбур) AnnexRoom к палатке HARDSHELL LANDING";;;https://static.tildacdn.com/stor6631-3336-4236-b931-633930333532/687365d4a6c9aec19396f8fff41c8f9e.jpg;103552.00;;;;;N3iR1XO1bmitrpr7Thzl;;;0;0;0;0;;;;;
179038846532;;B.034.000004,105-002-017-00;;"Маркизы и тенты;Маркизы и тенты>>>Маркизы 270";"Маркиза в жестком корпусе Hardshell Litewing 270°(сторона пассажира)";;"<ul><li data-list=""bullet"">Размеры в сложенном виде: 208 × 21 × 18 см.</li><li data-list=""bullet"">Размерыупаковки: 215 × 32 × 25 см.</li><li data-list=""bullet"">Вес брутто (коробка): 33,5 кг.</li><li data-list=""bullet"">Вес нетто (продукт): 24 кг.</li><li data-list=""bullet"">Цвет: черный.</li><li data-list=""bullet"">Основной материал: эластичная ткань 300D.</li><li data-list=""bullet"">Покрытие: полностью блокирует ультрафиолетовые лучи; обеспечивает теплоизоляцию и охлаждение.</li><li data-list=""bullet"">Опорные стойки: складные из алюминиевого сплава.</li><li data-list=""bullet"">Шарниры: интегрированная конструкция из литого алюминия.</li><li data-list=""bullet"">Включенные аксессуары: колышки для крепления к земле / ветровые тросы / 4 опорные стойки / монтажный комплект / кронштейны.</li><li data-list=""bullet"">Водонепроницаемость внешней палатки: &gt; 3000 мм.</li><li data-list=""bullet"">Вместимость палатки: 6–8 человек.</li></ul>";https://static.tildacdn.com/stor3664-6235-4266-a238-636537636661/40758787.jpg;127775.00;;;;;Ozi4IsPIvvAbUn9zFNJp;;;0;0;0;0;;;;;
709189452782;;B.035.000004,105-002-019-00;;"Маркизы и тенты;Маркизы и тенты>>>Маркизы 270;Маркизы и тенты>>>Стенки";"Боковые стенки для маркизы Hardshell Litewing 270° (сторона пассажира)";;"Размеры в разложенном виде: 500 × 500 × 210 см.<br />Размеры в сложенном виде: 33 × 33 × 65 см.<br />Размеры упаковки: 35 × 35 × 70 см.<br />Вес брутто (упаковка): 18 кг.<br />Вес нетто (продукт): 17 кг.<br />Цвет: черный<br />Основной материал: эластичная ткань 300D<br />Покрытие: полностью блокирует ультрафиолетовые лучи; обеспечивает теплоизоляцию и охлаждение<br />Включенные аксессуары: колышки для крепления к земле / веревки для защиты от ветра / 2 опорные стойки / монтажный комплект<br />Водонепроницаемость внешней палатки: &gt; 3000 мм<br />Вместимость палатки: 6–8 человек";https://static.tildacdn.com/stor6237-3939-4937-b837-626461323062/53621089.jpg;109535.00;;;;;5YcDNMv0pn4yOS2dk0uE;;;0;0;0;0;;;;;
482429315602;"Arcane Warrior";A.037.000004,101-000-023-00;;"Экспедиционные боксы>>>Аксессуары к экспедиционным боксам;Допы>>>Допы к боксам;Хранение";"Делитель внутреннего пространства бокса 36л FLEX equipment box divider (36L)";;"Разделитель внутреннего пространства <strong>Arcane Warrior </strong>для экспедиционного бокса 36л<strong> </strong>серии <strong>FLEX</strong><br />Позволяет правильно организовать пространство внутри бокса и надежно защитить оборудование от повреждений при движении по бездорожью<br /><br /><strong>Характеристики</strong><br /><ul><li data-list=""bullet"">Размер: 966*300*76 мм</li><li data-list=""bullet"">Материал: PP доска покрыта нетканым материалом</li><li data-list=""bullet"">Вес: около 0.5кг</li><li data-list=""bullet"">Свободное разделение, гибкое хранение</li><li data-list=""bullet"">Сопряжение модулей, простой в эксплуатации</li><li data-list=""bullet"">Мягкая поверхность для защиты объектов хранения</li><li data-list=""bullet"">Двухслойный дизайн, толстый и прочный</li><li data-list=""bullet"">Максимальное использование пространства, повышение эффективности хранения</li></ul>";https://static.tildacdn.com/stor3762-3364-4630-b233-383964373633/38130823.jpg;2850.00;;;;;xu70Tbje1lbOT4t0ztTl;;;500;894;292;94;;;;;
647136166332;;A.065.000001,501-002-015-00;;"Одежда и мерч";"Кепка 4th Anniversary Limited Edition";;"L/XL (58-60 см) для нормального обхвата головы<br />Растяжимая и удобная посадка<br />Материал: Хлопок, полиэстер, спандекс.";https://static.tildacdn.com/stor3162-6332-4762-a237-653531613530/4eeb3a0127e374bee8e01ad86c997532.png;3515.00;0;;;"Выберите размер:XXL;XXXL";6x76Dl8XS2DYpRjfz2vK;;;0;0;0;0;;;;;
403096423772;;;;"Одежда и мерч";"Футболка Minya Konka Mountain Graphic";;"Размеры: S/M/L/XL/XXL/XXXL<br />Классический вырез для горловины<br />Ребристый трикотаж<br />Аккуратный и гладкий подол<br />Высокое качество в каждом шве";https://static.tildacdn.com/stor6536-3738-4333-b865-363839363035/76719489.jpg;;;;;;jpo99KmhMh5D1iTdxx9x;;;0;0;0;0;;;;;
402139715142;;501-001-302-00;;;"Футболка Minya Konka Mountain Graphic - M";;;;3515.00;0;;Размер:M;;kGCMIOg6ENcv9o7IRmhX;403096423772;;0;0;0;0;;;;;
426885462802;;501-001-303-00;;;"Футболка Minya Konka Mountain Graphic - L";;;;3515.00;0;;Размер:L;;KzIZ8s97LIYk5GHPaLbg;403096423772;;0;0;0;0;;;;;
583818744362;;501-001-304-00;;;"Футболка Minya Konka Mountain Graphic - XL";;;;3515.00;0;;Размер:XL;;MaaK6mAU0IFOr8c8dS01;403096423772;;0;0;0;0;;;;;
195488463702;;501-001-305-00;;;"Футболка Minya Konka Mountain Graphic - XXL";;;;3515.00;0;;Размер:XXL;;SbiPhFS1AmoTiMnAOJYE;403096423772;;0;0;0;0;;;;;
642335168702;;501-001-306-00;;;"Футболка Minya Konka Mountain Graphic - XXXL";;;;3515.00;0;;Размер:XXXL;;LJ4ARrvzznvMfuEz5c4A;403096423772;;0;0;0;0;;;;;
195676361492;;---;;"Одежда и мерч";"Зонт 5th Anniversary Edition";;"Двойной зонт максимального класса<br />Защищает 2-3 человек от ветра и дождя.<br />Сенсорное управление <br />Одна шелковистая гладкая кнопка для легкого открытия и закрытия";https://static.tildacdn.com/stor3963-3766-4337-b438-356531656438/be0add13d250cfbb2f0b88e25a48361b.png;3515.00;0;;;;FPUnMySssV5HYMIT6CCG;;;0;0;0;0;;;;;
846495792172;;A.059.000005,501-013-045-00;;"Одежда и мерч";"Зонт Minya Konka";;"Двойной зонт максимального класса<br />Защищает 2-3 человек от ветра и дождя.<br />Сенсорное управление <br />Одна шелковистая гладкая кнопка для легкого открытия и закрытия";https://static.tildacdn.com/stor6634-3834-4332-b836-306562326661/29c6c3dac34d66c5b1b7c851a0fac224.png;3515.00;0;;;;IPn051ouGh3l89yfYhuu;;;0;0;0;0;;;;;
882624495852;;A.063.000001,501-004-014-00;;"Одежда и мерч";"Защитные нарукавники Minya Konka Ice Sleeve (пара)";;"Размер изделия: 450*(100-120)мм<br />Обхват верхней части руки: 170-230 мм<br />Индекс защиты от солнца: SPF50+<br />Охлаждающая ткань, легкая и дышащая, впитывает влагу и пот, не боится солнца.<br />Полная эластичность, удобные и комфортные, длительное время ношения без стягивания, растяжение без деформации";https://static.tildacdn.com/stor3835-6434-4362-a237-633366346333/c39c4c1687e2f6b5bbbb70bd14753395.png;1045.00;0;;;;vAblAV3KCpEoJD4aBru4;;;0;0;0;0;;;;;
991428290332;;A.064.000002,501-004-012-00;;"Одежда и мерч";"Маска Ultra Ridge";;"Размер изделия: 230*500 мм<br />Индекс защиты от солнца: SPF50+<br />Охлаждающая ткань, легкая и дышащая, впитывает влагу и пот, не боится солнца.<br />Полная эластичность, удобная и комфортная, длительное растяжение при ношении без деформации.<br />Цельный легкий дизайн, полностью закрывает шею, лицо, лоб от солнца";https://static.tildacdn.com/stor6236-6231-4764-b638-613466366332/3be1cf55c70cdf3b9083187b86ac4fa3.png;1045.00;0;;;;fH2ziHffmavv2crrz9E3;;;0;0;0;0;;;;;
567009262972;;A.064.000004,501-004-015-00;;"Одежда и мерч";"Маска Minya Konka";;"Размер изделия: 230*500 мм<br />Индекс защиты от солнца: SPF50+<br />Охлаждающая ткань, легкая и дышащая, впитывает влагу и пот, не боится солнца.<br />Полная эластичность, удобная и комфортная, длительное растяжение при ношении без деформации.<br />Цельный легкий дизайн, полностью закрывает шею, лицо, лоб от солнца";https://static.tildacdn.com/stor3663-6635-4031-b638-333532363237/957ac22c80c1bf9c46d4720d6d235193.png;1045.00;0;;;;IEOFpFm9x7EaHcdM8pHg;;;0;0;0;0;;;;;
767009564532;;A.069.000002,501-015-002-00;;"Посуда;Одежда и мерч";"Термокружка Limited Edition";;"Размер изделия: 160*75 мм<br />Материал изделия: Бесшовная внутренняя вставка из нержавеющей стали 316<br />Объем: около 450 мл<br />Вес: около 240 г";https://static.tildacdn.com/stor6166-3333-4634-a562-386464333134/d549ab276b07f2841217a4e66e3e4080.png;5795.00;0;;;;arUcr49g0arm2GRRarKD;;;0;0;0;0;;;;;
682249020102;;A.062.000006;;"Одежда и мерч;Сумки";"Сумка 5th Anniversary Limited Edition";;"Размер: 600*400mm<br />Материал: экологически чистый полипропилен";https://static.tildacdn.com/stor6338-3337-4237-a263-623337666165/d3c0022d62387b9de80bba739dae81ac.png;1092.00;0;;;;DjnjndGSxaB0tUeJMXgC;;;0;0;0;0;;;;;
909908349332;;A.001.000197;;"Багажники>>>Багажники M’linkX;Багажники";"Багажник экспедиционный M'LinkX для AITO M8";;"Компания Arcane Warrior представляет обновлённую багажную платформу M’linkX Roof Rack 2.0 для <strong>AITO M8 (2025 / AIR version) </strong>— модульную систему нового поколения, разработанную для путешествий, экспедиций и повседневного использования.<br /><br />Новая платформа была протестирована в реальных условиях на маршрутах Внутренней Монголии. За время испытаний было пройдено почти 900 миль, что позволило подтвердить надёжность конструкции и удобство эксплуатации в различных сценариях — от длительных автономных поездок до ежедневных маршрутов.<br /><br />M’linkX Roof Rack 2.0 — это не просто багажник, а универсальная платформа, адаптирующаяся под образ жизни владельца. Система поддерживает установку световых комплектов Light Bar Kits, обеспечивая дополнительное освещение и комфорт в пути.<br /><br />Ключевая особенность платформы — запатентованная система быстрого крепления. Установка и замена аксессуаров занимают всего несколько секунд и не требуют сверления или вмешательства в конструкцию автомобиля, сохраняя его целостность и внешний вид.<br /><br />M’linkX Roof Rack 2.0 сочетает в себе функциональность, продуманную модульность и фирменный подход Arcane Warrior к надёжности и свободе передвижения<br /><br /><strong>Основные особенности: </strong><br /><ul><li data-list=""bullet"">Тонкий профиль толщиной всего 3.7см из прочного алюминиевого сплава</li><li data-list=""bullet"">Вес в 2-3 раза легче аналогов при максимальной нагрузке 350кг.</li><li data-list=""bullet"">Уникальная система расширения: добавь необходимое количество поперечин, пристегни оборудование и дополнительный свет за минуту.</li><li data-list=""bullet"">Эстетичный дизайн выделяет ваш автомобиль в потоке.</li></ul>";https://static.tildacdn.com/stor3537-3264-4864-b561-383862623362/306a0078099c9eea7bb05138c8659dc0.png;141237.00;;;;;34bVHnJU585McAZ35i7y;;Aito;0;0;0;0;;;;;
318870049432;;A.001.000198;;"Багажники>>>Багажники M’linkX;Багажники";"Багажник экспедиционный M'LinkX для Toyota Land Cruiser Prado 250 OPT (версия с заводскими рейлингами)";;"Компания Arcane Warrior представляет обновлённую багажную платформу M’linkX Roof Rack 2.0 для установки на автомобиль с заводскими рейлингами — модульную систему нового поколения, разработанную для путешествий, экспедиций и повседневного использования.<br /><br />Новая платформа была протестирована в реальных условиях на маршрутах Внутренней Монголии. За время испытаний было пройдено почти 900 миль, что позволило подтвердить надёжность конструкции и удобство эксплуатации в различных сценариях — от длительных автономных поездок до ежедневных маршрутов.<br /><br />M’linkX Roof Rack 2.0 — это не просто багажник, а универсальная платформа, адаптирующаяся под образ жизни владельца. Система поддерживает установку световых комплектов Light Bar Kits, обеспечивая дополнительное освещение и комфорт в пути.<br /><br />Ключевая особенность платформы — запатентованная система быстрого крепления. Установка и замена аксессуаров занимают всего несколько секунд и не требуют сверления или вмешательства в конструкцию автомобиля, сохраняя его целостность и внешний вид.<br /><br />M’linkX Roof Rack 2.0 сочетает в себе функциональность, продуманную модульность и фирменный подход Arcane Warrior к надёжности и свободе передвижения<br /><br /><strong>Основные особенности: </strong><br /><ul><li data-list=""bullet"">Тонкий профиль толщиной всего 3.7см из прочного алюминиевого сплава</li><li data-list=""bullet"">Вес в 2-3 раза легче аналогов при максимальной нагрузке 350кг.</li><li data-list=""bullet"">Уникальная система расширения: добавь необходимое количество поперечин, пристегни оборудование и дополнительный свет за минуту.</li><li data-list=""bullet"">Эстетичный дизайн выделяет ваш автомобиль в потоке.</li></ul>";https://static.tildacdn.com/stor3537-3264-4864-b561-383862623362/306a0078099c9eea7bb05138c8659dc0.png;141237.00;;;;;TZl7DDOBb6ReFsiAkjGV;;Toyota;0;0;0;0;;;;;
124297115112;;A.001.000279;;"Багажники>>>Багажники M’linkX;Багажники";"Багажник экспедиционный M'LinkX для Toyota Land Cruiser Prado 250 STD (версия без заводских рейлингов)";;"Компания Arcane Warrior представляет обновлённую багажную платформу M’linkX Roof Rack 2.0 для установки на автомобиль с заводскими рейлингами — модульную систему нового поколения, разработанную для путешествий, экспедиций и повседневного использования.<br /><br />Новая платформа была протестирована в реальных условиях на маршрутах Внутренней Монголии. За время испытаний было пройдено почти 900 миль, что позволило подтвердить надёжность конструкции и удобство эксплуатации в различных сценариях — от длительных автономных поездок до ежедневных маршрутов.<br /><br />M’linkX Roof Rack 2.0 — это не просто багажник, а универсальная платформа, адаптирующаяся под образ жизни владельца. Система поддерживает установку световых комплектов Light Bar Kits, обеспечивая дополнительное освещение и комфорт в пути.<br /><br />Ключевая особенность платформы — запатентованная система быстрого крепления. Установка и замена аксессуаров занимают всего несколько секунд и не требуют сверления или вмешательства в конструкцию автомобиля, сохраняя его целостность и внешний вид.<br /><br />M’linkX Roof Rack 2.0 сочетает в себе функциональность, продуманную модульность и фирменный подход Arcane Warrior к надёжности и свободе передвижения<br /><br /><strong>Основные особенности: </strong><br /><ul><li data-list=""bullet"">Тонкий профиль толщиной всего 3.7см из прочного алюминиевого сплава</li><li data-list=""bullet"">Вес в 2-3 раза легче аналогов при максимальной нагрузке 350кг.</li><li data-list=""bullet"">Уникальная система расширения: добавь необходимое количество поперечин, пристегни оборудование и дополнительный свет за минуту.</li><li data-list=""bullet"">Эстетичный дизайн выделяет ваш автомобиль в потоке.</li></ul>";https://static.tildacdn.com/stor3537-3264-4864-b561-383862623362/306a0078099c9eea7bb05138c8659dc0.png;155263.00;;;;;KXbggafLshlD55ZDUFaR;;Toyota;0;0;0;0;;;;;
962947436372;;A.001.000196;;"Багажники>>>Багажники M’linkX;Багажники";"Багажник экспедиционный M'LinkX для AITO M9 / Onvo L90";;"Компания Arcane Warrior представляет обновлённую багажную платформу M’linkX Roof Rack 2.0 для AITO M9 (2025 / AIR version) и NIO Onvo L90 — модульную систему нового поколения, разработанную для путешествий, экспедиций и повседневного использования.<br /><br />Новая платформа была протестирована в реальных условиях на маршрутах Внутренней Монголии. За время испытаний было пройдено почти 900 миль, что позволило подтвердить надёжность конструкции и удобство эксплуатации в различных сценариях — от длительных автономных поездок до ежедневных маршрутов.<br /><br />M’linkX Roof Rack 2.0 — это не просто багажник, а универсальная платформа, адаптирующаяся под образ жизни владельца. Система поддерживает установку световых комплектов Light Bar Kits, обеспечивая дополнительное освещение и комфорт в пути.<br /><br />Ключевая особенность платформы — запатентованная система быстрого крепления. Установка и замена аксессуаров занимают всего несколько секунд и не требуют сверления или вмешательства в конструкцию автомобиля, сохраняя его целостность и внешний вид.<br /><br />M’linkX Roof Rack 2.0 сочетает в себе функциональность, продуманную модульность и фирменный подход Arcane Warrior к надёжности и свободе передвижения<br /><br /><strong>Основные особенности: </strong><br /><ul><li data-list=""bullet"">Тонкий профиль толщиной всего 3.7см из прочного алюминиевого сплава</li><li data-list=""bullet"">Вес в 2-3 раза легче аналогов при максимальной нагрузке 350кг.</li><li data-list=""bullet"">Уникальная система расширения: добавь необходимое количество поперечин, пристегни оборудование и дополнительный свет за минуту.</li><li data-list=""bullet"">Эстетичный дизайн выделяет ваш автомобиль в потоке.</li></ul>";https://static.tildacdn.com/stor3537-3264-4864-b561-383862623362/306a0078099c9eea7bb05138c8659dc0.png;141237.00;;;;;sfCgg8L544EfkaIv3Y4t;;"Aito;NIO";0;0;0;0;;;;;
852997868112;;A.001.000189;;"Багажники>>>Багажники M’linkX;Багажники";"Багажник экспедиционный M'LinkX для Lixiang Li L8/L9";;"Компания Arcane Warrior представляет обновлённую багажную платформу M’linkX Roof Rack 2.0 для установки на автомобиль с заводскими рейлингами — модульную систему нового поколения, разработанную для путешествий, экспедиций и повседневного использования.<br /><br />Новая платформа была протестирована в реальных условиях на маршрутах Внутренней Монголии. За время испытаний было пройдено почти 900 миль, что позволило подтвердить надёжность конструкции и удобство эксплуатации в различных сценариях — от длительных автономных поездок до ежедневных маршрутов.<br /><br />M’linkX Roof Rack 2.0 — это не просто багажник, а универсальная платформа, адаптирующаяся под образ жизни владельца. Система поддерживает установку световых комплектов Light Bar Kits, обеспечивая дополнительное освещение и комфорт в пути.<br /><br />Ключевая особенность платформы — запатентованная система быстрого крепления. Установка и замена аксессуаров занимают всего несколько секунд и не требуют сверления или вмешательства в конструкцию автомобиля, сохраняя его целостность и внешний вид.<br /><br />M’linkX Roof Rack 2.0 сочетает в себе функциональность, продуманную модульность и фирменный подход Arcane Warrior к надёжности и свободе передвижения<br /><br /><strong>Основные особенности: </strong><br /><ul><li data-list=""bullet"">Тонкий профиль толщиной всего 3.7см из прочного алюминиевого сплава</li><li data-list=""bullet"">Вес в 2-3 раза легче аналогов при максимальной нагрузке 350кг.</li><li data-list=""bullet"">Уникальная система расширения: добавь необходимое количество поперечин, пристегни оборудование и дополнительный свет за минуту.</li><li data-list=""bullet"">Эстетичный дизайн выделяет ваш автомобиль в потоке.</li></ul>";https://static.tildacdn.com/stor3537-3264-4864-b561-383862623362/306a0078099c9eea7bb05138c8659dc0.png;141237.00;;;;;ivj2u3gFtIF2Jb1ILskE;;"Li Auto";0;0;0;0;;;;;
603320218522;;A.001.000269;;"Багажники>>>Багажники M’linkX;Багажники";"Багажник экспедиционный M'LinkX для Lixiang Li L6 (2025)";;"Компания Arcane Warrior представляет обновлённую багажную платформу M’linkX Roof Rack 2.0 для установки на автомобиль с заводскими рейлингами — модульную систему нового поколения, разработанную для путешествий, экспедиций и повседневного использования.<br /><br />Новая платформа была протестирована в реальных условиях на маршрутах Внутренней Монголии. За время испытаний было пройдено почти 900 миль, что позволило подтвердить надёжность конструкции и удобство эксплуатации в различных сценариях — от длительных автономных поездок до ежедневных маршрутов.<br /><br />M’linkX Roof Rack 2.0 — это не просто багажник, а универсальная платформа, адаптирующаяся под образ жизни владельца. Система поддерживает установку световых комплектов Light Bar Kits, обеспечивая дополнительное освещение и комфорт в пути.<br /><br />Ключевая особенность платформы — запатентованная система быстрого крепления. Установка и замена аксессуаров занимают всего несколько секунд и не требуют сверления или вмешательства в конструкцию автомобиля, сохраняя его целостность и внешний вид.<br /><br />M’linkX Roof Rack 2.0 сочетает в себе функциональность, продуманную модульность и фирменный подход Arcane Warrior к надёжности и свободе передвижения<br /><br /><strong>Основные особенности: </strong><br /><ul><li data-list=""bullet"">Тонкий профиль толщиной всего 3.7см из прочного алюминиевого сплава</li><li data-list=""bullet"">Вес в 2-3 раза легче аналогов при максимальной нагрузке 350кг.</li><li data-list=""bullet"">Уникальная система расширения: добавь необходимое количество поперечин, пристегни оборудование и дополнительный свет за минуту.</li><li data-list=""bullet"">Эстетичный дизайн выделяет ваш автомобиль в потоке.</li></ul>";https://static.tildacdn.com/stor3537-3264-4864-b561-383862623362/306a0078099c9eea7bb05138c8659dc0.png;141237.00;;;;;bSNNJrgP1o4iiSOvksoo;;"Li Auto";0;0;0;0;;;;;
682592644942;;A.001.000214;;"Багажники>>>Багажники M’linkX;Багажники";"Багажник экспедиционный M'LinkX для Tank 500 HI4-T/HI4-Z (2022–2026)";;"Компания Arcane Warrior представляет обновлённую багажную платформу M’linkX Roof Rack 2.0 для установки на автомобиль с заводскими рейлингами — модульную систему нового поколения, разработанную для путешествий, экспедиций и повседневного использования.<br /><br />Новая платформа была протестирована в реальных условиях на маршрутах Внутренней Монголии. За время испытаний было пройдено почти 900 миль, что позволило подтвердить надёжность конструкции и удобство эксплуатации в различных сценариях — от длительных автономных поездок до ежедневных маршрутов.<br /><br />M’linkX Roof Rack 2.0 — это не просто багажник, а универсальная платформа, адаптирующаяся под образ жизни владельца. Система поддерживает установку световых комплектов Light Bar Kits, обеспечивая дополнительное освещение и комфорт в пути.<br /><br />Ключевая особенность платформы — запатентованная система быстрого крепления. Установка и замена аксессуаров занимают всего несколько секунд и не требуют сверления или вмешательства в конструкцию автомобиля, сохраняя его целостность и внешний вид.<br /><br />M’linkX Roof Rack 2.0 сочетает в себе функциональность, продуманную модульность и фирменный подход Arcane Warrior к надёжности и свободе передвижения<br /><br /><strong>Основные особенности: </strong><br /><ul><li data-list=""bullet"">Тонкий профиль толщиной всего 3.7см из прочного алюминиевого сплава</li><li data-list=""bullet"">Вес в 2-3 раза легче аналогов при максимальной нагрузке 350кг.</li><li data-list=""bullet"">Уникальная система расширения: добавь необходимое количество поперечин, пристегни оборудование и дополнительный свет за минуту.</li><li data-list=""bullet"">Эстетичный дизайн выделяет ваш автомобиль в потоке.</li></ul>";https://static.tildacdn.com/stor3537-3264-4864-b561-383862623362/306a0078099c9eea7bb05138c8659dc0.png;141237.00;;;;;fcA9bgXgOVs9mLoZ8evY;;Tank;0;0;0;0;;;;;
815635407972;;A.001.000193;;"Багажники>>>Багажники M’linkX;Багажники";"Багажник экспедиционный M'LinkX для Tank 300 (2020–2025)";;"Компания Arcane Warrior представляет обновлённую багажную платформу M’linkX Roof Rack 2.0 для установки на автомобиль с заводскими рейлингами — модульную систему нового поколения, разработанную для путешествий, экспедиций и повседневного использования.<br /><br />Новая платформа была протестирована в реальных условиях на маршрутах Внутренней Монголии. За время испытаний было пройдено почти 900 миль, что позволило подтвердить надёжность конструкции и удобство эксплуатации в различных сценариях — от длительных автономных поездок до ежедневных маршрутов.<br /><br />M’linkX Roof Rack 2.0 — это не просто багажник, а универсальная платформа, адаптирующаяся под образ жизни владельца. Система поддерживает установку световых комплектов Light Bar Kits, обеспечивая дополнительное освещение и комфорт в пути.<br /><br />Ключевая особенность платформы — запатентованная система быстрого крепления. Установка и замена аксессуаров занимают всего несколько секунд и не требуют сверления или вмешательства в конструкцию автомобиля, сохраняя его целостность и внешний вид.<br /><br />M’linkX Roof Rack 2.0 сочетает в себе функциональность, продуманную модульность и фирменный подход Arcane Warrior к надёжности и свободе передвижения<br /><br /><strong>Основные особенности: </strong><br /><ul><li data-list=""bullet"">Тонкий профиль толщиной всего 3.7см из прочного алюминиевого сплава</li><li data-list=""bullet"">Вес в 2-3 раза легче аналогов при максимальной нагрузке 350кг.</li><li data-list=""bullet"">Уникальная система расширения: добавь необходимое количество поперечин, пристегни оборудование и дополнительный свет за минуту.</li><li data-list=""bullet"">Эстетичный дизайн выделяет ваш автомобиль в потоке.</li></ul>";https://static.tildacdn.com/stor3537-3264-4864-b561-383862623362/306a0078099c9eea7bb05138c8659dc0.png;155263.00;;;;;NRdR8U5fkPOxOIxuKEZC;;Tank;0;0;0;0;;;;;
869211467772;;A.001.000192;;"Багажники>>>Багажники M’linkX;Багажники;Автомобили>>>Leopard 8";"Багажник экспедиционный M'LinkX для BYD Leopard 8 и Leopard Titanium 7";;"Компания Arcane Warrior представляет обновлённую багажную платформу M’linkX Roof Rack 2.0 для установки на автомобиль с заводскими рейлингами — модульную систему нового поколения, разработанную для путешествий, экспедиций и повседневного использования.<br /><br />Новая платформа была протестирована в реальных условиях на маршрутах Внутренней Монголии. За время испытаний было пройдено почти 900 миль, что позволило подтвердить надёжность конструкции и удобство эксплуатации в различных сценариях — от длительных автономных поездок до ежедневных маршрутов.<br /><br />M’linkX Roof Rack 2.0 — это не просто багажник, а универсальная платформа, адаптирующаяся под образ жизни владельца. Система поддерживает установку световых комплектов Light Bar Kits, обеспечивая дополнительное освещение и комфорт в пути.<br /><br />Ключевая особенность платформы — запатентованная система быстрого крепления. Установка и замена аксессуаров занимают всего несколько секунд и не требуют сверления или вмешательства в конструкцию автомобиля, сохраняя его целостность и внешний вид.<br /><br />M’linkX Roof Rack 2.0 сочетает в себе функциональность, продуманную модульность и фирменный подход Arcane Warrior к надёжности и свободе передвижения<br /><br /><strong>Основные особенности: </strong><br /><ul><li data-list=""bullet"">Тонкий профиль толщиной всего 3.7см из прочного алюминиевого сплава</li><li data-list=""bullet"">Вес в 2-3 раза легче аналогов при максимальной нагрузке 350кг.</li><li data-list=""bullet"">Уникальная система расширения: добавь необходимое количество поперечин, пристегни оборудование и дополнительный свет за минуту.</li><li data-list=""bullet"">Эстетичный дизайн выделяет ваш автомобиль в потоке.</li></ul>";https://static.tildacdn.com/stor3537-3264-4864-b561-383862623362/306a0078099c9eea7bb05138c8659dc0.png;155263.00;;;;;ym5O6omn6E6ceaycldfX;;BYD;0;0;0;0;;;;;
276057889002;;A.001.000415;;"Багажники>>>Багажники M’linkX;Багажники;Автомобили>>>Tank 700";"Багажник экспедиционный M'LinkX для Tank 700 (2024)";;"Компания Arcane Warrior представляет обновлённую багажную платформу M’linkX Roof Rack 2.0 для установки на автомобиль с заводскими рейлингами — модульную систему нового поколения, разработанную для путешествий, экспедиций и повседневного использования.<br /><br />Новая платформа была протестирована в реальных условиях на маршрутах Внутренней Монголии. За время испытаний было пройдено почти 900 миль, что позволило подтвердить надёжность конструкции и удобство эксплуатации в различных сценариях — от длительных автономных поездок до ежедневных маршрутов.<br /><br />M’linkX Roof Rack 2.0 — это не просто багажник, а универсальная платформа, адаптирующаяся под образ жизни владельца. Система поддерживает установку световых комплектов Light Bar Kits, обеспечивая дополнительное освещение и комфорт в пути.<br /><br />Ключевая особенность платформы — запатентованная система быстрого крепления. Установка и замена аксессуаров занимают всего несколько секунд и не требуют сверления или вмешательства в конструкцию автомобиля, сохраняя его целостность и внешний вид.<br /><br />M’linkX Roof Rack 2.0 сочетает в себе функциональность, продуманную модульность и фирменный подход Arcane Warrior к надёжности и свободе передвижения<br /><br /><strong>Основные особенности: </strong><br /><ul><li data-list=""bullet"">Тонкий профиль толщиной всего 3.7см из прочного алюминиевого сплава</li><li data-list=""bullet"">Вес в 2-3 раза легче аналогов при максимальной нагрузке 350кг.</li><li data-list=""bullet"">Уникальная система расширения: добавь необходимое количество поперечин, пристегни оборудование и дополнительный свет за минуту.</li><li data-list=""bullet"">Эстетичный дизайн выделяет ваш автомобиль в потоке.</li></ul>";https://static.tildacdn.com/stor3537-3264-4864-b561-383862623362/306a0078099c9eea7bb05138c8659dc0.png;141237.00;;;;;Nk6uBXEvSanbi2Z6PLD4;;Tank;0;0;0;0;;;;;
506009319132;;A.001.000225;;"Багажники>>>Багажники M’linkX;Багажники";"Багажник экспедиционный M'LinkX для Zeekr 9X (2025)";;"Компания Arcane Warrior представляет обновлённую багажную платформу M’linkX Roof Rack 2.0 для установки на автомобиль с заводскими рейлингами — модульную систему нового поколения, разработанную для путешествий, экспедиций и повседневного использования.<br /><br />Новая платформа была протестирована в реальных условиях на маршрутах Внутренней Монголии. За время испытаний было пройдено почти 900 миль, что позволило подтвердить надёжность конструкции и удобство эксплуатации в различных сценариях — от длительных автономных поездок до ежедневных маршрутов.<br /><br />M’linkX Roof Rack 2.0 — это не просто багажник, а универсальная платформа, адаптирующаяся под образ жизни владельца. Система поддерживает установку световых комплектов Light Bar Kits, обеспечивая дополнительное освещение и комфорт в пути.<br /><br />Ключевая особенность платформы — запатентованная система быстрого крепления. Установка и замена аксессуаров занимают всего несколько секунд и не требуют сверления или вмешательства в конструкцию автомобиля, сохраняя его целостность и внешний вид.<br /><br />M’linkX Roof Rack 2.0 сочетает в себе функциональность, продуманную модульность и фирменный подход Arcane Warrior к надёжности и свободе передвижения<br /><br /><strong>Основные особенности: </strong><br /><ul><li data-list=""bullet"">Тонкий профиль толщиной всего 3.7см из прочного алюминиевого сплава</li><li data-list=""bullet"">Вес в 2-3 раза легче аналогов при максимальной нагрузке 350кг.</li><li data-list=""bullet"">Уникальная система расширения: добавь необходимое количество поперечин, пристегни оборудование и дополнительный свет за минуту.</li><li data-list=""bullet"">Эстетичный дизайн выделяет ваш автомобиль в потоке.</li></ul>";https://static.tildacdn.com/stor3537-3264-4864-b561-383862623362/306a0078099c9eea7bb05138c8659dc0.png;141237.00;;;;;mT2RF1OGcPZvCvMthPrC;;Zeekr;0;0;0;0;;;;;
199369048442;;A.001.000194;;"Багажники>>>Багажники M’linkX;Багажники";"Багажник экспедиционный M'LinkX для Tank 400 (2023–2025)";;"Компания Arcane Warrior представляет обновлённую багажную платформу M’linkX Roof Rack 2.0 для установки на автомобиль с заводскими рейлингами — модульную систему нового поколения, разработанную для путешествий, экспедиций и повседневного использования.<br /><br />Новая платформа была протестирована в реальных условиях на маршрутах Внутренней Монголии. За время испытаний было пройдено почти 900 миль, что позволило подтвердить надёжность конструкции и удобство эксплуатации в различных сценариях — от длительных автономных поездок до ежедневных маршрутов.<br /><br />M’linkX Roof Rack 2.0 — это не просто багажник, а универсальная платформа, адаптирующаяся под образ жизни владельца. Система поддерживает установку световых комплектов Light Bar Kits, обеспечивая дополнительное освещение и комфорт в пути.<br /><br />Ключевая особенность платформы — запатентованная система быстрого крепления. Установка и замена аксессуаров занимают всего несколько секунд и не требуют сверления или вмешательства в конструкцию автомобиля, сохраняя его целостность и внешний вид.<br /><br />M’linkX Roof Rack 2.0 сочетает в себе функциональность, продуманную модульность и фирменный подход Arcane Warrior к надёжности и свободе передвижения<br /><br /><strong>Основные особенности: </strong><br /><ul><li data-list=""bullet"">Тонкий профиль толщиной всего 3.7см из прочного алюминиевого сплава</li><li data-list=""bullet"">Вес в 2-3 раза легче аналогов при максимальной нагрузке 350кг.</li><li data-list=""bullet"">Уникальная система расширения: добавь необходимое количество поперечин, пристегни оборудование и дополнительный свет за минуту.</li><li data-list=""bullet"">Эстетичный дизайн выделяет ваш автомобиль в потоке.</li></ul>";https://static.tildacdn.com/stor3537-3264-4864-b561-383862623362/306a0078099c9eea7bb05138c8659dc0.png;141237.00;;;;;lDnj0unr3yXhfmo1gblH;;Tank;0;0;0;0;;;;;
899334191032;;A.001.000199;;"Багажники>>>Багажники M’linkX;Багажники";"Багажник экспедиционный M'LinkX для Lynk &amp; Co 900 (2025)";;"Компания Arcane Warrior представляет обновлённую багажную платформу M’linkX Roof Rack 2.0 для установки на автомобиль с заводскими рейлингами — модульную систему нового поколения, разработанную для путешествий, экспедиций и повседневного использования.<br /><br />Новая платформа была протестирована в реальных условиях на маршрутах Внутренней Монголии. За время испытаний было пройдено почти 900 миль, что позволило подтвердить надёжность конструкции и удобство эксплуатации в различных сценариях — от длительных автономных поездок до ежедневных маршрутов.<br /><br />M’linkX Roof Rack 2.0 — это не просто багажник, а универсальная платформа, адаптирующаяся под образ жизни владельца. Система поддерживает установку световых комплектов Light Bar Kits, обеспечивая дополнительное освещение и комфорт в пути.<br /><br />Ключевая особенность платформы — запатентованная система быстрого крепления. Установка и замена аксессуаров занимают всего несколько секунд и не требуют сверления или вмешательства в конструкцию автомобиля, сохраняя его целостность и внешний вид.<br /><br />M’linkX Roof Rack 2.0 сочетает в себе функциональность, продуманную модульность и фирменный подход Arcane Warrior к надёжности и свободе передвижения<br /><br /><strong>Основные особенности: </strong><br /><ul><li data-list=""bullet"">Тонкий профиль толщиной всего 3.7см из прочного алюминиевого сплава</li><li data-list=""bullet"">Вес в 2-3 раза легче аналогов при максимальной нагрузке 350кг.</li><li data-list=""bullet"">Уникальная система расширения: добавь необходимое количество поперечин, пристегни оборудование и дополнительный свет за минуту.</li><li data-list=""bullet"">Эстетичный дизайн выделяет ваш автомобиль в потоке.</li></ul>";https://static.tildacdn.com/stor3537-3264-4864-b561-383862623362/306a0078099c9eea7bb05138c8659dc0.png;141237.00;;;;;J4dpViVUnbnsBazMLL4B;;"Lynk &amp&semi; Co";0;0;0;0;;;;;
392613462282;;A.001.000190;;"Багажники>>>Багажники M’linkX;Багажники";"Багажник экспедиционный M'LinkX для BYD Leopard 5 / Denza B5 (2023–2025)";;"Компания Arcane Warrior представляет обновлённую багажную платформу M’linkX Roof Rack 2.0 для установки на автомобиль с заводскими рейлингами — модульную систему нового поколения, разработанную для путешествий, экспедиций и повседневного использования.<br /><br />Новая платформа была протестирована в реальных условиях на маршрутах Внутренней Монголии. За время испытаний было пройдено почти 900 миль, что позволило подтвердить надёжность конструкции и удобство эксплуатации в различных сценариях — от длительных автономных поездок до ежедневных маршрутов.<br /><br />M’linkX Roof Rack 2.0 — это не просто багажник, а универсальная платформа, адаптирующаяся под образ жизни владельца. Система поддерживает установку световых комплектов Light Bar Kits, обеспечивая дополнительное освещение и комфорт в пути.<br /><br />Ключевая особенность платформы — запатентованная система быстрого крепления. Установка и замена аксессуаров занимают всего несколько секунд и не требуют сверления или вмешательства в конструкцию автомобиля, сохраняя его целостность и внешний вид.<br /><br />M’linkX Roof Rack 2.0 сочетает в себе функциональность, продуманную модульность и фирменный подход Arcane Warrior к надёжности и свободе передвижения<br /><br /><strong>Основные особенности: </strong><br /><ul><li data-list=""bullet"">Тонкий профиль толщиной всего 3.7см из прочного алюминиевого сплава</li><li data-list=""bullet"">Вес в 2-3 раза легче аналогов при максимальной нагрузке 350кг.</li><li data-list=""bullet"">Уникальная система расширения: добавь необходимое количество поперечин, пристегни оборудование и дополнительный свет за минуту.</li><li data-list=""bullet"">Эстетичный дизайн выделяет ваш автомобиль в потоке.</li></ul>";https://static.tildacdn.com/stor3537-3264-4864-b561-383862623362/306a0078099c9eea7bb05138c8659dc0.png;141237.00;;;;;7xSe0SyO3Cdjmy4Ffs19;;"BYD;Denza";0;0;0;0;;;;;
327332379612;;A.001.000237;;"Багажники>>>Багажники M’linkX;Багажники";"Багажник экспедиционный M'LinkX для Jeep Wrangler JL (2018-2025)";;"Компания Arcane Warrior представляет обновлённую багажную платформу M’linkX Roof Rack 2.0 для установки на автомобиль с заводскими рейлингами — модульную систему нового поколения, разработанную для путешествий, экспедиций и повседневного использования.<br /><br />Новая платформа была протестирована в реальных условиях на маршрутах Внутренней Монголии. За время испытаний было пройдено почти 900 миль, что позволило подтвердить надёжность конструкции и удобство эксплуатации в различных сценариях — от длительных автономных поездок до ежедневных маршрутов.<br /><br />M’linkX Roof Rack 2.0 — это не просто багажник, а универсальная платформа, адаптирующаяся под образ жизни владельца. Система поддерживает установку световых комплектов Light Bar Kits, обеспечивая дополнительное освещение и комфорт в пути.<br /><br />Ключевая особенность платформы — запатентованная система быстрого крепления. Установка и замена аксессуаров занимают всего несколько секунд и не требуют сверления или вмешательства в конструкцию автомобиля, сохраняя его целостность и внешний вид.<br /><br />M’linkX Roof Rack 2.0 сочетает в себе функциональность, продуманную модульность и фирменный подход Arcane Warrior к надёжности и свободе передвижения<br /><br /><strong>Основные особенности: </strong><br /><ul><li data-list=""bullet"">Тонкий профиль толщиной всего 3.7см из прочного алюминиевого сплава</li><li data-list=""bullet"">Вес в 2-3 раза легче аналогов при максимальной нагрузке 350кг.</li><li data-list=""bullet"">Уникальная система расширения: добавь необходимое количество поперечин, пристегни оборудование и дополнительный свет за минуту.</li><li data-list=""bullet"">Эстетичный дизайн выделяет ваш автомобиль в потоке.</li></ul>";https://static.tildacdn.com/stor3537-3264-4864-b561-383862623362/306a0078099c9eea7bb05138c8659dc0.png;155263.00;;;;;45O35Fho0CKmo8NXCSV0;;Jeep;0;0;0;0;;;;;
464890881782;;A.001.000239;;"Багажники>>>Багажники M’linkX;Багажники";"Багажник экспедиционный M'LinkX для Lynk &amp; Co 09";;"Компания Arcane Warrior представляет обновлённую багажную платформу M’linkX Roof Rack 2.0 для установки на автомобиль с заводскими рейлингами — модульную систему нового поколения, разработанную для путешествий, экспедиций и повседневного использования.<br /><br />Новая платформа была протестирована в реальных условиях на маршрутах Внутренней Монголии. За время испытаний было пройдено почти 900 миль, что позволило подтвердить надёжность конструкции и удобство эксплуатации в различных сценариях — от длительных автономных поездок до ежедневных маршрутов.<br /><br />M’linkX Roof Rack 2.0 — это не просто багажник, а универсальная платформа, адаптирующаяся под образ жизни владельца. Система поддерживает установку световых комплектов Light Bar Kits, обеспечивая дополнительное освещение и комфорт в пути.<br /><br />Ключевая особенность платформы — запатентованная система быстрого крепления. Установка и замена аксессуаров занимают всего несколько секунд и не требуют сверления или вмешательства в конструкцию автомобиля, сохраняя его целостность и внешний вид.<br /><br />M’linkX Roof Rack 2.0 сочетает в себе функциональность, продуманную модульность и фирменный подход Arcane Warrior к надёжности и свободе передвижения<br /><br /><strong>Основные особенности: </strong><br /><ul><li data-list=""bullet"">Тонкий профиль толщиной всего 3.7см из прочного алюминиевого сплава</li><li data-list=""bullet"">Вес в 2-3 раза легче аналогов при максимальной нагрузке 350кг.</li><li data-list=""bullet"">Уникальная система расширения: добавь необходимое количество поперечин, пристегни оборудование и дополнительный свет за минуту.</li><li data-list=""bullet"">Эстетичный дизайн выделяет ваш автомобиль в потоке.</li></ul>";https://static.tildacdn.com/stor3537-3264-4864-b561-383862623362/306a0078099c9eea7bb05138c8659dc0.png;141237.00;;;;;cltndUrIvNZJ4r5sYNrE;;"Lynk &amp&semi; Co";0;0;0;0;;;;;
803059599602;;A.001.000234;;"Багажники>>>Багажники M’linkX;Багажники";"Багажник экспедиционный M'LinkX для Haval H9 (2024+)";;"Компания Arcane Warrior представляет обновлённую багажную платформу M’linkX Roof Rack 2.0 для установки на автомобиль с заводскими рейлингами — модульную систему нового поколения, разработанную для путешествий, экспедиций и повседневного использования.<br /><br />Новая платформа была протестирована в реальных условиях на маршрутах Внутренней Монголии. За время испытаний было пройдено почти 900 миль, что позволило подтвердить надёжность конструкции и удобство эксплуатации в различных сценариях — от длительных автономных поездок до ежедневных маршрутов.<br /><br />M’linkX Roof Rack 2.0 — это не просто багажник, а универсальная платформа, адаптирующаяся под образ жизни владельца. Система поддерживает установку световых комплектов Light Bar Kits, обеспечивая дополнительное освещение и комфорт в пути.<br /><br />Ключевая особенность платформы — запатентованная система быстрого крепления. Установка и замена аксессуаров занимают всего несколько секунд и не требуют сверления или вмешательства в конструкцию автомобиля, сохраняя его целостность и внешний вид.<br /><br />M’linkX Roof Rack 2.0 сочетает в себе функциональность, продуманную модульность и фирменный подход Arcane Warrior к надёжности и свободе передвижения<br /><br /><strong>Основные особенности: </strong><br /><ul><li data-list=""bullet"">Тонкий профиль толщиной всего 3.7см из прочного алюминиевого сплава</li><li data-list=""bullet"">Вес в 2-3 раза легче аналогов при максимальной нагрузке 350кг.</li><li data-list=""bullet"">Уникальная система расширения: добавь необходимое количество поперечин, пристегни оборудование и дополнительный свет за минуту.</li><li data-list=""bullet"">Эстетичный дизайн выделяет ваш автомобиль в потоке.</li></ul>";https://static.tildacdn.com/stor3537-3264-4864-b561-383862623362/306a0078099c9eea7bb05138c8659dc0.png;155263.00;;;;;l655lvzCf7aXpAAAuNy3;;Haval;0;0;0;0;;;;;
378525990232;;A.001.000232;;"Багажники>>>Багажники M’linkX;Багажники";"Багажник экспедиционный M'LinkX для Land Rover Defender 110 L663";;"Компания Arcane Warrior представляет обновлённую багажную платформу M’linkX Roof Rack 2.0 для установки на автомобиль с заводскими рейлингами — модульную систему нового поколения, разработанную для путешествий, экспедиций и повседневного использования.<br /><br />Новая платформа была протестирована в реальных условиях на маршрутах Внутренней Монголии. За время испытаний было пройдено почти 900 миль, что позволило подтвердить надёжность конструкции и удобство эксплуатации в различных сценариях — от длительных автономных поездок до ежедневных маршрутов.<br /><br />M’linkX Roof Rack 2.0 — это не просто багажник, а универсальная платформа, адаптирующаяся под образ жизни владельца. Система поддерживает установку световых комплектов Light Bar Kits, обеспечивая дополнительное освещение и комфорт в пути.<br /><br />Ключевая особенность платформы — запатентованная система быстрого крепления. Установка и замена аксессуаров занимают всего несколько секунд и не требуют сверления или вмешательства в конструкцию автомобиля, сохраняя его целостность и внешний вид.<br /><br />M’linkX Roof Rack 2.0 сочетает в себе функциональность, продуманную модульность и фирменный подход Arcane Warrior к надёжности и свободе передвижения<br /><br /><strong>Основные особенности: </strong><br /><ul><li data-list=""bullet"">Тонкий профиль толщиной всего 3.7см из прочного алюминиевого сплава</li><li data-list=""bullet"">Вес в 2-3 раза легче аналогов при максимальной нагрузке 350кг.</li><li data-list=""bullet"">Уникальная система расширения: добавь необходимое количество поперечин, пристегни оборудование и дополнительный свет за минуту.</li><li data-list=""bullet"">Эстетичный дизайн выделяет ваш автомобиль в потоке.</li></ul>";https://static.tildacdn.com/stor3537-3264-4864-b561-383862623362/306a0078099c9eea7bb05138c8659dc0.png;155263.00;;;;;3cfnoEuS2VAigp9iIElp;;"Land Rover";0;0;0;0;;;;;
481469695662;;A.001.000233;;"Багажники>>>Багажники M’linkX;Багажники";"Багажник экспедиционный M'LinkX для Land Rover Defender 90 L663";;"Компания Arcane Warrior представляет обновлённую багажную платформу M’linkX Roof Rack 2.0 для установки на автомобиль с заводскими рейлингами — модульную систему нового поколения, разработанную для путешествий, экспедиций и повседневного использования.<br /><br />Новая платформа была протестирована в реальных условиях на маршрутах Внутренней Монголии. За время испытаний было пройдено почти 900 миль, что позволило подтвердить надёжность конструкции и удобство эксплуатации в различных сценариях — от длительных автономных поездок до ежедневных маршрутов.<br /><br />M’linkX Roof Rack 2.0 — это не просто багажник, а универсальная платформа, адаптирующаяся под образ жизни владельца. Система поддерживает установку световых комплектов Light Bar Kits, обеспечивая дополнительное освещение и комфорт в пути.<br /><br />Ключевая особенность платформы — запатентованная система быстрого крепления. Установка и замена аксессуаров занимают всего несколько секунд и не требуют сверления или вмешательства в конструкцию автомобиля, сохраняя его целостность и внешний вид.<br /><br />M’linkX Roof Rack 2.0 сочетает в себе функциональность, продуманную модульность и фирменный подход Arcane Warrior к надёжности и свободе передвижения<br /><br /><strong>Основные особенности: </strong><br /><ul><li data-list=""bullet"">Тонкий профиль толщиной всего 3.7см из прочного алюминиевого сплава</li><li data-list=""bullet"">Вес в 2-3 раза легче аналогов при максимальной нагрузке 350кг.</li><li data-list=""bullet"">Уникальная система расширения: добавь необходимое количество поперечин, пристегни оборудование и дополнительный свет за минуту.</li><li data-list=""bullet"">Эстетичный дизайн выделяет ваш автомобиль в потоке.</li></ul>";https://static.tildacdn.com/stor3537-3264-4864-b561-383862623362/306a0078099c9eea7bb05138c8659dc0.png;141237.00;;;;;rZ2UzGjvPk8H3zBUykb0;;"Land Rover";0;0;0;0;;;;;
886676371282;;A.001.000260;;"Багажники>>>Багажники M’linkX;Багажники";"Багажник экспедиционный M'LinkX для Nissan Patrol Y62";;"Компания Arcane Warrior представляет обновлённую багажную платформу M’linkX Roof Rack 2.0 для установки на автомобиль с заводскими рейлингами — модульную систему нового поколения, разработанную для путешествий, экспедиций и повседневного использования.<br /><br />Новая платформа была протестирована в реальных условиях на маршрутах Внутренней Монголии. За время испытаний было пройдено почти 900 миль, что позволило подтвердить надёжность конструкции и удобство эксплуатации в различных сценариях — от длительных автономных поездок до ежедневных маршрутов.<br /><br />M’linkX Roof Rack 2.0 — это не просто багажник, а универсальная платформа, адаптирующаяся под образ жизни владельца. Система поддерживает установку световых комплектов Light Bar Kits, обеспечивая дополнительное освещение и комфорт в пути.<br /><br />Ключевая особенность платформы — запатентованная система быстрого крепления. Установка и замена аксессуаров занимают всего несколько секунд и не требуют сверления или вмешательства в конструкцию автомобиля, сохраняя его целостность и внешний вид.<br /><br />M’linkX Roof Rack 2.0 сочетает в себе функциональность, продуманную модульность и фирменный подход Arcane Warrior к надёжности и свободе передвижения<br /><br /><strong>Основные особенности: </strong><br /><ul><li data-list=""bullet"">Тонкий профиль толщиной всего 3.7см из прочного алюминиевого сплава</li><li data-list=""bullet"">Вес в 2-3 раза легче аналогов при максимальной нагрузке 350кг.</li><li data-list=""bullet"">Уникальная система расширения: добавь необходимое количество поперечин, пристегни оборудование и дополнительный свет за минуту.</li><li data-list=""bullet"">Эстетичный дизайн выделяет ваш автомобиль в потоке.</li></ul>";https://static.tildacdn.com/stor3537-3264-4864-b561-383862623362/306a0078099c9eea7bb05138c8659dc0.png;141237.00;;;;;KOYK6yKyVbUTczvpjVGa;;Nissan;0;0;0;0;;;;;
628272166192;;A.001.000247;;"Багажники>>>Багажники M’linkX;Багажники";"Багажник экспедиционный M'LinkX для Ford Explorer (2020-2025)";;"Компания Arcane Warrior представляет обновлённую багажную платформу M’linkX Roof Rack 2.0 для установки на автомобиль с заводскими рейлингами — модульную систему нового поколения, разработанную для путешествий, экспедиций и повседневного использования.<br /><br />Новая платформа была протестирована в реальных условиях на маршрутах Внутренней Монголии. За время испытаний было пройдено почти 900 миль, что позволило подтвердить надёжность конструкции и удобство эксплуатации в различных сценариях — от длительных автономных поездок до ежедневных маршрутов.<br /><br />M’linkX Roof Rack 2.0 — это не просто багажник, а универсальная платформа, адаптирующаяся под образ жизни владельца. Система поддерживает установку световых комплектов Light Bar Kits, обеспечивая дополнительное освещение и комфорт в пути.<br /><br />Ключевая особенность платформы — запатентованная система быстрого крепления. Установка и замена аксессуаров занимают всего несколько секунд и не требуют сверления или вмешательства в конструкцию автомобиля, сохраняя его целостность и внешний вид.<br /><br />M’linkX Roof Rack 2.0 сочетает в себе функциональность, продуманную модульность и фирменный подход Arcane Warrior к надёжности и свободе передвижения<br /><br /><strong>Основные особенности: </strong><br /><ul><li data-list=""bullet"">Тонкий профиль толщиной всего 3.7см из прочного алюминиевого сплава</li><li data-list=""bullet"">Вес в 2-3 раза легче аналогов при максимальной нагрузке 350кг.</li><li data-list=""bullet"">Уникальная система расширения: добавь необходимое количество поперечин, пристегни оборудование и дополнительный свет за минуту.</li><li data-list=""bullet"">Эстетичный дизайн выделяет ваш автомобиль в потоке.</li></ul>";https://static.tildacdn.com/stor3537-3264-4864-b561-383862623362/306a0078099c9eea7bb05138c8659dc0.png;141237.00;;;;;vOMZHJNpZ2oPvMEuF8JN;;Ford;0;0;0;0;;;;;
157093623102;;A.001.000229;;"Багажники>>>Багажники M’linkX;Багажники";"Багажник экспедиционный M'LinkX для Toyota Sienna (2021-2024)";;"Компания Arcane Warrior представляет обновлённую багажную платформу M’linkX Roof Rack 2.0 для установки на автомобиль с заводскими рейлингами — модульную систему нового поколения, разработанную для путешествий, экспедиций и повседневного использования.<br /><br />Новая платформа была протестирована в реальных условиях на маршрутах Внутренней Монголии. За время испытаний было пройдено почти 900 миль, что позволило подтвердить надёжность конструкции и удобство эксплуатации в различных сценариях — от длительных автономных поездок до ежедневных маршрутов.<br /><br />M’linkX Roof Rack 2.0 — это не просто багажник, а универсальная платформа, адаптирующаяся под образ жизни владельца. Система поддерживает установку световых комплектов Light Bar Kits, обеспечивая дополнительное освещение и комфорт в пути.<br /><br />Ключевая особенность платформы — запатентованная система быстрого крепления. Установка и замена аксессуаров занимают всего несколько секунд и не требуют сверления или вмешательства в конструкцию автомобиля, сохраняя его целостность и внешний вид.<br /><br />M’linkX Roof Rack 2.0 сочетает в себе функциональность, продуманную модульность и фирменный подход Arcane Warrior к надёжности и свободе передвижения<br /><br /><strong>Основные особенности: </strong><br /><ul><li data-list=""bullet"">Тонкий профиль толщиной всего 3.7см из прочного алюминиевого сплава</li><li data-list=""bullet"">Вес в 2-3 раза легче аналогов при максимальной нагрузке 350кг.</li><li data-list=""bullet"">Уникальная система расширения: добавь необходимое количество поперечин, пристегни оборудование и дополнительный свет за минуту.</li><li data-list=""bullet"">Эстетичный дизайн выделяет ваш автомобиль в потоке.</li></ul>";https://static.tildacdn.com/stor3537-3264-4864-b561-383862623362/306a0078099c9eea7bb05138c8659dc0.png;141237.00;;;;;l2KgGfmflI39PjeyO2Ar;;Toyota;0;0;0;0;;;;;
890811411062;;;;"Багажники>>>Аксессуары к багажникам M`LinkX";"Дополнительная поперечина багажника M'LinkX Crossbar Standard";;;https://static.tildacdn.com/stor3162-3466-4631-a166-353038636531/8441f53ce12233ddbb9c7c6f20a34f92.png;;;;;;baT0hNgfSzFpds3KZRXt;;;0;0;0;0;;;;;
782779384602;;A.012.000055;;;"Дополнительная поперечина багажника M'LinkX Crossbar Standard - 1080 мм";;;;10553.00;;;"Длина:1080 мм";;V7a5USpU27jYtUuYMvPY;890811411062;;0;0;0;0;;;;;
866292345272;;A.012.000028;;;"Дополнительная поперечина багажника M'LinkX Crossbar Standard - 1120 мм";;;;10553.00;;;"Длина:1120 мм";;43LaTTebEBaYOT2ylFCK;890811411062;;0;0;0;0;;;;;
727361300862;;A.012.000050;;;"Дополнительная поперечина багажника M'LinkX Crossbar Standard - 1160 мм";;;;10553.00;;;"Длина:1160 мм";;B39U8dO2EDz6VM0LdpEN;890811411062;;0;0;0;0;;;;;
454101063322;;A.012.000029;;;"Дополнительная поперечина багажника M'LinkX Crossbar Standard - 1200 мм";;;;10553.00;;;"Длина:1200 мм";;f5aYD7OA2TP60iGT2EuY;890811411062;;0;0;0;0;;;;;
125618483702;;A.012.000030;;;"Дополнительная поперечина багажника M'LinkX Crossbar Standard - 1240 мм";;;;10553.00;;;"Длина:1240 мм";;hjOIOUpjK6l8jA0RFdKb;890811411062;;0;0;0;0;;;;;
694170543222;;A.012.000056;;;"Дополнительная поперечина багажника M'LinkX Crossbar Standard - 1280 мм";;;;10553.00;;;"Длина:1280 мм";;ZjCD4xKxYyD3vTimyyzH;890811411062;;0;0;0;0;;;;;
786110490382;;A.012.000057;;;"Дополнительная поперечина багажника M'LinkX Crossbar Standard - 1320 мм";;;;10553.00;;;"Длина:1320 мм";;ut79p33miuG0Dfb2lKfH;890811411062;;0;0;0;0;;;;;
156351564922;;A.012.000049;;;"Дополнительная поперечина багажника M'LinkX Crossbar Standard - 1400 мм";;;;10553.00;;;"Длина:1400 мм";;nDNTSa2fN8hFNikIZ7o6;890811411062;;0;0;0;0;;;;;
446231492072;;;;"Багажники>>>Аксессуары к багажникам M`LinkX";"Дополнительные быстроустанавливаемые поперечины багажника M'LinkX Wave";;;https://static.tildacdn.com/stor3162-3466-4631-a166-353038636531/8441f53ce12233ddbb9c7c6f20a34f92.png;;;;;;vOmA1Bh1kJ4omh1tOttl;;;0;0;0;0;;;;;
134798162212;;A.012.000076;;;"Дополнительные быстроустанавливаемые поперечины багажника M'LinkX Wave - 1080 мм";;;;17150.00;;;"Длина:1080 мм";;xMRyrxFC7xlfnYkNI5mS;446231492072;;0;0;0;0;;;;;
382420611322;;A.012.000045;;;"Дополнительные быстроустанавливаемые поперечины багажника M'LinkX Wave - 1120 мм";;;;17150.00;;;"Длина:1120 мм";;dgNa3xJ3GRJZgMvTDD9m;446231492072;;0;0;0;0;;;;;
348985979272;;A.012.000052;;;"Дополнительные быстроустанавливаемые поперечины багажника M'LinkX Wave - 1160 мм";;;;17150.00;;;"Длина:1160 мм";;6a0jx1AfREm6ord8eg8o;446231492072;;0;0;0;0;;;;;
362421368822;;A.012.000046;;;"Дополнительные быстроустанавливаемые поперечины багажника M'LinkX Wave - 1200 мм";;;;17150.00;;;"Длина:1200 мм";;sJptLzZAgoaGU16tmO83;446231492072;;0;0;0;0;;;;;
437720654012;;A.012.000047;;;"Дополнительные быстроустанавливаемые поперечины багажника M'LinkX Wave - 1240 мм";;;;17150.00;;;"Длина:1240 мм";;zrTiRVkLKX316m4l6oNA;446231492072;;0;0;0;0;;;;;
785570090492;;A.012.000075;;;"Дополнительные быстроустанавливаемые поперечины багажника M'LinkX Wave - 1280 мм";;;;17150.00;;;"Длина:1280 мм";;e2C2mDCmRLoMtfs0717U;446231492072;;0;0;0;0;;;;;
454594999812;;A.012.000074;;;"Дополнительные быстроустанавливаемые поперечины багажника M'LinkX Wave - 1320 мм";;;;17150.00;;;"Длина:1320 мм";;sHZ9UF0BZTRfHgNBLuRY;446231492072;;0;0;0;0;;;;;
762619098692;;A.012.000051;;;"Дополнительные быстроустанавливаемые поперечины багажника M'LinkX Wave - 1400 мм";;;;17150.00;;;"Длина:1400 мм";;Ev9Kut1PAUyXkUvx86HB;446231492072;;0;0;0;0;;;;;
824720894502;;A.012.000048;;"Багажники>>>Аксессуары к багажникам M`LinkX";"Быстросъемные кронштейны M'LinkX Press-fit";"Быстросъемные кронштейны для дополнительного оборудования M'LinkX Press-fit, одна пара";;https://static.tildacdn.com/stor6164-6336-4434-b533-653839613237/5b9fe2071da4c2c59f16f609bad24460.png;28142.00;;;;;gsztF7hzJVGC8Gbk9ihP;;;0;0;0;0;;;;;
865207000892;;A.011.0000006;;"Багажники>>>Аксессуары к багажникам M`LinkX";"Антишумовой дефлектор M'LinkX";"Версия 02";"<ul><li data-list=""bullet"">Совместим только с серией M'LinkX.</li><li data-list=""bullet"">Размер: 1065 × 193 × 60 мм.</li><li data-list=""bullet"">Вес : 0,63 кг.</li><li data-list=""bullet"">Размер упаковки: 1102 × 214 × 125 мм.</li><li data-list=""bullet"">Толщина основной стенки: 3,0 мм.</li><li data-list=""bullet"">Основной материал: P ммA (акрил).</li><li data-list=""bullet"">Материал кронштейна: нейлон PA.</li><li data-list=""bullet"">Снижает шум ветра на крыше и повышает комфорт езды.</li><li data-list=""bullet"">Устойчив к ультрафиолетовому излучению, высокопрочный, не подвержен выцветанию и старению.</li><li data-list=""bullet"">Уникальный трехмерный дизайн, который выделяет его среди аналогичных продуктов на рынке.</li></ul>";https://static.tildacdn.com/stor3230-3964-4935-a432-613637633133/7ede48f7ff784b8ed1211001c73881bb.png;8355.00;;;;;D9MivkSlDffnTJDPlTeC;;;0;0;0;0;;;;;
519801821042;;;;"Багажники>>>Аксессуары к багажникам M`LinkX";"Комплект передней светодиодной оптики M'LinkX Front Light Bar Kit";;"<ul><li data-list=""bullet"">Размеры светильника: 291 мм × 33 мм × 59 мм.</li><li data-list=""bullet"">Регулируемый угол: ±6° по вертикали (при полностью открытой светоизлучающей поверхности).</li><li data-list=""bullet"">Цвет света и функции: белый дальний свет (постоянный), желтый свет окружающей среды.</li><li data-list=""bullet"">Напряжение: 9–36 В постоянного тока.</li><li data-list=""bullet"">Мощность: 51 Вт на лампу при полной мощности; режим габаритного огня: 1,5 Вт.</li><li data-list=""bullet"">Световой поток: фактический 3800 лм.</li><li data-list=""bullet"">Максимальное расстояние освещения: 420 м.</li><li data-list=""bullet"">Уровень ударопрочности: 15G.</li><li data-list=""bullet"">Способ подключения: жгут проводов соединяет обе лампы с одной стороны и аккумулятор автомобиля с другой.</li><li data-list=""bullet"">Степень водонепроницаемости: IP68 / IP69K</li></ul>";https://static.tildacdn.com/stor6433-6438-4637-a366-343030356633/a87335dc5a2fdc89af1f0ca31144ff8c.png;;;;;;BBm2coYVOK5OhPIxzogi;;;0;0;0;0;;;;;
233004620522;;A.012.000104;;;"Комплект передней светодиодной оптики M'LinkX Front Light Bar Kit - 1120 мм";;;;54525.00;;;"Длина:1120 мм";;O9z0fRpBpzavNtkDLSZS;519801821042;;0;0;0;0;;;;;
179380180552;;A.012.000097;;;"Комплект передней светодиодной оптики M'LinkX Front Light Bar Kit - 1160 мм";;;;54525.00;;;"Длина:1160 мм";;CuHSVRhiUjb7YTspmUDG;519801821042;;0;0;0;0;;;;;
975294212052;;A.012.000033;;;"Комплект передней светодиодной оптики M'LinkX Front Light Bar Kit - 1200 мм";;;;54525.00;;;"Длина:1200 мм";;JPLKXObv8xPeXBoBbHYl;519801821042;;0;0;0;0;;;;;
149779898412;;A.012.000034;;;"Комплект передней светодиодной оптики M'LinkX Front Light Bar Kit - 1240 мм";;;;54525.00;;;"Длина:1240 мм";;SJsx9zLOylSSJeoPFnUa;519801821042;;0;0;0;0;;;;;
622946288092;;A.012.000062;;;"Комплект передней светодиодной оптики M'LinkX Front Light Bar Kit - 1280 мм";;;;54525.00;;;"Длина:1280 мм";;fYHnHFgplNH7rFtDLsHA;519801821042;;0;0;0;0;;;;;
560091752002;;A.012.000063;;;"Комплект передней светодиодной оптики M'LinkX Front Light Bar Kit - 1320 мм";;;;54525.00;;;"Длина:1320 мм";;vbGAtHo15bIFdey5JBz2;519801821042;;0;0;0;0;;;;;
236538941492;;A.012.000064;;;"Комплект передней светодиодной оптики M'LinkX Front Light Bar Kit - 1400 мм";;;;54525.00;;;"Длина:1400 мм";;uaMsdYAYXICLMvPkZm2v;519801821042;;0;0;0;0;;;;;
406316335672;;A.012.000031;;"Багажники>>>Аксессуары к багажникам M`LinkX";"Антивандальный замок внутреннего слота M'LinkX";;;https://static.tildacdn.com/stor6264-3634-4237-a664-313831353965/9ecc53648201453162292b3af36c49ab.png;6156.00;;;;;aAcIuvKuxCKAUyoScHVa;;;0;0;0;0;;;;;
421214312672;;A.012.000041;;"Багажники>>>Аксессуары к багажникам M`LinkX";"Боковая декоративная панель M'LinkX Side Decorative Panel";;;https://static.tildacdn.com/stor3962-3530-4235-b864-303431313837/42b77649c1454e4e860450f26a4d83da.png;6156.00;;;;;VcASHFB6JyFp1RonTcZj;;;0;0;0;0;;;;;
522279609972;;A.012.000038;;"Багажники>>>Аксессуары к багажникам M`LinkX";"Встроенная световая полоса (10 дюймов)";;"Перед или зад";https://static.tildacdn.com/stor6630-3034-4335-b763-613062623166/73cd317cd9f6e8a5be52ddfae38b9181.png;34737.00;;;;;VpEzArd22B0mRNJzKGJ0;;;0;0;0;0;;;;;
691405258852;;;;"Роллетные крышки>>>Роллетные крышки AW;Роллетные крышки";"Крышка роллетная Arcane Warrior для RAM";;"<strong>Легкая и прочная алюминиевая крышка для пикапов Arcane Warrior Roll-up cover. Подходит для Dodge RAM 1500 разных модификаций.</strong><br /><br /><ul><li data-list=""bullet"">Удобная конструкция позволяет легко открыть доступ к багажнику пикапа, в закрытом состоянии защищая груз от непогоды и посторонних</li><li data-list=""bullet"">Алюминиевый профиль выглядит стильно и современно</li><li data-list=""bullet"">Встроенная светодиодная подсветка</li><li data-list=""bullet"">Простая установка</li><li data-list=""bullet"">Выдерживает нагрузку на поверхности крышки до 150 кг</li><li data-list=""bullet"">Снабжена надежным замком</li><li data-list=""bullet"">Возможна установка с багажной системой Arcane Warrior Ultra Ridge</li></ul><br /><strong>Характеристики</strong><br /><strong>Размеры</strong>: <br /><strong>Вес</strong>: 46.9кг<br /><strong>Материал</strong>: Алюминиевый сплав 6063-T5<br /><strong>Нагрузка</strong>: 150кг";https://static.tildacdn.com/stor3836-3430-4039-b835-316237336134/e09197d560253221caa619bbd7589273.jpg;;;;;;I77BFaoY68DgMBstV3gP;;RAM;0;0;0;0;;;;;
700178772192;;B.008.000016;;;"Крышка роллетная Arcane Warrior для RAM - 2015 RAM (RamBox)";;;;94715.00;;;"Выберите модель автомобиля:2015 RAM (RamBox)";;hjoAUTOsL0eKI8Y6aRTm;691405258852;;0;0;0;0;;;;;
412003709552;;;;;"Крышка роллетная Arcane Warrior для RAM - 2002–2016 RAM 6.5FT";;;;94715.00;;;"Выберите модель автомобиля:2002–2016 RAM 6.5FT";;IoyubGpLp70gBcNo8SAZ;691405258852;;0;0;0;0;;;;;
581942817742;;;;;"Крышка роллетная Arcane Warrior для RAM - 2009–2018 RAM BIGHORN 6.4FT";;;;94715.00;;;"Выберите модель автомобиля:2009–2018 RAM BIGHORN 6.4FT";;pDZ9zepXdHO6ClgHyUmt;691405258852;;0;0;0;0;;;;;
681865903412;;B.008.000017;;;"Крышка роллетная Arcane Warrior для RAM - 2009–2020 RAM 1500 5.5FT";;;;94715.00;;;"Выберите модель автомобиля:2009–2020 RAM 1500 5.5FT";;XdgCl079lgYXeENzjc83;691405258852;;0;0;0;0;;;;;
926737247602;;B.008.000015;;;"Крышка роллетная Arcane Warrior для RAM - 2019 RAM 1500";;;;94715.00;;;"Выберите модель автомобиля:2019 RAM 1500";;3L21eRooRN6pr70PvZ1h;691405258852;;0;0;0;0;;;;;
855853996792;;;;;"Крышка роллетная Arcane Warrior для RAM - 2019 RAM 1500 6.4FT";;;;94715.00;;;"Выберите модель автомобиля:2019 RAM 1500 6.4FT";;J9AMuyeFUyKhE6m6k6dG;691405258852;;0;0;0;0;;;;;
315376350672;;;;;"Крышка роллетная Arcane Warrior для RAM - 2019 RAM BIGHORN 5.7FT";;;;94715.00;;;"Выберите модель автомобиля:2019 RAM BIGHORN 5.7FT";;xAT9mBboB9Xkv5TeoUaz;691405258852;;0;0;0;0;;;;;
345244409872;;;;;"Крышка роллетная Arcane Warrior для RAM - 2019+ RAM 1500 6.4FT";;;;94715.00;;;"Выберите модель автомобиля:2019+ RAM 1500 6.4FT";;6BgdaUKi1aR9ec5BsKvU;691405258852;;0;0;0;0;;;;;
524263272542;;;;;"Крышка роллетная Arcane Warrior для RAM - 2019 RAM BIGHORN";;;;94715.00;;;"Выберите модель автомобиля:2019 RAM BIGHORN";;2Sa69t278mI6CzkaA0mi;691405258852;;0;0;0;0;;;;;
553435165192;;B.008.000014;;;"Крышка роллетная Arcane Warrior для RAM - 2023 RAM 1500";;;;94715.00;;;"Выберите модель автомобиля:2023 RAM 1500";;IHz0OxKHllaiZMK1CTva;691405258852;;0;0;0;0;;;;;
193417860312;;;;"Роллетные крышки>>>Роллетные крышки AW;Роллетные крышки";"Крышка роллетная Arcane Warrior для Ford Maverick (2012-2022)";;"<strong>Легкая и прочная алюминиевая крышка для пикапов Arcane Warrior Roll-up cover. Подходит для Ford Maverick (2012-2022).</strong><br /><ul><li data-list=""bullet"">Удобная конструкция позволяет легко открыть доступ к багажнику пикапа, в закрытом состоянии защищая груз от непогоды и посторонних</li><li data-list=""bullet"">Алюминиевый профиль выглядит стильно и современно</li><li data-list=""bullet"">Встроенная светодиодная подсветка</li><li data-list=""bullet"">Простая установка</li><li data-list=""bullet"">Выдерживает нагрузку на поверхности крышки до 150 кг</li><li data-list=""bullet"">Снабжена надежным замком</li><li data-list=""bullet"">Возможна установка с багажной системой Arcane Warrior Ultra Ridge</li></ul><br /><strong>Характеристики</strong><br /><strong>Размеры:</strong>#nbsp;<br /><strong>Вес:</strong>#nbsp;46.9кг<br /><strong>Материал:</strong>#nbsp;Алюминиевый сплав 6063-T5<br /><strong>Нагрузка:</strong>#nbsp;150кг";https://static.tildacdn.com/stor3836-3430-4039-b835-316237336134/e09197d560253221caa619bbd7589273.jpg;94715.00;;;;;DsmE6v7ALE4xZJxeT56L;;Ford;0;0;0;0;;;;;
838790672582;;;;"Роллетные крышки>>>Роллетные крышки AW;Роллетные крышки";"Крышка роллетная Arcane Warrior для Nissan Navara";;"<strong>Легкая и прочная алюминиевая крышка для пикапов Arcane Warrior Roll-up cover. Подходит для Nissan Navara.</strong><br /><ul><li data-list=""bullet"">Удобная конструкция позволяет легко открыть доступ к багажнику пикапа, в закрытом состоянии защищая груз от непогоды и посторонних</li><li data-list=""bullet"">Алюминиевый профиль выглядит стильно и современно</li><li data-list=""bullet"">Встроенная светодиодная подсветка</li><li data-list=""bullet"">Простая установка</li><li data-list=""bullet"">Выдерживает нагрузку на поверхности крышки до 150 кг</li><li data-list=""bullet"">Снабжена надежным замком</li><li data-list=""bullet"">Возможна установка с багажной системой Arcane Warrior Ultra Ridge</li></ul><br /><strong>Характеристики</strong><br /><strong>Размеры:</strong>#nbsp;<br /><strong>Вес:</strong>#nbsp;46.9кг<br /><strong>Материал:</strong>#nbsp;Алюминиевый сплав 6063-T5<br /><strong>Нагрузка:</strong>#nbsp;150кг";https://static.tildacdn.com/stor3836-3430-4039-b835-316237336134/e09197d560253221caa619bbd7589273.jpg;;;;;;ZeukhOXOo1gOVYLNrF6g;;Nissan;0;0;0;0;;;;;
724236508672;;;;;"Крышка роллетная Arcane Warrior для Nissan Navara - 2007–2015 Nissan NAVARA / NP300 Double Cab (4-Door)";;;;94715.00;;;"Выберите модель автомобиля:2007–2015 Nissan NAVARA / NP300 Double Cab (4-Door)";;ZON6JygEJiTSpErlIsdG;838790672582;;0;0;0;0;;;;;
796047025462;;B.008.000036;;;"Крышка роллетная Arcane Warrior для Nissan Navara - 2016–2024 Nissan NAVARA / NP300 Double Cab (4-Door)";;;;94715.00;;;"Выберите модель автомобиля:2016–2024 Nissan NAVARA / NP300 Double Cab (4-Door)";;o5N9yuHGr8geOVt45f3v;838790672582;;0;0;0;0;;;;;
336440464582;;;;"Роллетные крышки>>>Роллетные крышки AW;Роллетные крышки";"Крышка роллетная Arcane Warrior для Ford F-150";;"<strong>Легкая и прочная алюминиевая крышка для пикапов Arcane Warrior Roll-up cover. Подходит для Ford F150 различных модификаций.</strong><br /><ul><li data-list=""bullet"">Удобная конструкция позволяет легко открыть доступ к багажнику пикапа, в закрытом состоянии защищая груз от непогоды и посторонних</li><li data-list=""bullet"">Алюминиевый профиль выглядит стильно и современно</li><li data-list=""bullet"">Встроенная светодиодная подсветка</li><li data-list=""bullet"">Простая установка</li><li data-list=""bullet"">Выдерживает нагрузку на поверхности крышки до 150 кг</li><li data-list=""bullet"">Снабжена надежным замком</li><li data-list=""bullet"">Возможна установка с багажной системой Arcane Warrior Ultra Ridge</li></ul><br /><strong>Характеристики</strong><br /><strong>Размеры:</strong>#nbsp;<br /><strong>Вес:</strong>#nbsp;46.9кг<br /><strong>Материал:</strong>#nbsp;Алюминиевый сплав 6063-T5<br /><strong>Нагрузка:</strong>#nbsp;150кг";https://static.tildacdn.com/stor3836-3430-4039-b835-316237336134/e09197d560253221caa619bbd7589273.jpg;;;;;;iKYp9gyxh6HSAxVTEZ4o;;Ford;0;0;0;0;;;;;
494117695292;;;;;"Крышка роллетная Arcane Warrior для Ford F-150 - 2009–2014 Ford F-150 5.5FT Double Cab (4-Door)";;;;94715.00;;;"Выберите модель автомобиля:2009–2014 Ford F-150 5.5FT Double Cab (4-Door)";;8hLNXy9EJk9KmJmzcivK;336440464582;;0;0;0;0;;;;;
940578017522;;;;;"Крышка роллетная Arcane Warrior для Ford F-150 - 2015–2020 Ford F-150 (5.5FT / 6.5FT) Regular / Double Cab";;;;94715.00;;;"Выберите модель автомобиля:2015–2020 Ford F-150 (5.5FT / 6.5FT) Regular / Double Cab";;VFLUJN8bIiMaCxtjB3mO;336440464582;;0;0;0;0;;;;;
828895490232;;;;;"Крышка роллетная Arcane Warrior для Ford F-150 - 2015 Ford F-150 5.5FT";;;;94715.00;;;"Выберите модель автомобиля:2015 Ford F-150 5.5FT";;RYpSJuXd3cRA2TbhGB5a;336440464582;;0;0;0;0;;;;;
493174545512;;B.008.000012;;;"Крышка роллетная Arcane Warrior для Ford F-150 - 2020–2024 Ford F-150";;;;94715.00;;;"Выберите модель автомобиля:2020–2024 Ford F-150";;Hlilidvu1AkHTsEngXHd;336440464582;;0;0;0;0;;;;;
580057022832;;B.008.000013,104-003-004-00;;"Роллетные крышки>>>Роллетные крышки AW;Роллетные крышки";"Крышка роллетная Arcane Warrior для Jeep Gladiator JT (2018-2024)";;"<strong>Легкая и прочная алюминиевая крышка для пикапов Arcane Warrior Roll-up cover. Подходит для Jeep Gladiator JT (2018-2024).</strong><br /><ul><li data-list=""bullet"">Удобная конструкция позволяет легко открыть доступ к багажнику пикапа, в закрытом состоянии защищая груз от непогоды и посторонних</li><li data-list=""bullet"">Алюминиевый профиль выглядит стильно и современно</li><li data-list=""bullet"">Встроенная светодиодная подсветка</li><li data-list=""bullet"">Простая установка</li><li data-list=""bullet"">Выдерживает нагрузку на поверхности крышки до 150 кг</li><li data-list=""bullet"">Снабжена надежным замком</li><li data-list=""bullet"">Возможна установка с багажной системой Arcane Warrior Ultra Ridge</li></ul><br /><strong>Характеристики</strong><br /><strong>Размеры:</strong>#nbsp;<br /><strong>Вес:</strong>#nbsp;46.9кг<br /><strong>Материал:</strong>#nbsp;Алюминиевый сплав 6063-T5<br /><strong>Нагрузка:</strong>#nbsp;150кг";https://static.tildacdn.com/stor3836-3430-4039-b835-316237336134/e09197d560253221caa619bbd7589273.jpg;94715.00;;;;;YliUSegEZub7sEr02VSJ;;Jeep;0;0;0;0;;;;;
933221656782;;;;"Роллетные крышки>>>Роллетные крышки AW;Роллетные крышки";"Крышка роллетная Arcane Warrior для Toyota Hilux";;"<strong>Легкая и прочная алюминиевая крышка для пикапов Arcane Warrior Roll-up cover. Подходит для Toyota Hilux.</strong><br /><ul><li data-list=""bullet"">Удобная конструкция позволяет легко открыть доступ к багажнику пикапа, в закрытом состоянии защищая груз от непогоды и посторонних</li><li data-list=""bullet"">Алюминиевый профиль выглядит стильно и современно</li><li data-list=""bullet"">Встроенная светодиодная подсветка</li><li data-list=""bullet"">Простая установка</li><li data-list=""bullet"">Выдерживает нагрузку на поверхности крышки до 150 кг</li><li data-list=""bullet"">Снабжена надежным замком</li><li data-list=""bullet"">Возможна установка с багажной системой Arcane Warrior Ultra Ridge</li></ul><br /><strong>Характеристики</strong><br /><strong>Размеры:</strong>#nbsp;<br /><strong>Вес:</strong>#nbsp;46.9кг<br /><strong>Материал:</strong>#nbsp;Алюминиевый сплав 6063-T5<br /><strong>Нагрузка:</strong>#nbsp;150кг";https://static.tildacdn.com/stor3836-3430-4039-b835-316237336134/e09197d560253221caa619bbd7589273.jpg;;;;;;bCniyRXhsRtzSTp7sbpi;;Toyota;0;0;0;0;;;;;
702341754602;;B.008.000031;;;"Крышка роллетная Arcane Warrior для Toyota Hilux - 2015 Toyota Hilux REVO";;;;94715.00;;;"Выберите модель автомобиля:2015 Toyota Hilux REVO";;Zg1ph7S8DUzT23tsbSF2;933221656782;;0;0;0;0;;;;;
974493835092;;B.008.000022;;;"Крышка роллетная Arcane Warrior для Toyota Hilux - 2015+ Toyota Hilux REVO";;;;94715.00;;;"Выберите модель автомобиля:2015+ Toyota Hilux REVO";;l6xG2xgKt99DrOvDrDoy;933221656782;;0;0;0;0;;;;;
149542103272;;B.008.000032;;;"Крышка роллетная Arcane Warrior для Toyota Hilux - 2021–2025 Toyota Hilux REVO";;;;94715.00;;;"Выберите модель автомобиля:2021–2025 Toyota Hilux REVO";;J81L7ZbxbN08RmVndNK4;933221656782;;0;0;0;0;;;;;
466258203162;;B.008.000033;;;"Крышка роллетная Arcane Warrior для Toyota Hilux - 2015 Toyota Hilux VIGO";;;;94715.00;;;"Выберите модель автомобиля:2015 Toyota Hilux VIGO";;bm8C4Ao0g8A2B6S5VYA8;933221656782;;0;0;0;0;;;;;
523110993852;;B.008.000034;;;"Крышка роллетная Arcane Warrior для Toyota Hilux - 2009–2014 Toyota Hilux VIGO";;;;94715.00;;;"Выберите модель автомобиля:2009–2014 Toyota Hilux VIGO";;1PceUYkP4FtSauJkkoa6;933221656782;;0;0;0;0;;;;;
850481990502;;;;"Роллетные крышки>>>Роллетные крышки AW;Роллетные крышки";"Крышка роллетная Arcane Warrior для Toyota Tacoma";;"<strong>Легкая и прочная алюминиевая крышка для пикапов Arcane Warrior Roll-up cover. Подходит для Toyota Tacoma.</strong><br /><ul><li data-list=""bullet"">Удобная конструкция позволяет легко открыть доступ к багажнику пикапа, в закрытом состоянии защищая груз от непогоды и посторонних</li><li data-list=""bullet"">Алюминиевый профиль выглядит стильно и современно</li><li data-list=""bullet"">Встроенная светодиодная подсветка</li><li data-list=""bullet"">Простая установка</li><li data-list=""bullet"">Выдерживает нагрузку на поверхности крышки до 150 кг</li><li data-list=""bullet"">Снабжена надежным замком</li><li data-list=""bullet"">Возможна установка с багажной системой Arcane Warrior Ultra Ridge</li></ul><br /><strong>Характеристики</strong><br /><strong>Размеры:</strong>#nbsp;<br /><strong>Вес:</strong>#nbsp;46.9кг<br /><strong>Материал:</strong>#nbsp;Алюминиевый сплав 6063-T5<br /><strong>Нагрузка:</strong>#nbsp;150кг";https://static.tildacdn.com/stor3836-3430-4039-b835-316237336134/e09197d560253221caa619bbd7589273.jpg;;;;;;6Az1x8VJJH2G2AlRTLdd;;Toyota;0;0;0;0;;;;;
667554126052;;B.008.000021;;;"Крышка роллетная Arcane Warrior для Toyota Tacoma - 2016 Toyota Tacoma 6.0FT";;;;94715.00;;;"Выберите модель автомобиля:2016 Toyota Tacoma 6.0FT";;GJCjPtZj6PXovKF619cJ;850481990502;;0;0;0;0;;;;;
343883939262;;B.008.000020;;;"Крышка роллетная Arcane Warrior для Toyota Tacoma - 2016+ Toyota Tacoma 5.0FT";;;;94715.00;;;"Выберите модель автомобиля:2016+ Toyota Tacoma 5.0FT";;HYbBTiNtkyiafY557Vol;850481990502;;0;0;0;0;;;;;
833521248402;;;;;"Крышка роллетная Arcane Warrior для Toyota Tacoma - 2024 Toyota Tacoma 5.0FT / 6.0FT";;;;94715.00;;;"Выберите модель автомобиля:2024 Toyota Tacoma 5.0FT / 6.0FT";;BV8HrU3RO6XOJPvHIkVp;850481990502;;0;0;0;0;;;;;
623189369992;;;;"Роллетные крышки>>>Роллетные крышки AW;Роллетные крышки";"Крышка роллетная Arcane Warrior для Toyota Tundra";;"<strong>Легкая и прочная алюминиевая крышка для пикапов Arcane Warrior Roll-up cover. Подходит для Toyota Tundra.</strong><br /><ul><li data-list=""bullet"">Удобная конструкция позволяет легко открыть доступ к багажнику пикапа, в закрытом состоянии защищая груз от непогоды и посторонних</li><li data-list=""bullet"">Алюминиевый профиль выглядит стильно и современно</li><li data-list=""bullet"">Встроенная светодиодная подсветка</li><li data-list=""bullet"">Простая установка</li><li data-list=""bullet"">Выдерживает нагрузку на поверхности крышки до 150 кг</li><li data-list=""bullet"">Снабжена надежным замком</li><li data-list=""bullet"">Возможна установка с багажной системой Arcane Warrior Ultra Ridge</li></ul><br /><strong>Характеристики</strong><br /><strong>Размеры</strong>: 1720*1722*292мм<br /><strong>Вес</strong>: 46.9кг<br /><strong>Материал</strong>: Алюминиевый сплав 6063-T5<br /><strong>Нагрузка</strong>: 150кг";https://static.tildacdn.com/stor3836-3430-4039-b835-316237336134/e09197d560253221caa619bbd7589273.jpg;;;;;;Jpp3Yy0gg2cTZlocePf3;;Toyota;0;0;0;0;;;;;
358657384302;;;;;"Крышка роллетная Arcane Warrior для Toyota Tundra - 2010 Toyota Tundra 6.5FT";;;;94715.00;;;"Выберите модель автомобиля:2010 Toyota Tundra 6.5FT";;nVfkehR7D57UG3zSnScy;623189369992;;0;0;0;0;;;;;
840228676102;;;;;"Крышка роллетная Arcane Warrior для Toyota Tundra - 2007–2021 Toyota Tundra 6.0FT / 5.0FT";;;;94715.00;;;"Выберите модель автомобиля:2007–2021 Toyota Tundra 6.0FT / 5.0FT";;LrVMt2GJkPMPL3ZCjav5;623189369992;;0;0;0;0;;;;;
566955962312;;;;;"Крышка роллетная Arcane Warrior для Toyota Tundra - 2010 Toyota Tundra 5.5FT";;;;94715.00;;;"Выберите модель автомобиля:2010 Toyota Tundra 5.5FT";;kvvMsG3R49HcYIFnlS6g;623189369992;;0;0;0;0;;;;;
851542830382;;B.008.000018;;;"Крышка роллетная Arcane Warrior для Toyota Tundra - 2010–2021 Toyota Tundra 5.5FT";;;;94715.00;;;"Выберите модель автомобиля:2010–2021 Toyota Tundra 5.5FT";;3IMIfGlP3Toj1S7u0mT2;623189369992;;0;0;0;0;;;;;
690484297822;;B.008.000019;;;"Крышка роллетная Arcane Warrior для Toyota Tundra - 2022 Toyota Tundra";;;;94715.00;;;"Выберите модель автомобиля:2022 Toyota Tundra";;1yiuvgVJ1V0yjHusZTPO;623189369992;;0;0;0;0;;;;;
421544694222;;;;"Роллетные крышки>>>Роллетные крышки AW;Роллетные крышки";"Крышка роллетная Arcane Warrior для Chevrolet Silverado";;"<strong>Легкая и прочная алюминиевая крышка для пикапов Arcane Warrior Roll-up cover. Подходит для Chevrolet Silverado.</strong><br /><ul><li data-list=""bullet"">Удобная конструкция позволяет легко открыть доступ к багажнику пикапа, в закрытом состоянии защищая груз от непогоды и посторонних</li><li data-list=""bullet"">Алюминиевый профиль выглядит стильно и современно</li><li data-list=""bullet"">Встроенная светодиодная подсветка</li><li data-list=""bullet"">Простая установка</li><li data-list=""bullet"">Выдерживает нагрузку на поверхности крышки до 150 кг</li><li data-list=""bullet"">Снабжена надежным замком</li><li data-list=""bullet"">Возможна установка с багажной системой Arcane Warrior Ultra Ridge</li></ul><br /><strong>Характеристики</strong><br /><strong>Размеры:</strong>#nbsp;<br /><strong>Вес:</strong>#nbsp;46.9кг<br /><strong>Материал:</strong>#nbsp;Алюминиевый сплав 6063-T5<br /><strong>Нагрузка:</strong>#nbsp;150кг";https://static.tildacdn.com/stor3836-3430-4039-b835-316237336134/e09197d560253221caa619bbd7589273.jpg;;;;;;EFGAhMH4SkVriDgvYfU9;;Chevrolet;0;0;0;0;;;;;
297972661782;;;;;"Крышка роллетная Arcane Warrior для Chevrolet Silverado - 2014 Chevrolet Silverado 5.8FT";;;;94715.00;;;"Выберите модель автомобиля:2014 Chevrolet Silverado 5.8FT";;m9xCmzelEPP6xttLxzZZ;421544694222;;0;0;0;0;;;;;
937550770012;;;;;"Крышка роллетная Arcane Warrior для Chevrolet Silverado - 2014 Chevrolet Silverado 6.5FT";;;;94715.00;;;"Выберите модель автомобиля:2014 Chevrolet Silverado 6.5FT";;uoL7OlCbcudJKd8f4AdK;421544694222;;0;0;0;0;;;;;
279506646282;;;;;"Крышка роллетная Arcane Warrior для Chevrolet Silverado - 2014–2018 Chevrolet Silverado";;;;94715.00;;;"Выберите модель автомобиля:2014–2018 Chevrolet Silverado";;J9b1TOrGX05jIl5uVYdd;421544694222;;0;0;0;0;;;;;
480669593662;;;;;"Крышка роллетная Arcane Warrior для Chevrolet Silverado - 2014 Chevrolet Silverado 1500 5.8FT";;;;94715.00;;;"Выберите модель автомобиля:2014 Chevrolet Silverado 1500 5.8FT";;30YaeUcbCCtNg2LfiaYS;421544694222;;0;0;0;0;;;;;
410256295212;;;;;"Крышка роллетная Arcane Warrior для Chevrolet Silverado - 2015–2018 Chevrolet Silverado 1500 5.8FT";;;;94715.00;;;"Выберите модель автомобиля:2015–2018 Chevrolet Silverado 1500 5.8FT";;JDG7mbHpGaDe4sLuZX6Z;421544694222;;0;0;0;0;;;;;
598926008602;;;;;"Крышка роллетная Arcane Warrior для Chevrolet Silverado - 2015–2018 Chevrolet Silverado 6.5FT";;;;94715.00;;;"Выберите модель автомобиля:2015–2018 Chevrolet Silverado 6.5FT";;AHS0kZ08D0Lbs6p5px28;421544694222;;0;0;0;0;;;;;
415273484532;;;;;"Крышка роллетная Arcane Warrior для Chevrolet Silverado - 2019–2022 Chevrolet Silverado 5.8FT";;;;94715.00;;;"Выберите модель автомобиля:2019–2022 Chevrolet Silverado 5.8FT";;R8KiMHiuLgipjKLJECrX;421544694222;;0;0;0;0;;;;;
508143692652;;;;;"Крышка роллетная Arcane Warrior для Chevrolet Silverado - 2019–2022 Chevrolet Silverado 6.5FT";;;;94715.00;;;"Выберите модель автомобиля:2019–2022 Chevrolet Silverado 6.5FT";;0gnpHODhggHPC3R0AShD;421544694222;;0;0;0;0;;;;;
517339043512;;;;"Роллетные крышки>>>Роллетные крышки AW;Роллетные крышки";"Крышка роллетная Arcane Warrior для Chevrolet Montana (2012-2024)";;"<strong>Легкая и прочная алюминиевая крышка для пикапов Arcane Warrior Roll-up cover. Подходит для Chevrolet Montana (2012-2024).</strong><br /><ul><li data-list=""bullet"">Удобная конструкция позволяет легко открыть доступ к багажнику пикапа, в закрытом состоянии защищая груз от непогоды и посторонних</li><li data-list=""bullet"">Алюминиевый профиль выглядит стильно и современно</li><li data-list=""bullet"">Встроенная светодиодная подсветка</li><li data-list=""bullet"">Простая установка</li><li data-list=""bullet"">Выдерживает нагрузку на поверхности крышки до 150 кг</li><li data-list=""bullet"">Снабжена надежным замком</li><li data-list=""bullet"">Возможна установка с багажной системой Arcane Warrior Ultra Ridge</li></ul><br /><strong>Характеристики</strong><br /><strong>Размеры:</strong>#nbsp;<br /><strong>Вес:</strong>#nbsp;46.9кг<br /><strong>Материал:</strong>#nbsp;Алюминиевый сплав 6063-T5<br /><strong>Нагрузка:</strong>#nbsp;150кг";https://static.tildacdn.com/stor3836-3430-4039-b835-316237336134/e09197d560253221caa619bbd7589273.jpg;94715.00;;;;;VRJ5JXDk3OzJ7NZJXdJe;;Chevrolet;0;0;0;0;;;;;
183360486852;;B.008.000023;;"Роллетные крышки>>>Роллетные крышки AW;Роллетные крышки";"Крышка роллетная Arcane Warrior для Volkswagen Amarok 2010+";;"<strong>Легкая и прочная алюминиевая крышка для пикапов Arcane Warrior Roll-up cover. Подходит для Volkswagen Amarok 2010+.</strong><br /><ul><li data-list=""bullet"">Удобная конструкция позволяет легко открыть доступ к багажнику пикапа, в закрытом состоянии защищая груз от непогоды и посторонних</li><li data-list=""bullet"">Алюминиевый профиль выглядит стильно и современно</li><li data-list=""bullet"">Встроенная светодиодная подсветка</li><li data-list=""bullet"">Простая установка</li><li data-list=""bullet"">Выдерживает нагрузку на поверхности крышки до 150 кг</li><li data-list=""bullet"">Снабжена надежным замком</li><li data-list=""bullet"">Возможна установка с багажной системой Arcane Warrior Ultra Ridge</li></ul><br /><strong>Характеристики</strong><br /><strong>Размеры:</strong>#nbsp;<br /><strong>Вес:</strong>#nbsp;46.9кг<br /><strong>Материал:</strong>#nbsp;Алюминиевый сплав 6063-T5<br /><strong>Нагрузка:</strong>#nbsp;150кг";https://static.tildacdn.com/stor3836-3430-4039-b835-316237336134/e09197d560253221caa619bbd7589273.jpg;94715.00;;;;;oMtaLPY3ohjIxmxg4YGn;;Volkswagen;0;0;0;0;;;;;
624734229372;;;;"Роллетные крышки>>>Роллетные крышки AW;Роллетные крышки";"Крышка роллетная Arcane Warrior для SsangYong Musso";;"<strong>Легкая и прочная алюминиевая крышка для пикапов Arcane Warrior Roll-up cover. Подходит для SsangYong Musso.</strong><br /><ul><li data-list=""bullet"">Удобная конструкция позволяет легко открыть доступ к багажнику пикапа, в закрытом состоянии защищая груз от непогоды и посторонних</li><li data-list=""bullet"">Алюминиевый профиль выглядит стильно и современно</li><li data-list=""bullet"">Встроенная светодиодная подсветка</li><li data-list=""bullet"">Простая установка</li><li data-list=""bullet"">Выдерживает нагрузку на поверхности крышки до 150 кг</li><li data-list=""bullet"">Снабжена надежным замком</li><li data-list=""bullet"">Возможна установка с багажной системой Arcane Warrior Ultra Ridge</li></ul><br /><strong>Характеристики</strong><br /><strong>Размеры:</strong>#nbsp;<br /><strong>Вес:</strong>#nbsp;46.9кг<br /><strong>Материал:</strong>#nbsp;Алюминиевый сплав 6063-T5<br /><strong>Нагрузка:</strong>#nbsp;150кг";https://static.tildacdn.com/stor3836-3430-4039-b835-316237336134/e09197d560253221caa619bbd7589273.jpg;;;;;;2dARxyPmrR8r9Cage2dB;;SsangYong;0;0;0;0;;;;;
860977411972;;;;;"Крышка роллетная Arcane Warrior для SsangYong Musso - 2019+ SsangYong MUSSO (Long Bed)";;;;94715.00;;;"Выберите модель автомобиля:2019+ SsangYong MUSSO (Long Bed)";;doSHcjPAHra1vNDHm4YP;624734229372;;0;0;0;0;;;;;
500273444712;;;;;"Крышка роллетная Arcane Warrior для SsangYong Musso - 2019 SsangYong MUSSO (Standard Bed)";;;;94715.00;;;"Выберите модель автомобиля:2019 SsangYong MUSSO (Standard Bed)";;ZVytecZ8KEoBJboCPXOl;624734229372;;0;0;0;0;;;;;
509453988932;;;;"Роллетные крышки>>>Роллетные крышки AW;Роллетные крышки";"Крышка роллетная Arcane Warrior для GMC Sierra";;"<strong>Легкая и прочная алюминиевая крышка для пикапов Arcane Warrior Roll-up cover. Подходит для GMC Sierra.</strong><br /><ul><li data-list=""bullet"">Удобная конструкция позволяет легко открыть доступ к багажнику пикапа, в закрытом состоянии защищая груз от непогоды и посторонних</li><li data-list=""bullet"">Алюминиевый профиль выглядит стильно и современно</li><li data-list=""bullet"">Встроенная светодиодная подсветка</li><li data-list=""bullet"">Простая установка</li><li data-list=""bullet"">Выдерживает нагрузку на поверхности крышки до 150 кг</li><li data-list=""bullet"">Снабжена надежным замком</li><li data-list=""bullet"">Возможна установка с багажной системой Arcane Warrior Ultra Ridge</li></ul><br /><strong>Характеристики</strong><br /><strong>Размеры:</strong>#nbsp;<br /><strong>Вес:</strong>#nbsp;46.9кг<br /><strong>Материал:</strong>#nbsp;Алюминиевый сплав 6063-T5<br /><strong>Нагрузка:</strong>#nbsp;150кг";https://static.tildacdn.com/stor3836-3430-4039-b835-316237336134/e09197d560253221caa619bbd7589273.jpg;;;;;;vAeIZAfDiabgrPydX9pS;;GMC;0;0;0;0;;;;;
756969982672;;;;;"Крышка роллетная Arcane Warrior для GMC Sierra - 2015–2019 GMC 2500 6.8FT";;;;94715.00;;;"Выберите модель автомобиля:2015–2019 GMC 2500 6.8FT";;JeUJr2hvf6BGD53IZmrt;509453988932;;0;0;0;0;;;;;
502766528092;;;;;"Крышка роллетная Arcane Warrior для GMC Sierra - 2019 GMC SIERRA 2500 6.9FT";;;;94715.00;;;"Выберите модель автомобиля:2019 GMC SIERRA 2500 6.9FT";;SxMpjtseXUuYRVaXvU2X;509453988932;;0;0;0;0;;;;;
781329637552;;;;"Роллетные крышки>>>Роллетные крышки AW;Роллетные крышки";"Крышка роллетная Arcane Warrior для Ford Ranger";;"<strong>Легкая и прочная алюминиевая крышка для пикапов Arcane Warrior Roll-up cover. Подходит для Ford Ranger разных модификаций.</strong><br /><ul><li data-list=""bullet"">Удобная конструкция позволяет легко открыть доступ к багажнику пикапа, в закрытом состоянии защищая груз от непогоды и посторонних</li><li data-list=""bullet"">Алюминиевый профиль выглядит стильно и современно</li><li data-list=""bullet"">Встроенная светодиодная подсветка</li><li data-list=""bullet"">Простая установка</li><li data-list=""bullet"">Выдерживает нагрузку на поверхности крышки до 150 кг</li><li data-list=""bullet"">Снабжена надежным замком</li><li data-list=""bullet"">Возможна установка с багажной системой Arcane Warrior Ultra Ridge</li></ul><br /><strong>Характеристики</strong><br /><strong>Размеры:</strong>#nbsp;1515*1552*292мм<br /><strong>Вес:</strong>#nbsp;43кг<br /><strong>Материал:</strong>#nbsp;алюминиевый сплав 6063-T5<br /><strong>Допустимая нагрузка:#nbsp;</strong>150 кг<br /><strong>Подходит для пикапов:</strong>#nbsp;Ford Ranger";https://static.tildacdn.com/stor3836-3430-4039-b835-316237336134/e09197d560253221caa619bbd7589273.jpg;;;;;;xLhhhkJTtIoF7bH5yefh;;Ford;0;0;0;0;;;;;
611413487652;;;;;"Крышка роллетная Arcane Warrior для Ford Ranger - 2022 Ford MAVERICK";;;;94715.00;;;"Выберите модель автомобиля:2022 Ford MAVERICK";;na3nxm4pux9zkxAffMxo;781329637552;;0;0;0;0;;;;;
240249810822;;;;;"Крышка роллетная Arcane Warrior для Ford Ranger - 2015–2021 Ford RANGER WILDTRAK";;;;94715.00;;;"Выберите модель автомобиля:2015–2021 Ford RANGER WILDTRAK";;0RrOPS7fVt39IfZ9roA9;781329637552;;0;0;0;0;;;;;
582778706302;;;;;"Крышка роллетная Arcane Warrior для Ford Ranger - 2012–2015 Ford RANGER WILDTRAK";;;;94715.00;;;"Выберите модель автомобиля:2012–2015 Ford RANGER WILDTRAK";;U99OtvU2kfEhxPxEz2Si;781329637552;;0;0;0;0;;;;;
184177304002;;B.008.000010;;;"Крышка роллетная Arcane Warrior для Ford Ranger - 2022+ Ford RANGER (without factory rollover bar)";;;;94715.00;;;"Выберите модель автомобиля:2022+ Ford RANGER (without factory rollover bar)";;FN5gpdbgklr2ktIJRKB3;781329637552;;0;0;0;0;;;;;
966100850692;;B.008.000035;;;"Крышка роллетная Arcane Warrior для Ford Ranger - 2022+ Ford RANGER WILDTRAK";;;;94715.00;;;"Выберите модель автомобиля:2022+ Ford RANGER WILDTRAK";;V6SXdPobR4Yi34vDMLdd;781329637552;;0;0;0;0;;;;;
328233948512;;B.008.000011;;;"Крышка роллетная Arcane Warrior для Ford Ranger - 2022+ Ford RANGER (with factory rollover bar)";;;;94715.00;;;"Выберите модель автомобиля:2022+ Ford RANGER (with factory rollover bar)";;36s8PzrIa0iBInR7V8lR;781329637552;;0;0;0;0;;;;;
960422568042;;;;"Роллетные крышки>>>Роллетные крышки AW;Роллетные крышки";"Крышка роллетная Arcane Warrior для Isuzu D-MAX";;"<strong>Легкая и прочная алюминиевая крышка для пикапов Arcane Warrior Roll-up cover. Подходит для Isuzu D-MAX.</strong><br /><ul><li data-list=""bullet"">Удобная конструкция позволяет легко открыть доступ к багажнику пикапа, в закрытом состоянии защищая груз от непогоды и посторонних</li><li data-list=""bullet"">Алюминиевый профиль выглядит стильно и современно</li><li data-list=""bullet"">Встроенная светодиодная подсветка</li><li data-list=""bullet"">Простая установка</li><li data-list=""bullet"">Выдерживает нагрузку на поверхности крышки до 150 кг</li><li data-list=""bullet"">Снабжена надежным замком</li><li data-list=""bullet"">Возможна установка с багажной системой Arcane Warrior Ultra Ridge</li></ul><br /><strong>Характеристики</strong><br /><strong>Размеры:</strong>#nbsp;<br /><strong>Вес:</strong>#nbsp;46.9кг<br /><strong>Материал:</strong>#nbsp;Алюминиевый сплав 6063-T5<br /><strong>Нагрузка:</strong>#nbsp;150кг";https://static.tildacdn.com/stor3836-3430-4039-b835-316237336134/e09197d560253221caa619bbd7589273.jpg;;;;;;FnYM5K5UoBA9dVVb2Yxh;;Isuzu;0;0;0;0;;;;;
965450073392;;B.008.000026;;;"Крышка роллетная Arcane Warrior для Isuzu D-MAX - 2021+ Isuzu D-MAX";;;;94715.00;;;"Выберите модель автомобиля:2021+ Isuzu D-MAX";;V5eaNyyhFLPApG4sF6h2;960422568042;;0;0;0;0;;;;;
309611771232;;;;;"Крышка роллетная Arcane Warrior для Isuzu D-MAX - 2021+ Isuzu D-MAX (with plastic roll bar)";;;;94715.00;;;"Выберите модель автомобиля:2021+ Isuzu D-MAX (with plastic roll bar)";;L5kHNslGX4Axo4IvMycS;960422568042;;0;0;0;0;;;;;
283740394272;;;;;"Крышка роллетная Arcane Warrior для Isuzu D-MAX - 2013–2023 Isuzu D-MAX (Middle East version with guard rail)";;;;94715.00;;;"Выберите модель автомобиля:2013–2023 Isuzu D-MAX (Middle East version with guard rail)";;9VDTNUfzEA5l4ME70tFb;960422568042;;0;0;0;0;;;;;
429162180712;;;;"Роллетные крышки>>>Роллетные крышки AW;Роллетные крышки";"Крышка роллетная Arcane Warrior для Mitsubishi Triton";;"<strong>Легкая и прочная алюминиевая крышка для пикапов Arcane Warrior Roll-up cover. Подходит для Mitsubishi Triton.</strong><br /><ul><li data-list=""bullet"">Удобная конструкция позволяет легко открыть доступ к багажнику пикапа, в закрытом состоянии защищая груз от непогоды и посторонних</li><li data-list=""bullet"">Алюминиевый профиль выглядит стильно и современно</li><li data-list=""bullet"">Встроенная светодиодная подсветка</li><li data-list=""bullet"">Простая установка</li><li data-list=""bullet"">Выдерживает нагрузку на поверхности крышки до 150 кг</li><li data-list=""bullet"">Снабжена надежным замком</li><li data-list=""bullet"">Возможна установка с багажной системой Arcane Warrior Ultra Ridge</li></ul><br /><strong>Характеристики</strong><br /><strong>Размеры:</strong>#nbsp;<br /><strong>Вес:</strong>#nbsp;46.9кг<br /><strong>Материал:</strong>#nbsp;Алюминиевый сплав 6063-T5<br /><strong>Нагрузка:</strong>#nbsp;150кг";https://static.tildacdn.com/stor3836-3430-4039-b835-316237336134/e09197d560253221caa619bbd7589273.jpg;;;;;;OuYVI42ESF1UdCKZ9UaD;;Mitsubishi;0;0;0;0;;;;;
537764747112;;;;;"Крышка роллетная Arcane Warrior для Mitsubishi Triton - 2015/ 2022 Mitsubishi TRITON";;;;94715.00;;;"Выберите модель автомобиля:2015/ 2022 Mitsubishi TRITON";;lh72SaZVBGuRniujOJKs;429162180712;;0;0;0;0;;;;;
535316252772;;B.008.000025;;;"Крышка роллетная Arcane Warrior для Mitsubishi Triton - 2024 Mitsubishi TRITON (without sport bar)";;;;94715.00;;;"Выберите модель автомобиля:2024 Mitsubishi TRITON (without sport bar)";;zF3IZjfsMrGYzUsJlSyK;429162180712;;0;0;0;0;;;;;
535319175822;;B.008.000024;;;"Крышка роллетная Arcane Warrior для Mitsubishi Triton - 2024 Mitsubishi TRITON (with factory rollover bar)";;;;94715.00;;;"Выберите модель автомобиля:2024 Mitsubishi TRITON (with factory rollover bar)";;Kiz38SySoeiU6ukN9mRU;429162180712;;0;0;0;0;;;;;
357568294522;;;;"Роллетные крышки>>>Роллетные крышки XRD;Роллетные крышки";"Роллетная крышка XRD для Ford F150 (2021+)";;"Размеры упаковки: 1750*1520";https://static.tildacdn.com/stor3836-3430-4039-b835-316237336134/e09197d560253221caa619bbd7589273.jpg;;;;;;cMlMk4DApaslAX1Dbdp1;;Ford;0;0;0;0;;;;;
434157200482;;JL-F1750-M;;;"Роллетная крышка XRD для Ford F150 (2021+) - Ручной с пружинным механизмом";;;;225720.00;;;"Выберите тип роллеты:Ручной с пружинным механизмом";;hTnb2oKoiOjrrOS8hVD7;357568294522;;0;0;0;0;;;;;
121968097012;;JL-F1750-E;;;"Роллетная крышка XRD для Ford F150 (2021+) - Электропривод с ДУ";;;;251370.00;;;"Выберите тип роллеты:Электропривод с ДУ";;CDFeOLtnGSpJBiZSJ6mR;357568294522;;0;0;0;0;;;;;
124593875222;;A.001.000305;;"Багажники>>>Багажники M’linkX;Багажники";"Багажник экспедиционный M'LinkX для Suzuki Jimny 4 двери (2023-2025)";;"Компания Arcane Warrior представляет обновлённую багажную платформу M’linkX Roof Rack 2.0 для установки на автомобиль с заводскими рейлингами — модульную систему нового поколения, разработанную для путешествий, экспедиций и повседневного использования.<br /><br />Новая платформа была протестирована в реальных условиях на маршрутах Внутренней Монголии. За время испытаний было пройдено почти 900 миль, что позволило подтвердить надёжность конструкции и удобство эксплуатации в различных сценариях — от длительных автономных поездок до ежедневных маршрутов.<br /><br />M’linkX Roof Rack 2.0 — это не просто багажник, а универсальная платформа, адаптирующаяся под образ жизни владельца. Система поддерживает установку световых комплектов Light Bar Kits, обеспечивая дополнительное освещение и комфорт в пути.<br /><br />Ключевая особенность платформы — запатентованная система быстрого крепления. Установка и замена аксессуаров занимают всего несколько секунд и не требуют сверления или вмешательства в конструкцию автомобиля, сохраняя его целостность и внешний вид.<br /><br />M’linkX Roof Rack 2.0 сочетает в себе функциональность, продуманную модульность и фирменный подход Arcane Warrior к надёжности и свободе передвижения<br /><br /><strong>Основные особенности: </strong><br /><ul><li data-list=""bullet"">Тонкий профиль толщиной всего 3.7см из прочного алюминиевого сплава</li><li data-list=""bullet"">Вес в 2-3 раза легче аналогов при максимальной нагрузке 350кг.</li><li data-list=""bullet"">Уникальная система расширения: добавь необходимое количество поперечин, пристегни оборудование и дополнительный свет за минуту.</li><li data-list=""bullet"">Эстетичный дизайн выделяет ваш автомобиль в потоке.</li></ul>";https://static.tildacdn.com/stor3537-3264-4864-b561-383862623362/306a0078099c9eea7bb05138c8659dc0.png;141237.00;;;;;IGcAZAZ5o6VOhFUoC0Vf;;Zeekr;0;0;0;0;;;;;
106954177302;;;;"Роллетные крышки>>>Роллетные крышки XRD;Роллетные крышки";"Роллетная крышка XRD для Ford Ranger (2024+)";;"Размеры упаковки: 1516*1320";https://static.tildacdn.com/stor3836-3430-4039-b835-316237336134/e09197d560253221caa619bbd7589273.jpg;;;;;;d6Pm4uGlG6sExovJs0Hp;;Ford;0;0;0;0;;;;;
136668784872;;JL-Y1516-M;;;"Роллетная крышка XRD для Ford Ranger (2024+) - Ручной с пружинным механизмом";;;;207765.00;;;"Выберите тип роллеты:Ручной с пружинным механизмом";;asdmPS5zs1bx6rNM3kN7;106954177302;;0;0;0;0;;;;;
596957894612;;JL-Y1516-E;;;"Роллетная крышка XRD для Ford Ranger (2024+) - Электропривод с ДУ";;;;228285.00;;;"Выберите тип роллеты:Электропривод с ДУ";;8ea5YaPNc5mMA8O6H8FL;106954177302;;0;0;0;0;;;;;
599203192922;;;;"Роллетные крышки>>>Роллетные крышки XRD;Роллетные крышки";"Роллетная крышка XRD для Toyota Tundra (2021+)";;"Размеры упаковки: 1750*1530";https://static.tildacdn.com/stor3836-3430-4039-b835-316237336134/e09197d560253221caa619bbd7589273.jpg;;;;;;hAYOceUlvG8G2BY12sbp;;Toyota;0;0;0;0;;;;;
974931661262;;JL-T1750-M;;;"Роллетная крышка XRD для Toyota Tundra (2021+) - Ручной с пружинным механизмом";;;;225720.00;;;"Выберите тип роллеты:Ручной с пружинным механизмом";;08EPZcxBBxXr64ji9sdU;599203192922;;0;0;0;0;;;;;
438732148172;;JL-T1750-E;;;"Роллетная крышка XRD для Toyota Tundra (2021+) - Электропривод с ДУ";;;;251370.00;;;"Выберите тип роллеты:Электропривод с ДУ";;VYkx5C5zF64aLPCDmGcz;599203192922;;0;0;0;0;;;;;
971595168352;;;;"Роллетные крышки>>>Роллетные крышки XRD;Роллетные крышки";"Роллетная крышка XRD для Toyota Tacoma (2024+)";;"Размеры упаковки: 1516*1320";https://static.tildacdn.com/stor3836-3430-4039-b835-316237336134/e09197d560253221caa619bbd7589273.jpg;;;;;;OpUlxnVSX668ZbXEHxOi;;Toyota;0;0;0;0;;;;;
351662946612;;JL-X1592-M;;;"Роллетная крышка XRD для Toyota Tacoma (2024+) - Ручной с пружинным механизмом";;;;207765.00;;;"Выберите тип роллеты:Ручной с пружинным механизмом";;tTrACF6dFSY8OBgeVxtE;971595168352;;0;0;0;0;;;;;
976042610032;;JL-X1592-E;;;"Роллетная крышка XRD для Toyota Tacoma (2024+) - Электропривод с ДУ";;;;228285.00;;;"Выберите тип роллеты:Электропривод с ДУ";;VzfH5vC1rr7eU86NbNZD;971595168352;;0;0;0;0;;;;;
976234071882;;;;"Роллетные крышки>>>Роллетные крышки XRD;Роллетные крышки";"Роллетная крышка XRD для Toyota Hilux (2021+)";;"Размеры упаковки: 1516*1320";https://static.tildacdn.com/stor3836-3430-4039-b835-316237336134/e09197d560253221caa619bbd7589273.jpg;;;;;;3PB7cDls6JZGd6Dt6mC8;;Toyota;0;0;0;0;;;;;
801770966192;;JL-H1592-M;;;"Роллетная крышка XRD для Toyota Hilux (2021+) - Ручной с пружинным механизмом";;;;207765.00;;;"Выберите тип роллеты:Ручной с пружинным механизмом";;0TsZGHgJB8r7MZOor2XE;976234071882;;0;0;0;0;;;;;
564578201222;;JL-H1592-E;;;"Роллетная крышка XRD для Toyota Hilux (2021+) - Электропривод с ДУ";;;;228285.00;;;"Выберите тип роллеты:Электропривод с ДУ";;ToLjHZ2kZsAAFj3R9U1H;976234071882;;0;0;0;0;;;;;
531154280042;;;;"Роллетные крышки>>>Роллетные крышки XRD;Роллетные крышки";"Роллетная крышка XRD для Chevrolet Silverado (2019+)";;"Размеры упаковки: 1750*1530";https://static.tildacdn.com/stor3836-3430-4039-b835-316237336134/e09197d560253221caa619bbd7589273.jpg;;;;;;XGmG6YJjCG22mUoeScsx;;Chevrolet;0;0;0;0;;;;;
793837110332;;JL-D1815-M;;;"Роллетная крышка XRD для Chevrolet Silverado (2019+) - Ручной с пружинным механизмом";;;;225720.00;;;"Выберите тип роллеты:Ручной с пружинным механизмом";;KeAFNVBjIKFcHz8TnKLH;531154280042;;0;0;0;0;;;;;
710383268662;;JL-D1815-E;;;"Роллетная крышка XRD для Chevrolet Silverado (2019+) - Электропривод с ДУ";;;;251370.00;;;"Выберите тип роллеты:Электропривод с ДУ";;Zez0Myk1XvhUZ5SDNgAY;531154280042;;0;0;0;0;;;;;
926374200412;;;;"Роллетные крышки>>>Роллетные крышки XRD;Роллетные крышки";"Роллетная крышка XRD для Chevrolet Colorado (2023+)";;"Размеры упаковки: 1516*1320";https://static.tildacdn.com/stor3836-3430-4039-b835-316237336134/e09197d560253221caa619bbd7589273.jpg;;;;;;YKoRh4SoINEv3hu77VzY;;Chevrolet;0;0;0;0;;;;;
657916527262;;JL-K1592-M;;;"Роллетная крышка XRD для Chevrolet Colorado (2023+) - Ручной с пружинным механизмом";;;;207765.00;;;"Выберите тип роллеты:Ручной с пружинным механизмом";;tcEipNLf69kkB7YF8zkn;926374200412;;0;0;0;0;;;;;
868545160752;;JL-K1592-E;;;"Роллетная крышка XRD для Chevrolet Colorado (2023+) - Электропривод с ДУ";;;;228285.00;;;"Выберите тип роллеты:Электропривод с ДУ";;AsunP7r5elmHLUnEfNns;926374200412;;0;0;0;0;;;;;
721143471582;;;;"Роллетные крышки>>>Роллетные крышки XRD;Роллетные крышки";"Роллетная крышка XRD для GMC Sierra (2019+)";;"Размеры упаковки: 1815*1520";https://static.tildacdn.com/stor3836-3430-4039-b835-316237336134/e09197d560253221caa619bbd7589273.jpg;;;;;;sgsMmL8CaaMJMKdPiVhY;;GMC;0;0;0;0;;;;;
488123963672;;JL-L1815-M;;;"Роллетная крышка XRD для GMC Sierra (2019+) - Ручной с пружинным механизмом";;;;225720.00;;;"Выберите тип роллеты:Ручной с пружинным механизмом";;5FJf6JFFeUbcbNpy47AD;721143471582;;0;0;0;0;;;;;
746156066772;;JL-L1815-E;;;"Роллетная крышка XRD для GMC Sierra (2019+) - Электропривод с ДУ";;;;251370.00;;;"Выберите тип роллеты:Электропривод с ДУ";;vjskrChzi2d9zbu4eJU0;721143471582;;0;0;0;0;;;;;
217338969882;;;;"Роллетные крышки>>>Роллетные крышки XRD;Роллетные крышки";"Роллетная крышка XRD для GMC Canyon (2023+)";;"Размеры упаковки: 1516*1320";https://static.tildacdn.com/stor3836-3430-4039-b835-316237336134/e09197d560253221caa619bbd7589273.jpg;;;;;;xKlDs1PtnhURoAIL3TNL;;GMC;0;0;0;0;;;;;
818469775692;;JL-C1592-M;;;"Роллетная крышка XRD для GMC Canyon (2023+) - Ручной с пружинным механизмом";;;;207765.00;;;"Выберите тип роллеты:Ручной с пружинным механизмом";;AsV76znMvYk55BFnE5XN;217338969882;;0;0;0;0;;;;;
960234572132;;JL-C1592-E;;;"Роллетная крышка XRD для GMC Canyon (2023+) - Электропривод с ДУ";;;;228285.00;;;"Выберите тип роллеты:Электропривод с ДУ";;usZkGZMSekOVTcZdEhFe;217338969882;;0;0;0;0;;;;;
565019970662;;;;"Роллетные крышки>>>Роллетные крышки XRD;Роллетные крышки";"Роллетная крышка XRD для RAM 1500 (2019+)";;"Размеры упаковки: 1770*1520";https://static.tildacdn.com/stor3836-3430-4039-b835-316237336134/e09197d560253221caa619bbd7589273.jpg;;;;;;CcKycd2fC3NMHHdcNZYH;;RAM;0;0;0;0;;;;;
850243125242;;JL-R1770-M;;;"Роллетная крышка XRD для RAM 1500 (2019+) - Ручной с пружинным механизмом";;;;225720.00;;;"Выберите тип роллеты:Ручной с пружинным механизмом";;NIZjvn2Tx4mPjcExhBrV;565019970662;;0;0;0;0;;;;;
300211194592;;JL-R1770-E;;;"Роллетная крышка XRD для RAM 1500 (2019+) - Электропривод с ДУ";;;;251370.00;;;"Выберите тип роллеты:Электропривод с ДУ";;BiHyMLnb4tAtCrPsaTFU;565019970662;;0;0;0;0;;;;;
263612570792;;;;"Роллетные крышки>>>Роллетные крышки XRD;Роллетные крышки";"Роллетная крышка XRD для RAM BOX (2019+)";;"Размеры упаковки: 1770*1520";https://static.tildacdn.com/stor3836-3430-4039-b835-316237336134/e09197d560253221caa619bbd7589273.jpg;;;;;;VGRUIhMeu8ljjJhvCkkj;;RAM;0;0;0;0;;;;;
103725905272;;JL-B1770-M;;;"Роллетная крышка XRD для RAM BOX (2019+) - Ручной с пружинным механизмом";;;;225720.00;;;"Выберите тип роллеты:Ручной с пружинным механизмом";;3LEeXAt8YlyIaVKeLI8g;263612570792;;0;0;0;0;;;;;
703627747122;;JL-B1770-E;;;"Роллетная крышка XRD для RAM BOX (2019+) - Электропривод с ДУ";;;;251370.00;;;"Выберите тип роллеты:Электропривод с ДУ";;LO0rnXAg5IjtToeYkHoP;263612570792;;0;0;0;0;;;;;
134380524322;;;;"Роллетные крышки>>>Роллетные крышки XRD;Роллетные крышки";"Роллетная крышка XRD для RAM TRX (2019+)";;"Размеры упаковки: 1770*1520";https://static.tildacdn.com/stor3836-3430-4039-b835-316237336134/e09197d560253221caa619bbd7589273.jpg;;;;;;OeuYeZ1oPrC8gr4u7g3Y;;RAM;0;0;0;0;;;;;
359618210002;;JL-T1770-M;;;"Роллетная крышка XRD для RAM TRX (2019+) - Ручной с пружинным механизмом";;;;225720.00;;;"Выберите тип роллеты:Ручной с пружинным механизмом";;PmrsdZUfprEkXkHkTJFE;134380524322;;0;0;0;0;;;;;
352846498252;;JL-T1770-E;;;"Роллетная крышка XRD для RAM TRX (2019+) - Электропривод с ДУ";;;;251370.00;;;"Выберите тип роллеты:Электропривод с ДУ";;Zi4jgjScYHsJt6jb2LTp;134380524322;;0;0;0;0;;;;;
259694859512;;;;"Роллетные крышки>>>Роллетные крышки XRD;Роллетные крышки";"Набор для электропривода роллетных крышек XRD";;;https://static.tildacdn.com/stor3836-3430-4039-b835-316237336134/e09197d560253221caa619bbd7589273.jpg;;;;;;CPP3hkeyp69E7Vb48P0G;;"Ford;Toyota;RAM;Chevrolet;GMC";0;0;0;0;;;;;
374869674462;;JL-F1750-K;;;"Набор для электропривода роллетных крышек XRD - Ford F150 (2021+)";;;;76950.00;;;"Выберите модель автомобиля:Ford F150 (2021+)";;7K4rJvjV86Fr2R99LnLe;259694859512;;0;0;0;0;;;;;
696649755802;;JL-Y1516-K;;;"Набор для электропривода роллетных крышек XRD - Ford Ranger (2024+)";;;;76950.00;;;"Выберите модель автомобиля:Ford Ranger (2024+)";;U2MfzMVohXkksTkkbJYP;259694859512;;0;0;0;0;;;;;
766900945362;;JL-T1750-K;;;"Набор для электропривода роллетных крышек XRD - Toyota Tundra (2021+)";;;;76950.00;;;"Выберите модель автомобиля:Toyota Tundra (2021+)";;fgEPIvID8YrXD27zB6Ph;259694859512;;0;0;0;0;;;;;
622960534732;;JL-X1592-K;;;"Набор для электропривода роллетных крышек XRD - Toyota Tacoma (2024+)";;;;76950.00;;;"Выберите модель автомобиля:Toyota Tacoma (2024+)";;xOKPAJjTLUZ4GGGDuB0N;259694859512;;0;0;0;0;;;;;
293377784102;;JL-H1592-K;;;"Набор для электропривода роллетных крышек XRD - Toyota Hilux (2021+)";;;;76950.00;;;"Выберите модель автомобиля:Toyota Hilux (2021+)";;HrvI3HpAtxG2xid82e0o;259694859512;;0;0;0;0;;;;;
967558175972;;JL-D1815-K;;;"Набор для электропривода роллетных крышек XRD - Chevrolet Silverado (2019+)";;;;76950.00;;;"Выберите модель автомобиля:Chevrolet Silverado (2019+)";;XRXrcY2luUghRNIHMLax;259694859512;;0;0;0;0;;;;;
298494185272;;JL-K1592-K;;;"Набор для электропривода роллетных крышек XRD - Chevrolet Colorado (2023+)";;;;76950.00;;;"Выберите модель автомобиля:Chevrolet Colorado (2023+)";;svHRb0NUDaf9km4PZrlZ;259694859512;;0;0;0;0;;;;;
648607860532;;JL-L1815-K;;;"Набор для электропривода роллетных крышек XRD - GMC Sierra (2019+)";;;;76950.00;;;"Выберите модель автомобиля:GMC Sierra (2019+)";;4tA1dsk2nNyYgxuXiGNb;259694859512;;0;0;0;0;;;;;
542744240282;;JL-C1592-K;;;"Набор для электропривода роллетных крышек XRD - GMC Canyon (2023+)";;;;76950.00;;;"Выберите модель автомобиля:GMC Canyon (2023+)";;uIO4nFvcOnSaPxOCM6fh;259694859512;;0;0;0;0;;;;;
600731663822;;JL-R1770-K;;;"Набор для электропривода роллетных крышек XRD - RAM 1500 (2019+)";;;;76950.00;;;"Выберите модель автомобиля:RAM 1500 (2019+)";;yJ8BulHh2riZ947h9EB1;259694859512;;0;0;0;0;;;;;
395387521792;;JL-B1770-K;;;"Набор для электропривода роллетных крышек XRD - RAM BOX (2019+)";;;;76950.00;;;"Выберите модель автомобиля:RAM BOX (2019+)";;HoAPeeYrhOrsRpSk7l2m;259694859512;;0;0;0;0;;;;;
245014075112;;JL-T1770-K;;;"Набор для электропривода роллетных крышек XRD - RAM TRX (2022+)";;;;76950.00;;;"Выберите модель автомобиля:RAM TRX (2022+)";;fBHRf5cNyT9KapMJtavV;259694859512;;0;0;0;0;;;;;
394861948532;;A.001.000226;;"Багажники>>>Багажники STORM;Багажники";"Багажник экспедиционный STORM для Jeep Wrangler JL Sky One-Touch 2018-2024";;"Легкий и прочный полноразмерный экспедиционный автомобильный багажник из алюминия <strong>STORM </strong>для<strong> Jeep Wrangler JL 2018-2024</strong> (для версии с мягкой электрической крышей <strong>Sky One-Touch</strong>) входит в систему Arcane Warrior для перевозки вещей и установки дополнительного оборудования для кемпинга и автопутешествий.<br /><ul><li data-list=""bullet"">Минимальное завышение от штатной высоты автомобиля</li><li data-list=""bullet"">Удобная сборная конструкция, в комплекте шаблон для сборки</li><li data-list=""bullet"">Специальные пазы для крепежных болтов в поперечинах для закрепления дополнительного оборудования</li><li data-list=""bullet"">Подходит для активного использования на бездорожье.</li><li data-list=""bullet"">Прочная алюминиевая конструкция</li><li data-list=""bullet"">Модульная система, возможна установка большого количества аксессуаров</li><li data-list=""bullet"">Брутальный и современный дизайн</li></ul><br /><strong>Характеристики</strong><br />Размер багажника: 2044*1410*66 мм<br />Размер погрузочной платформы: 1548*1244 мм<br />Размер упаковки: 2022*363*495 мм<br />Завышение от штатной высоты: 69 мм<br />Расстояние от дна платформы до крыши автомобиля: 14 мм<br />Вес: 31.9 кг<br />Динамическая грузоподьемность: 160кг<br />Статическая грузоподьемность: 350кг<br />Макcимальный размер диодной балки: 1100 мм";https://static.tildacdn.com/stor3763-3864-4861-b765-623330326166/97717483.png;139508.00;;;;;Cpr1cnCPhr6T0VjoD9tD;;Jeep;0;0;0;0;;;;;
446658702662;;;-15%;"Автомобили>>>Jetour T2;Автомобили>>>Jetour T2>>>Jetour T2 kits";"Комплект оборудования Travel для Jetour T2";"Со скидкой 15%";"Комплект оборудования для автомобиля Jetour T2. Включает в себя:<br /><ul><li data-list=""bullet"">экспедиционный багажник на крышу STORM;</li><li data-list=""bullet"">боковая лестница STORM;</li><li data-list=""bullet"">боковой бокс;</li><li data-list=""bullet"">аэродинамический спойлер.</li></ul><br /><strong>Итоговая стоимость на 15% ниже, чем если покупать по отдельности.</strong>";https://static.tildacdn.com/stor6438-3230-4166-b136-383464623137/eb8523ce9246425ed541ba84e7c6b5cd.jpg;193477.00;;227620;;;s2Tt5Fnkv1DMxeKgKDik;;Jetour;0;0;0;0;;;;;
147199957802;;;-17%;"Автомобили>>>Jetour T2;Автомобили>>>Jetour T2>>>Jetour T2 kits";"Комплект оборудования Expedition для Jetour T2";"Со скидкой 17%";"Комплект оборудования для автомобиля Jetour T2. Включает в себя:<br /><ul><li data-list=""bullet"">экспедиционный багажник на крышу STORM;</li><li data-list=""bullet"">экспедиционный бокс на крышу 108 или 116 литров;</li><li data-list=""bullet"">экспедиционный бокс на крышу 36 или 52 литров;</li><li data-list=""bullet"">аэродинамический спойлер на крышу;</li><li data-list=""bullet"">комплект креплений для двух боксов.</li></ul><br /><strong>Итоговая стоимость на 17% ниже, чем если покупать по отдельности.</strong>";https://static.tildacdn.com/stor3463-6536-4833-b866-313166666665/e56f46ea434494c9472be6e5620e326a.jpg;174732.00;;210520;;;aPnXsHYNV3NlJBK0Ln1s;;Jetour;0;0;0;0;;;;;
444071063362;;;-20%;"Автомобили>>>Jetour T2;Автомобили>>>Jetour T2>>>Jetour T2 kits";"Комплект оборудования Adventure для Jetour T2";"Со скидкой 20%";"Комплект оборудования для автомобиля Jetour T2. Включает в себя:<br /><ul><li data-list=""bullet"">экспедиционный багажник на крышу STORM;</li><li data-list=""bullet"">маркиза и дополнительная комната;</li><li data-list=""bullet"">боковая лестница;</li><li data-list=""bullet"">антиштормовой набор;</li><li data-list=""bullet"">аэродинамический спойлер на крышу.</li></ul><br /><strong>Итоговая стоимость на 20% ниже, чем если покупать по отдельности.</strong>";https://static.tildacdn.com/stor3735-3639-4263-a636-623439343632/61ad94e9d613a4689f06893ced334686.jpg;246756.00;;308445;;;MkA7ISxLPGutSKlLycC5;;Jetour;0;0;0;0;;;;;
208287451442;;;;"Автомобили>>>Leopard 5>>>Leopard 5 kit";"Комплект оборудования Travel для BYD Leopard 5";"Со скидкой 15%";"Комплект оборудования для автомобиля BYD Leopard 5. Включает в себя:<br /><ul><li data-list=""bullet"">экспедиционный багажник короткий на крышу STORM;</li><li data-list=""bullet"">боковой бокс;</li><li data-list=""bullet"">аэродинамический спойлер;</li><li data-list=""bullet"">сумка 25 литров.</li></ul><br /><strong>Итоговая стоимость на 15% ниже, чем если покупать по отдельности.</strong>";https://static.tildacdn.com/stor3535-6665-4863-b031-626362653832/f7ee12d926349a04c191c14bebeb7c5e.jpg;136378.00;;160445;;;7tR9EkcBUagp9tdcgFJx;;BYD;0;0;0;0;;;;;
760079647322;;;;"Автомобили>>>Leopard 5>>>Leopard 5 kit";"Комплект оборудования Expedition для BYD Leopard 5";"Со скидкой 17%";"Комплект оборудования для автомобиля BYD Leopard 5. Включает в себя:<br /><ul><li data-list=""bullet"">экспедиционный багажник длинный на крышу STORM;</li><li data-list=""bullet"">экспедиционный бокс на крышу 108 или 116 литров;</li><li data-list=""bullet"">экспедиционный бокс на крышу 36 или 52 литра;</li><li data-list=""bullet"">делитель пространства в боксе;</li><li data-list=""bullet"">карманы для боксов;</li><li data-list=""bullet"">внешняя молле-панель для бокса;</li><li data-list=""bullet"">комплект сендтраков и болты к ним;</li><li data-list=""bullet"">комплект креплений для боксов;</li><li data-list=""bullet"">аэродинамический спойлер.</li></ul><br /><strong>Итоговая стоимость на 17% ниже, чем если покупать по отдельности.</strong>";https://static.tildacdn.com/stor3665-3833-4038-b262-613633346534/0efb4be44dd7e595f6c1f561af781698.jpg;221942.00;;267400;;;LZvsGmv3TeoXT78zTjBh;;BYD;0;0;0;0;;;;;
924894593562;;;;"Автомобили>>>Leopard 5>>>Leopard 5 kit";"Комплект оборудования Adventure для BYD Leopard 5";"Со скидкой 20%";"Комплект оборудования для автомобиля BYD Leopard 5. Включает в себя:<br /><ul><li data-list=""bullet"">экспедиционный багажник длинный на крышу STORM;</li><li data-list=""bullet"">палатка на крышу Slim</li><li data-list=""bullet"">утеплитель для палатки Slim</li><li data-list=""bullet"">боковой бокс;</li><li data-list=""bullet"">аэродинамический спойлер.</li></ul><br /><strong>Итоговая стоимость на 20% ниже, чем если покупать по отдельности.</strong>";https://static.tildacdn.com/stor3631-6462-4035-b463-666161356436/d80c4e1fd4f18938d846493755c4ce06.jpg;343922.00;;429903;;;4IhtkpzY9P10CJG9IpPX;;BYD;0;0;0;0;;;;;
460641142253;;A.001.000307;;"Багажники>>>Багажники M’linkX;Багажники";"Багажник экспедиционный M'LinkX для iCar V27 (2026)";;"Компания Arcane Warrior представляет обновлённую багажную платформу M’linkX Roof Rack 2.0 для iCar V27 (2026) для установки на автомобиль с заводскими рейлингами — модульную систему нового поколения, разработанную для путешествий, экспедиций и повседневного использования.<br /><br />Новая платформа была протестирована в реальных условиях на маршрутах Внутренней Монголии. За время испытаний было пройдено почти 900 миль, что позволило подтвердить надёжность конструкции и удобство эксплуатации в различных сценариях — от длительных автономных поездок до ежедневных маршрутов.<br /><br />M’linkX Roof Rack 2.0 — это не просто багажник, а универсальная платформа, адаптирующаяся под образ жизни владельца. Система поддерживает установку световых комплектов Light Bar Kits, обеспечивая дополнительное освещение и комфорт в пути.<br /><br />Ключевая особенность платформы — запатентованная система быстрого крепления. Установка и замена аксессуаров занимают всего несколько секунд и не требуют сверления или вмешательства в конструкцию автомобиля, сохраняя его целостность и внешний вид.<br /><br />M’linkX Roof Rack 2.0 сочетает в себе функциональность, продуманную модульность и фирменный подход Arcane Warrior к надёжности и свободе передвижения<br /><br /><strong>Основные особенности: </strong><br /><ul><li data-list=""bullet"">Тонкий профиль толщиной всего 3.7см из прочного алюминиевого сплава</li><li data-list=""bullet"">Вес в 2-3 раза легче аналогов при максимальной нагрузке 350кг.</li><li data-list=""bullet"">Уникальная система расширения: добавь необходимое количество поперечин, пристегни оборудование и дополнительный свет за минуту.</li><li data-list=""bullet"">Эстетичный дизайн выделяет ваш автомобиль в потоке.</li></ul>";https://static.tildacdn.com/stor3537-3264-4864-b561-383862623362/306a0078099c9eea7bb05138c8659dc0.png;141237.00;;;;;v9P7k1g9RRfypPb9F6rG;;iCar;0;0;0;0;;;;;
491987991663;;A.001.000412;;"Багажники>>>Багажники M’linkX;Багажники";"Багажник экспедиционный M'LinkX для BAIC BJ40 (2024-2026)";;"Компания Arcane Warrior представляет обновлённую багажную платформу M’linkX Roof Rack 2.0 для iCar V27 (2026) для установки на автомобиль с заводскими рейлингами — модульную систему нового поколения, разработанную для путешествий, экспедиций и повседневного использования.<br /><br />Новая платформа была протестирована в реальных условиях на маршрутах Внутренней Монголии. За время испытаний было пройдено почти 900 миль, что позволило подтвердить надёжность конструкции и удобство эксплуатации в различных сценариях — от длительных автономных поездок до ежедневных маршрутов.<br /><br />M’linkX Roof Rack 2.0 — это не просто багажник, а универсальная платформа, адаптирующаяся под образ жизни владельца. Система поддерживает установку световых комплектов Light Bar Kits, обеспечивая дополнительное освещение и комфорт в пути.<br /><br />Ключевая особенность платформы — запатентованная система быстрого крепления. Установка и замена аксессуаров занимают всего несколько секунд и не требуют сверления или вмешательства в конструкцию автомобиля, сохраняя его целостность и внешний вид.<br /><br />M’linkX Roof Rack 2.0 сочетает в себе функциональность, продуманную модульность и фирменный подход Arcane Warrior к надёжности и свободе передвижения<br /><br /><strong>Основные особенности: </strong><br /><ul><li data-list=""bullet"">Тонкий профиль толщиной всего 3.7см из прочного алюминиевого сплава</li><li data-list=""bullet"">Вес в 2-3 раза легче аналогов при максимальной нагрузке 350кг.</li><li data-list=""bullet"">Уникальная система расширения: добавь необходимое количество поперечин, пристегни оборудование и дополнительный свет за минуту.</li><li data-list=""bullet"">Эстетичный дизайн выделяет ваш автомобиль в потоке.</li></ul>";https://static.tildacdn.com/stor3537-3264-4864-b561-383862623362/306a0078099c9eea7bb05138c8659dc0.png;141237.00;;;;;yIoszrKsMAcMuOSK1GrK;;BAIC;0;0;0;0;;;;;
910644818813;;A.001.000277;;"Багажники>>>Багажники M’linkX;Багажники";"Багажник экспедиционный M'LinkX для Toyota Tacoma (2026)";;"Компания Arcane Warrior представляет обновлённую багажную платформу M’linkX Roof Rack 2.0 для установки на автомобиль с заводскими рейлингами — модульную систему нового поколения, разработанную для путешествий, экспедиций и повседневного использования.<br /><br />Новая платформа была протестирована в реальных условиях на маршрутах Внутренней Монголии. За время испытаний было пройдено почти 900 миль, что позволило подтвердить надёжность конструкции и удобство эксплуатации в различных сценариях — от длительных автономных поездок до ежедневных маршрутов.<br /><br />M’linkX Roof Rack 2.0 — это не просто багажник, а универсальная платформа, адаптирующаяся под образ жизни владельца. Система поддерживает установку световых комплектов Light Bar Kits, обеспечивая дополнительное освещение и комфорт в пути.<br /><br />Ключевая особенность платформы — запатентованная система быстрого крепления. Установка и замена аксессуаров занимают всего несколько секунд и не требуют сверления или вмешательства в конструкцию автомобиля, сохраняя его целостность и внешний вид.<br /><br />M’linkX Roof Rack 2.0 сочетает в себе функциональность, продуманную модульность и фирменный подход Arcane Warrior к надёжности и свободе передвижения<br /><br /><strong>Основные особенности: </strong><br /><ul><li data-list=""bullet"">Тонкий профиль толщиной всего 3.7см из прочного алюминиевого сплава</li><li data-list=""bullet"">Вес в 2-3 раза легче аналогов при максимальной нагрузке 350кг.</li><li data-list=""bullet"">Уникальная система расширения: добавь необходимое количество поперечин, пристегни оборудование и дополнительный свет за минуту.</li><li data-list=""bullet"">Эстетичный дизайн выделяет ваш автомобиль в потоке.</li></ul>";https://static.tildacdn.com/stor3537-3264-4864-b561-383862623362/306a0078099c9eea7bb05138c8659dc0.png;155263.00;;;;;dR4DucmjMuysteEYoBn8;;Toyota;0;0;0;0;;;;;
146165782383;;A.012.000039;;"Багажники>>>Аксессуары к багажникам M`LinkX";"Комплект задней светодиодной оптики M'LinkX Rear Scene Light Bar Kit";;"Устанавливается в заднем углу платформы с помощью соединения с замком и крепится винтами.<br /><br /><ul><li data-list=""bullet"">Цвет фонаря: Pantone 109C Yellow.</li><li data-list=""bullet"">Цвета и функции освещения: несколько цветовых вариантов с режимами RGB-перелива, постоянного свечения и пульсирующего свечения.</li><li data-list=""bullet"">Способ управления: управляется через мобильное приложение.</li><li data-list=""bullet"">Степень водонепроницаемости: IP65.</li><li data-list=""bullet"">Мощность: 7,5 Вт.</li><li data-list=""bullet"">Напряжение: 9–16 В</li></ul>";https://static.tildacdn.com/stor3533-6436-4263-b165-353339333434/7a08f40b4c56892af026004c271757f4.jpg;28142.00;;;;;iyKr6N7FYgRfMAm3gRn8;;;0;0;0;0;;;;;
431550362093;;A.012.000040;;"Багажники>>>Аксессуары к багажникам M`LinkX";"Комплект боковой оптики M'LinkX Side Scene Light Bar Kit (пара)";;"<ul><li data-list=""bullet"">Крепится к боковому пазу продольной планки с помощью винтов. </li><li data-list=""bullet"">Положение не регулируется.</li><li data-list=""bullet"">Цвет фонаря: Pantone 109C Yellow.</li><li data-list=""bullet"">Мощность: 7,5 Вт.</li><li data-list=""bullet"">Напряжение: 9–16 В.</li><li data-list=""bullet"">Степень водонепроницаемости: IP65».</li></ul>";https://static.tildacdn.com/stor3830-3064-4365-a261-316365633731/5fe7912b545aab932c006ce52fd1475e.jpg;21546.00;;;;;GbaMe3EOfkPDRAOVBLhP;;;0;0;0;0;;;;;
169051625473;;A.012.000070;;"Багажники>>>Аксессуары к багажникам M`LinkX";"Декоративная панель задней светодиодной оптики M'LinkX Rear Decorative Panel";;;;17149.00;;;;;0lFTh7JP63eglPjVVMCu;;;0;0;0;0;;;;;
853265513483;;;;"Автомобили>>>GW Poer>>>GW Poer kits";"Комплект оборудования Travel для Great Wall Poer";"Со скидкой до 20%";"Комплект оборудования для автомобиля Great Wall Poer. Включает в себя:<br /><ul><li data-list=""bullet"">Багажник на крышу</li><li data-list=""bullet"">Роллетная крышка механическая</li><li data-list=""bullet"">Шумопоглощающий спойлер</li></ul><br /><strong>Итоговая стоимость ниже, чем если покупать по отдельности.</strong>";https://static.tildacdn.com/stor3239-6436-4936-a336-643534366662/1bafa5920aa90a00da5aab4c2ec398e8.jpg;159319.75;;187435;;;szHEbJgCCEeedRsPkRoU;;"Great Wall";0;0;0;0;;;;;
846484541493;;;;"Автомобили>>>GW Poer>>>GW Poer kits";"Комплект оборудования Adventure для Great Wall Poer";"Со скидкой до 20%";"Комплект оборудования для автомобиля Great Wall Poer. Включает в себя:<br /><ul><li data-list=""bullet"">Багажник на крышу</li><li data-list=""bullet"">Роллетная крышка</li><li data-list=""bullet"">Шумопоглощающий спойлер</li><li data-list=""bullet"">Задняя багажная система</li></ul><br /><strong>Итоговая стоимость ниже, чем если покупать по отдельности.</strong>";https://static.tildacdn.com/stor3239-6436-4936-a336-643534366662/1bafa5920aa90a00da5aab4c2ec398e8.jpg;266760.00;;333450;;;18VG3uCj6gbj9nn5xvIg;;"Great Wall";0;0;0;0;;;;;
471058284203;;A.001.000073,103-016-002-00;;"Багажники>>>Багажники STORM;Багажники";"Багажник экспедиционный STORM для BYD Yuan PLUS (2022-2024)";;"Легкий и прочный полноразмерный экспедиционный автомобильный багажник из алюминия <strong>STORM </strong>для <strong>BYD Yuan PLUS (2022-2024) </strong>входит в систему Arcane Warrior для перевозки вещей и установки дополнительного оборудования для кемпинга и автопутешествий.<br /><ul><li data-list=""bullet"">Минимальное завышение от штатной высоты автомобиля</li><li data-list=""bullet"">Удобная сборная конструкция, в комплекте шаблон для сборки</li><li data-list=""bullet"">Специальные пазы для крепежных болтов в поперечинах для закрепления дополнительного оборудования</li><li data-list=""bullet"">Эстетичные и надежные крепления для заводских релингов</li></ul><br />Для установки автомобиль должен быть оборудован продольными релингами.<br /><br /><strong>Характеристики</strong><br />Размер багажника:1500*1151*46мм<br />Размеры погрузочной площадки:1003*985мм<br />Размер упаковки:1536*1187*82мм<br />Завышение от штатной высоты: 95мм<br />Расстояние от дна платформы до крыши автомобиля: 80мм<br />Вес: 20кг<br />Динамическая грузоподьемность: 140кг<br />Статическая грузоподьемность: 300кг<br />Макcимальный размер диодной балки: 900мм";https://static.tildacdn.com/stor3865-3030-4536-a465-666464333166/49934420.jpg;91960.00;;;;;0eOAz9oG7fTsGVTjpr2S;;BYD;0;0;0;0;;;;;
618433999163;"Arcane Warrior";A.001.000052,103-026-004-00;;"Багажники>>>Багажники STORM;Багажники";"Багажник экспедиционный STORM для Lincoln Navigator (2018-2022)";;"Легкий и прочный полноразмерный экспедиционный автомобильный багажник из алюминия <strong>STORM </strong>для <strong>Lincoln Navigator (2018-2022)</strong> входит в систему Arcane Warrior для перевозки вещей и установки дополнительного оборудования для кемпинга и автопутешествий.<br /><ul><li data-list=""bullet"">Минимальное завышение от штатной высоты автомобиля</li><li data-list=""bullet"">Удобная сборная конструкция, в комплекте шаблон для сборки</li><li data-list=""bullet"">Специальные пазы для крепежных болтов в поперечинах для закрепления дополнительного оборудования</li><li data-list=""bullet"">Эстетичные и надежные крепления для заводских релингов</li></ul><br />Для установки автомобиль должен быть оборудован продольными релингами<br /><br /><strong>Характеристики</strong><br />Размер багажника 1760*1360*66мм<br />Размеры погрузочной площадки:1263*1199мм<br />Размер упаковки:1595*360*495мм<br />Завышение от штатной высоты:95мм<br />Расстояние от дна платформы до крыши автомобиля: 90мм<br />Вес: 26,7кг<br />Динамическая грузоподьемность: 150кг<br />Статическая грузоподьемность: 300кг<br />Макcимальный размер диодной балки: 1050мм";https://static.tildacdn.com/stor3938-6336-4933-b065-383161323738/65064910.jpg;116936.00;;;;;IPYrDZKkzk4I2jrGlxSS;;Lincoln;0;0;0;0;;;;;
543873414483;;A.062.000002,501-103-029-00;;"Одежда и мерч;Сумки";"Сумка Ultra Ridge";;"Размер: 600*400mm<br />Материал: экологически чистый полипропилен";https://static.tildacdn.com/stor3430-3230-4433-b763-613032336136/b1666f1d7a1ea29b79a2b311eeca2bc6.jpg;1093.00;0;;;;737Dmb72gIyG2jU9LAFl;;;0;0;0;0;;;;;
506597954723;;;-17%;"Автомобили>>>Tank 700>>>Tank 700 kits";"Комплект оборудования Expedition для Tank 700";"Со скидкой 17%";"Комплект оборудования для автомобиля Tank 700. Включает в себя:<br /><ul><li data-list=""bullet"">Багажник</li><li data-list=""bullet"">Шумопоглощающий спойлер</li><li data-list=""bullet"">Боковая лестница</li><li data-list=""bullet"">Боковой бокс</li></ul><br /><strong>Итоговая стоимость ниже, чем если покупать по отдельности.</strong>";https://static.tildacdn.com/stor6238-3033-4835-b866-633032346366/8b1b8705929b1d53115982392bd7d7fa.png;200296.00;;241320;;;7gD3tOFasZ8DmPNzpRVg;;Tank;0;0;0;0;;;;;
464226046073;;A.006.000004,104-001-004-00;;"Багажники для пикапов;Багажники для пикапов>>>AL - малые и средние пикапы;Багажники для пикапов>>>Без регулировки высоты (MID)";"Задняя багажная система Ultra Ridge для Jeep Gladiator (версия MID)";;"Задняя багажная система Arcane Warrior Ultra Ridge <strong>для пикапа Jeep Gladiator.</strong><br /><strong>Версия MID - без регулировки высоты. </strong><br /><br />Устанавливается в кузов пикапа и позволяет с пользой использовать пространство над кузовом пикапа, настраивая под свои требования.<br />Имеет поперечины AL длиной <strong>1665мм. </strong><br /><br />Подходит для малых и средних пикапов: Jeep Gladiator, Ford Ranger/Ranger Raptor, Great Wall Cannon, Isuzu D-MAX, Toyota Tacoma, Toyota Hilux, Mitsubishi L200, Changan Hunter, BAW BJ212 P01 и др.<br /><br />Совместима с роллетными крышками <a href=""/ultra-ridge-roll-cover"" target=""_blank"" rel=""noreferrer noopener"">Ultra Ridge Roll-up cover.</a>";https://static.tildacdn.com/stor6631-6131-4433-b062-383738373939/309a62e6c41cb9888f73a8343eaee980.png;142120.00;;;;;HUvlgZRk1x5Z9Z4STIsM;;Jeep;0;0;0;0;;;;;
824154904403;;A.006.000003,104-001-003-00;;"Багажники для пикапов;Багажники для пикапов>>>Без регулировки высоты (MID);Багажники для пикапов>>>AXL - большие пикапы";"Задняя багажная система Ultra Ridge для Ford F150/F150 Raptor (версия MID)";;"Задняя багажная система Arcane Warrior Ultra Ridge <strong>для пикапа Ford F150/F150 Raptor.</strong><br /><strong>Версия MID - без регулировки высоты. </strong><br /><br />Устанавливается в кузов пикапа и позволяет с пользой использовать пространство над кузовом пикапа, настраивая под свои требования.<br />Имеет поперечины AXL длиной <strong>1780мм. </strong><br /><br />Подходит для полноразмерных пикапов: Ford F150, RAM 1500, Great Wall Poer, Toyota Tundra и др.<br /><br />Совместима с роллетными крышками <a href=""/ultra-ridge-roll-cover"" target=""_blank"" rel=""noreferrer noopener"">Ultra Ridge Roll-up cover.</a>";https://static.tildacdn.com/stor6631-6131-4433-b062-383738373939/309a62e6c41cb9888f73a8343eaee980.png;142120.00;;;;;TcGDlEMOeIsBH5HVsy3e;;Ford;0;0;0;0;;;;;
650068947233;;A.006.000001,104-001-001-00;;"Багажники для пикапов;Багажники для пикапов>>>С регулировкой высоты (HIGH);Багажники для пикапов>>>AXL - большие пикапы";"Задняя багажная система Ultra Ridge для Ford F150/Raptor (версия HIGH)";;"Задняя багажная система Arcane Warrior Ultra Ridge <strong>для пикапа Ford F150/F150 Raptor.</strong> <br /><strong>Версия HIGH - с регулировкой высоты. </strong><br /><br />Устанавливается в кузов пикапа и позволяет с пользой использовать пространство над кузовом пикапа, настраивая под свои требования. <br />Имеет поперечины AXL длиной <strong>1780мм.</strong><br /><br />Подходит для полноразмерных пикапов: Ford F150, RAM 1500, Great Wall Poer, Toyota Tundra и др.<br /><br />Совместима с роллетными крышками <a href=""/ultra-ridge-roll-cover"" target=""_blank"" rel=""noreferrer noopener"">Ultra Ridge Roll-up cover.</a>";https://static.tildacdn.com/stor3833-6338-4131-b562-313238393664/78258981.jpg;146015.00;;;;;fjzKMjzPpjvfzAKJAD7g;;Ford;0;0;0;0;;;;;
908760791113;;A.006.000003,104-001-003-00;;"Багажники для пикапов;Багажники для пикапов>>>Без регулировки высоты (MID);Багажники для пикапов>>>AXL - большие пикапы";"Задняя багажная система Ultra Ridge для RAM 1500 (версия MID)";;"Задняя багажная система Arcane Warrior Ultra Ridge <strong>для пикапа RAM 1500.</strong><br /><strong>Версия MID - без регулировки высоты. </strong><br /><br />Устанавливается в кузов пикапа и позволяет с пользой использовать пространство над кузовом пикапа, настраивая под свои требования.<br />Имеет поперечины AXL длиной <strong>1780мм. </strong><br /><br />Подходит для полноразмерных пикапов: Ford F150, RAM 1500, Great Wall Poer, Toyota Tundra и др.<br /><br />Совместима с роллетными крышками <a href=""/ultra-ridge-roll-cover"" target=""_blank"" rel=""noreferrer noopener"">Ultra Ridge Roll-up cover.</a>";https://static.tildacdn.com/stor6631-6131-4433-b062-383738373939/309a62e6c41cb9888f73a8343eaee980.png;142120.00;;;;;slNuLOV0ur8oYaslO2d7;;RAM;0;0;0;0;;;;;
475550730533;;A.006.000001,104-001-001-00;;"Багажники для пикапов;Багажники для пикапов>>>С регулировкой высоты (HIGH);Багажники для пикапов>>>AXL - большие пикапы";"Задняя багажная система Ultra Ridge для RAM 1500 (версия HIGH)";;"Задняя багажная система Arcane Warrior Ultra Ridge <strong>для пикапа RAM 1500.</strong> <br /><strong>Версия HIGH - с регулировкой высоты. </strong><br /><br />Устанавливается в кузов пикапа и позволяет с пользой использовать пространство над кузовом пикапа, настраивая под свои требования. <br />Имеет поперечины AXL длиной <strong>1780мм.</strong><br /><br />Подходит для полноразмерных пикапов: Ford F150, RAM 1500, Great Wall Poer, Toyota Tundra и др.<br /><br />Совместима с роллетными крышками <a href=""/ultra-ridge-roll-cover"" target=""_blank"" rel=""noreferrer noopener"">Ultra Ridge Roll-up cover.</a>";https://static.tildacdn.com/stor3833-6338-4131-b562-313238393664/78258981.jpg;146015.00;;;;;mJF0Bdd3YFO283Rt7J1S;;RAM;0;0;0;0;;;;;
293526492193;;A.006.000003,104-001-003-00;;"Багажники для пикапов;Багажники для пикапов>>>Без регулировки высоты (MID);Багажники для пикапов>>>AXL - большие пикапы";"Задняя багажная система Ultra Ridge для Great Wall POER (версия MID)";;"Задняя багажная система Arcane Warrior Ultra Ridge <strong>для пикапа Great Wall POER.</strong><br /><strong>Версия MID - без регулировки высоты. </strong><br /><br />Устанавливается в кузов пикапа и позволяет с пользой использовать пространство над кузовом пикапа, настраивая под свои требования.<br />Имеет поперечины AXL длиной <strong>1780мм. </strong><br /><br />Подходит для полноразмерных пикапов: Ford F150, RAM 1500, Great Wall Poer, Toyota Tundra и др.<br /><br />Совместима с роллетными крышками <a href=""/ultra-ridge-roll-cover"" target=""_blank"" rel=""noreferrer noopener"">Ultra Ridge Roll-up cover.</a>";https://static.tildacdn.com/stor6631-6131-4433-b062-383738373939/309a62e6c41cb9888f73a8343eaee980.png;142120.00;;;;;ZN0ka0ARvU2okAGPN5UD;;"Great Wall";0;0;0;0;;;;;
470913299123;;A.006.000001,104-001-001-00;;"Багажники для пикапов;Багажники для пикапов>>>С регулировкой высоты (HIGH);Багажники для пикапов>>>AXL - большие пикапы";"Задняя багажная система Ultra Ridge для Great Wall POER (версия HIGH)";;"Задняя багажная система Arcane Warrior Ultra Ridge <strong>для пикапа Great Wall POER.</strong> <br /><strong>Версия HIGH - с регулировкой высоты. </strong><br /><br />Устанавливается в кузов пикапа и позволяет с пользой использовать пространство над кузовом пикапа, настраивая под свои требования. <br />Имеет поперечины AXL длиной <strong>1780мм.</strong><br /><br />Подходит для полноразмерных пикапов: Ford F150, RAM 1500, Great Wall Poer, Toyota Tundra и др.<br /><br />Совместима с роллетными крышками <a href=""/ultra-ridge-roll-cover"" target=""_blank"" rel=""noreferrer noopener"">Ultra Ridge Roll-up cover.</a>";https://static.tildacdn.com/stor3833-6338-4131-b562-313238393664/78258981.jpg;146015.00;;;;;7VULNZ2HI6O3MXadrRy3;;"Great Wall";0;0;0;0;;;;;
604648245243;;A.006.000003,104-001-003-00;;"Багажники для пикапов;Багажники для пикапов>>>Без регулировки высоты (MID);Багажники для пикапов>>>AXL - большие пикапы";"Задняя багажная система Ultra Ridge для Toyota Tundra (версия MID)";;"Задняя багажная система Arcane Warrior Ultra Ridge <strong>для пикапа Toyota Tundra.</strong><br /><strong>Версия MID - без регулировки высоты. </strong><br /><br />Устанавливается в кузов пикапа и позволяет с пользой использовать пространство над кузовом пикапа, настраивая под свои требования.<br />Имеет поперечины AXL длиной <strong>1780мм. </strong><br /><br />Подходит для полноразмерных пикапов: Ford F150, RAM 1500, Great Wall Poer, Toyota Tundra и др.<br /><br />Совместима с роллетными крышками <a href=""/ultra-ridge-roll-cover"" target=""_blank"" rel=""noreferrer noopener"">Ultra Ridge Roll-up cover.</a>";https://static.tildacdn.com/stor6631-6131-4433-b062-383738373939/309a62e6c41cb9888f73a8343eaee980.png;142120.00;;;;;0j1yR8bGaaOTD5ret51D;;Toyota;0;0;0;0;;;;;
478022752743;;A.006.000001,104-001-001-00;;"Багажники для пикапов;Багажники для пикапов>>>С регулировкой высоты (HIGH);Багажники для пикапов>>>AXL - большие пикапы";"Задняя багажная система Ultra Ridge для Toyota Tundra (версия HIGH)";;"Задняя багажная система Arcane Warrior Ultra Ridge <strong>для пикапа хххххBIGхххххх .</strong> <br /><strong>Версия HIGH - с регулировкой высоты. </strong><br /><br />Устанавливается в кузов пикапа и позволяет с пользой использовать пространство над кузовом пикапа, настраивая под свои требования. <br />Имеет поперечины AXL длиной <strong>1780мм.</strong><br /><br />Подходит для полноразмерных пикапов: Ford F150, RAM 1500, Great Wall Poer, Toyota Tundra и др.<br /><br />Совместима с роллетными крышками <a href=""/ultra-ridge-roll-cover"" target=""_blank"" rel=""noreferrer noopener"">Ultra Ridge Roll-up cover.</a>";https://static.tildacdn.com/stor3833-6338-4131-b562-313238393664/78258981.jpg;146015.00;;;;;3CmcdItFkNcgy65m3fVI;;Toyota;0;0;0;0;;;;;
419425146603;;A.006.000004,104-001-004-00;;"Багажники для пикапов;Багажники для пикапов>>>AL - малые и средние пикапы;Багажники для пикапов>>>Без регулировки высоты (MID)";"Задняя багажная система Ultra Ridge для BAW BJ212 P01 (версия MID)";;"Задняя багажная система Arcane Warrior Ultra Ridge <strong>для пикапа BAW BJ212 P01.</strong><br /><strong>Версия MID - без регулировки высоты. </strong><br /><br />Устанавливается в кузов пикапа и позволяет с пользой использовать пространство над кузовом пикапа, настраивая под свои требования.<br />Имеет поперечины AL длиной <strong>1665мм. </strong><br /><br />Подходит для малых и средних пикапов: Jeep Gladiator, Ford Ranger/Ranger Raptor, Great Wall Cannon, Isuzu D-MAX, Toyota Tacoma, Toyota Hilux, Mitsubishi L200, Changan Hunter, BAW BJ212 P01 и др.<br /><br />Совместима с роллетными крышками <a href=""/ultra-ridge-roll-cover"" target=""_blank"" rel=""noreferrer noopener"">Ultra Ridge Roll-up cover.</a>";https://static.tildacdn.com/stor6631-6131-4433-b062-383738373939/309a62e6c41cb9888f73a8343eaee980.png;142120.00;;;;;TDXaXoIDf7BiEBLVl9GH;;BAW;0;0;0;0;;;;;
562462382893;;A.006.000002,104-001-002-00;;"Багажники для пикапов;Багажники для пикапов>>>AL - малые и средние пикапы;Багажники для пикапов>>>С регулировкой высоты (HIGH)";"Задняя багажная система Ultra Ridge для BAW BJ212 P01 (версия HIGH)";;"Задняя багажная система Arcane Warrior Ultra Ridge <strong>для пикапа BAW BJ212 P01.</strong> <br /><strong>Версия HIGH - с регулировкой высоты. </strong><br /><br />Устанавливается в кузов пикапа и позволяет с пользой использовать пространство над кузовом пикапа, настраивая под свои требования. <br />Имеет поперечины AL длиной <strong>1665мм. </strong><br /><br />Подходит для малых и средних пикапов: Jeep Gladiator, Ford Ranger/Ranger Raptor, Great Wall Cannon, Isuzu D-MAX, Toyota Tacoma, Toyota Hilux, Mitsubishi L200, Changan Hunter, BAW BJ212 P01 и др.<br /><br />Совместима с роллетными крышками <a href=""/ultra-ridge-roll-cover"" target=""_blank"" rel=""noreferrer noopener"">Ultra Ridge Roll-up cover.</a>";https://static.tildacdn.com/stor3833-6338-4131-b562-313238393664/78258981.jpg;146015.00;;;;;1YjxfUlxDG7K8eDD0v5I;;BAW;0;0;0;0;;;;;
687315452943;;A.006.000004,104-001-004-00;;"Багажники для пикапов;Багажники для пикапов>>>AL - малые и средние пикапы;Багажники для пикапов>>>Без регулировки высоты (MID)";"Задняя багажная система Ultra Ridge для Changan Hunter (версия MID)";;"Задняя багажная система Arcane Warrior Ultra Ridge <strong>для пикапа Changan Hunter.</strong><br /><strong>Версия MID - без регулировки высоты. </strong><br /><br />Устанавливается в кузов пикапа и позволяет с пользой использовать пространство над кузовом пикапа, настраивая под свои требования.<br />Имеет поперечины AL длиной <strong>1665мм. </strong><br /><br />Подходит для малых и средних пикапов: Jeep Gladiator, Ford Ranger/Ranger Raptor, Great Wall Cannon, Isuzu D-MAX, Toyota Tacoma, Toyota Hilux, Mitsubishi L200, Changan Hunter, BAW BJ212 P01 и др.<br /><br />Совместима с роллетными крышками <a href=""/ultra-ridge-roll-cover"" target=""_blank"" rel=""noreferrer noopener"">Ultra Ridge Roll-up cover.</a>";https://static.tildacdn.com/stor6631-6131-4433-b062-383738373939/309a62e6c41cb9888f73a8343eaee980.png;142120.00;;;;;hoVTDHcXn5D70iDll8lp;;Changan;0;0;0;0;;;;;
309277044333;;A.006.000002,104-001-002-00;;"Багажники для пикапов;Багажники для пикапов>>>AL - малые и средние пикапы;Багажники для пикапов>>>С регулировкой высоты (HIGH)";"Задняя багажная система Ultra Ridge для Changan Hunter (версия HIGH)";;"Задняя багажная система Arcane Warrior Ultra Ridge <strong>для пикапа Changan Hunter.</strong> <br /><strong>Версия HIGH - с регулировкой высоты. </strong><br /><br />Устанавливается в кузов пикапа и позволяет с пользой использовать пространство над кузовом пикапа, настраивая под свои требования. <br />Имеет поперечины AL длиной <strong>1665мм. </strong><br /><br />Подходит для малых и средних пикапов: Jeep Gladiator, Ford Ranger/Ranger Raptor, Great Wall Cannon, Isuzu D-MAX, Toyota Tacoma, Toyota Hilux, Mitsubishi L200, Changan Hunter, BAW BJ212 P01 и др.<br /><br />Совместима с роллетными крышками <a href=""/ultra-ridge-roll-cover"" target=""_blank"" rel=""noreferrer noopener"">Ultra Ridge Roll-up cover.</a>";https://static.tildacdn.com/stor3833-6338-4131-b562-313238393664/78258981.jpg;146015.00;;;;;oa9zEXMP8lrryI3Xg8G5;;Changan;0;0;0;0;;;;;
335771774413;;A.006.000004,104-001-004-00;;"Багажники для пикапов;Багажники для пикапов>>>AL - малые и средние пикапы;Багажники для пикапов>>>Без регулировки высоты (MID)";"Задняя багажная система Ultra Ridge для Ford Ranger/Raptor (версия MID)";;"Задняя багажная система Arcane Warrior Ultra Ridge <strong>для пикапа Ford Ranger/Raptor.</strong><br /><strong>Версия MID - без регулировки высоты. </strong><br /><br />Устанавливается в кузов пикапа и позволяет с пользой использовать пространство над кузовом пикапа, настраивая под свои требования.<br />Имеет поперечины AL длиной <strong>1665мм. </strong><br /><br />Подходит для малых и средних пикапов: Jeep Gladiator, Ford Ranger/Ranger Raptor, Great Wall Cannon, Isuzu D-MAX, Toyota Tacoma, Toyota Hilux, Mitsubishi L200, Changan Hunter, BAW BJ212 P01 и др.<br /><br />Совместима с роллетными крышками <a href=""/ultra-ridge-roll-cover"" target=""_blank"" rel=""noreferrer noopener"">Ultra Ridge Roll-up cover.</a>";https://static.tildacdn.com/stor6631-6131-4433-b062-383738373939/309a62e6c41cb9888f73a8343eaee980.png;142120.00;;;;;7X1lOY9gEEIRh8lIzuY3;;Ford;0;0;0;0;;;;;
724786885493;;A.006.000002,104-001-002-00;;"Багажники для пикапов;Багажники для пикапов>>>AL - малые и средние пикапы;Багажники для пикапов>>>С регулировкой высоты (HIGH)";"Задняя багажная система Ultra Ridge для Ford Ranger/Raptor (версия HIGH)";;"Задняя багажная система Arcane Warrior Ultra Ridge <strong>для пикапа Ford Ranger/Raptor.</strong> <br /><strong>Версия HIGH - с регулировкой высоты. </strong><br /><br />Устанавливается в кузов пикапа и позволяет с пользой использовать пространство над кузовом пикапа, настраивая под свои требования. <br />Имеет поперечины AL длиной <strong>1665мм. </strong><br /><br />Подходит для малых и средних пикапов: Jeep Gladiator, Ford Ranger/Ranger Raptor, Great Wall Cannon, Isuzu D-MAX, Toyota Tacoma, Toyota Hilux, Mitsubishi L200, Changan Hunter, BAW BJ212 P01 и др.<br /><br />Совместима с роллетными крышками <a href=""/ultra-ridge-roll-cover"" target=""_blank"" rel=""noreferrer noopener"">Ultra Ridge Roll-up cover.</a>";https://static.tildacdn.com/stor3833-6338-4131-b562-313238393664/78258981.jpg;146015.00;;;;;POBRfC4KZ02OVZPBOiA3;;Ford;0;0;0;0;;;;;
555125681833;;A.006.000004,104-001-004-00;;"Багажники для пикапов;Багажники для пикапов>>>AL - малые и средние пикапы;Багажники для пикапов>>>Без регулировки высоты (MID)";"Задняя багажная система Ultra Ridge для Great Wall Cannon (версия MID)";;"Задняя багажная система Arcane Warrior Ultra Ridge <strong>для пикапа Great Wall Cannon.</strong><br /><strong>Версия MID - без регулировки высоты. </strong><br /><br />Устанавливается в кузов пикапа и позволяет с пользой использовать пространство над кузовом пикапа, настраивая под свои требования.<br />Имеет поперечины AL длиной <strong>1665мм. </strong><br /><br />Подходит для малых и средних пикапов: Jeep Gladiator, Ford Ranger/Ranger Raptor, Great Wall Cannon, Isuzu D-MAX, Toyota Tacoma, Toyota Hilux, Mitsubishi L200, Changan Hunter, BAW BJ212 P01 и др.<br /><br />Совместима с роллетными крышками <a href=""/ultra-ridge-roll-cover"" target=""_blank"" rel=""noreferrer noopener"">Ultra Ridge Roll-up cover.</a>";https://static.tildacdn.com/stor6631-6131-4433-b062-383738373939/309a62e6c41cb9888f73a8343eaee980.png;142120.00;;;;;eAmBVeXiISjB1BVx3bnM;;"Great Wall";0;0;0;0;;;;;
405091227683;;A.006.000002,104-001-002-00;;"Багажники для пикапов;Багажники для пикапов>>>AL - малые и средние пикапы;Багажники для пикапов>>>С регулировкой высоты (HIGH)";"Задняя багажная система Ultra Ridge для Great Wall Cannon (версия HIGH)";;"Задняя багажная система Arcane Warrior Ultra Ridge <strong>для пикапа Great Wall Cannon.</strong> <br /><strong>Версия HIGH - с регулировкой высоты. </strong><br /><br />Устанавливается в кузов пикапа и позволяет с пользой использовать пространство над кузовом пикапа, настраивая под свои требования. <br />Имеет поперечины AL длиной <strong>1665мм. </strong><br /><br />Подходит для малых и средних пикапов: Jeep Gladiator, Ford Ranger/Ranger Raptor, Great Wall Cannon, Isuzu D-MAX, Toyota Tacoma, Toyota Hilux, Mitsubishi L200, Changan Hunter, BAW BJ212 P01 и др.<br /><br />Совместима с роллетными крышками <a href=""/ultra-ridge-roll-cover"" target=""_blank"" rel=""noreferrer noopener"">Ultra Ridge Roll-up cover.</a>";https://static.tildacdn.com/stor3833-6338-4131-b562-313238393664/78258981.jpg;146015.00;;;;;Mv5t9baMOfgi0snNdB4u;;"Great Wall";0;0;0;0;;;;;
935681255153;;A.006.000004,104-001-004-00;;"Багажники для пикапов;Багажники для пикапов>>>AL - малые и средние пикапы;Багажники для пикапов>>>Без регулировки высоты (MID)";"Задняя багажная система Ultra Ridge для Isuzu D-MAX (версия MID)";;"Задняя багажная система Arcane Warrior Ultra Ridge <strong>для пикапа Isuzu D-MAX.</strong><br /><strong>Версия MID - без регулировки высоты. </strong><br /><br />Устанавливается в кузов пикапа и позволяет с пользой использовать пространство над кузовом пикапа, настраивая под свои требования.<br />Имеет поперечины AL длиной <strong>1665мм. </strong><br /><br />Подходит для малых и средних пикапов: Jeep Gladiator, Ford Ranger/Ranger Raptor, Great Wall Cannon, Isuzu D-MAX, Toyota Tacoma, Toyota Hilux, Mitsubishi L200, Changan Hunter, BAW BJ212 P01 и др.<br /><br />Совместима с роллетными крышками <a href=""/ultra-ridge-roll-cover"" target=""_blank"" rel=""noreferrer noopener"">Ultra Ridge Roll-up cover.</a>";https://static.tildacdn.com/stor6631-6131-4433-b062-383738373939/309a62e6c41cb9888f73a8343eaee980.png;142120.00;;;;;lOtCy6cr8S8eUPaxihc2;;Isuzu;0;0;0;0;;;;;
752455942033;;A.006.000002,104-001-002-00;;"Багажники для пикапов;Багажники для пикапов>>>AL - малые и средние пикапы;Багажники для пикапов>>>С регулировкой высоты (HIGH)";"Задняя багажная система Ultra Ridge для Isuzu D-MAX (версия HIGH)";;"Задняя багажная система Arcane Warrior Ultra Ridge <strong>для пикапа Isuzu D-MAX.</strong> <br /><strong>Версия HIGH - с регулировкой высоты. </strong><br /><br />Устанавливается в кузов пикапа и позволяет с пользой использовать пространство над кузовом пикапа, настраивая под свои требования. <br />Имеет поперечины AL длиной <strong>1665мм. </strong><br /><br />Подходит для малых и средних пикапов: Jeep Gladiator, Ford Ranger/Ranger Raptor, Great Wall Cannon, Isuzu D-MAX, Toyota Tacoma, Toyota Hilux, Mitsubishi L200, Changan Hunter, BAW BJ212 P01 и др.<br /><br />Совместима с роллетными крышками <a href=""/ultra-ridge-roll-cover"" target=""_blank"" rel=""noreferrer noopener"">Ultra Ridge Roll-up cover.</a>";https://static.tildacdn.com/stor3833-6338-4131-b562-313238393664/78258981.jpg;146015.00;;;;;lU6ezdCKakdtR0OUhJk8;;Isuzu;0;0;0;0;;;;;
205047301773;;A.006.000004,104-001-004-00;;"Багажники для пикапов;Багажники для пикапов>>>AL - малые и средние пикапы;Багажники для пикапов>>>Без регулировки высоты (MID)";"Задняя багажная система Ultra Ridge для Mitsubishi L200 (версия MID)";;"Задняя багажная система Arcane Warrior Ultra Ridge <strong>для пикапа Mitsubishi L200.</strong><br /><strong>Версия MID - без регулировки высоты. </strong><br /><br />Устанавливается в кузов пикапа и позволяет с пользой использовать пространство над кузовом пикапа, настраивая под свои требования.<br />Имеет поперечины AL длиной <strong>1665мм. </strong><br /><br />Подходит для малых и средних пикапов: Jeep Gladiator, Ford Ranger/Ranger Raptor, Great Wall Cannon, Isuzu D-MAX, Toyota Tacoma, Toyota Hilux, Mitsubishi L200, Changan Hunter, BAW BJ212 P01 и др.<br /><br />Совместима с роллетными крышками <a href=""/ultra-ridge-roll-cover"" target=""_blank"" rel=""noreferrer noopener"">Ultra Ridge Roll-up cover.</a>";https://static.tildacdn.com/stor6631-6131-4433-b062-383738373939/309a62e6c41cb9888f73a8343eaee980.png;142120.00;;;;;Sha8EoZxMyLA3bDIo50A;;Mitsubishi;0;0;0;0;;;;;
196433785153;;A.006.000002,104-001-002-00;;"Багажники для пикапов;Багажники для пикапов>>>AL - малые и средние пикапы;Багажники для пикапов>>>С регулировкой высоты (HIGH)";"Задняя багажная система Ultra Ridge для Mitsubishi L200 (версия HIGH)";;"Задняя багажная система Arcane Warrior Ultra Ridge <strong>для пикапа Mitsubishi L200.</strong> <br /><strong>Версия HIGH - с регулировкой высоты. </strong><br /><br />Устанавливается в кузов пикапа и позволяет с пользой использовать пространство над кузовом пикапа, настраивая под свои требования. <br />Имеет поперечины AL длиной <strong>1665мм. </strong><br /><br />Подходит для малых и средних пикапов: Jeep Gladiator, Ford Ranger/Ranger Raptor, Great Wall Cannon, Isuzu D-MAX, Toyota Tacoma, Toyota Hilux, Mitsubishi L200, Changan Hunter, BAW BJ212 P01 и др.<br /><br />Совместима с роллетными крышками <a href=""/ultra-ridge-roll-cover"" target=""_blank"" rel=""noreferrer noopener"">Ultra Ridge Roll-up cover.</a>";https://static.tildacdn.com/stor3833-6338-4131-b562-313238393664/78258981.jpg;146015.00;;;;;jy4MOSZOUR3Zm09dyJrC;;Mitsubishi;0;0;0;0;;;;;
206288650673;;A.006.000004,104-001-004-00;;"Багажники для пикапов;Багажники для пикапов>>>AL - малые и средние пикапы;Багажники для пикапов>>>Без регулировки высоты (MID)";"Задняя багажная система Ultra Ridge для Toyota Tacoma (версия MID)";;"Задняя багажная система Arcane Warrior Ultra Ridge <strong>для пикапа Toyota Tacoma.</strong><br /><strong>Версия MID - без регулировки высоты. </strong><br /><br />Устанавливается в кузов пикапа и позволяет с пользой использовать пространство над кузовом пикапа, настраивая под свои требования.<br />Имеет поперечины AL длиной <strong>1665мм. </strong><br /><br />Подходит для малых и средних пикапов: Jeep Gladiator, Ford Ranger/Ranger Raptor, Great Wall Cannon, Isuzu D-MAX, Toyota Tacoma, Toyota Hilux, Mitsubishi L200, Changan Hunter, BAW BJ212 P01 и др.<br /><br />Совместима с роллетными крышками <a href=""/ultra-ridge-roll-cover"" target=""_blank"" rel=""noreferrer noopener"">Ultra Ridge Roll-up cover.</a>";https://static.tildacdn.com/stor6631-6131-4433-b062-383738373939/309a62e6c41cb9888f73a8343eaee980.png;142120.00;;;;;AKC30xbp615diMfTchu3;;Toyota;0;0;0;0;;;;;
305106263553;;A.006.000002,104-001-002-00;;"Багажники для пикапов;Багажники для пикапов>>>AL - малые и средние пикапы;Багажники для пикапов>>>С регулировкой высоты (HIGH)";"Задняя багажная система Ultra Ridge для Toyota Tacoma (версия HIGH)";;"Задняя багажная система Arcane Warrior Ultra Ridge <strong>для пикапа Toyota Tacoma.</strong> <br /><strong>Версия HIGH - с регулировкой высоты. </strong><br /><br />Устанавливается в кузов пикапа и позволяет с пользой использовать пространство над кузовом пикапа, настраивая под свои требования. <br />Имеет поперечины AL длиной <strong>1665мм. </strong><br /><br />Подходит для малых и средних пикапов: Jeep Gladiator, Ford Ranger/Ranger Raptor, Great Wall Cannon, Isuzu D-MAX, Toyota Tacoma, Toyota Hilux, Mitsubishi L200, Changan Hunter, BAW BJ212 P01 и др.<br /><br />Совместима с роллетными крышками <a href=""/ultra-ridge-roll-cover"" target=""_blank"" rel=""noreferrer noopener"">Ultra Ridge Roll-up cover.</a>";https://static.tildacdn.com/stor3833-6338-4131-b562-313238393664/78258981.jpg;146015.00;;;;;Aj1YodT8TjVYfnjhr1Zu;;Toyota;0;0;0;0;;;;;
348874269393;;A.006.000004,104-001-004-00;;"Багажники для пикапов;Багажники для пикапов>>>AL - малые и средние пикапы;Багажники для пикапов>>>Без регулировки высоты (MID)";"Задняя багажная система Ultra Ridge для Toyota Hilux (версия MID)";;"Задняя багажная система Arcane Warrior Ultra Ridge <strong>для пикапа Toyota Hilux.</strong><br /><strong>Версия MID - без регулировки высоты. </strong><br /><br />Устанавливается в кузов пикапа и позволяет с пользой использовать пространство над кузовом пикапа, настраивая под свои требования.<br />Имеет поперечины AL длиной <strong>1665мм. </strong><br /><br />Подходит для малых и средних пикапов: Jeep Gladiator, Ford Ranger/Ranger Raptor, Great Wall Cannon, Isuzu D-MAX, Toyota Tacoma, Toyota Hilux, Mitsubishi L200, Changan Hunter, BAW BJ212 P01 и др.<br /><br />Совместима с роллетными крышками <a href=""/ultra-ridge-roll-cover"" target=""_blank"" rel=""noreferrer noopener"">Ultra Ridge Roll-up cover.</a>";https://static.tildacdn.com/stor6631-6131-4433-b062-383738373939/309a62e6c41cb9888f73a8343eaee980.png;142120.00;;;;;Y08T5kxrI837vjGLe9u2;;Toyota;0;0;0;0;;;;;
159972368083;;A.006.000002,104-001-002-00;;"Багажники для пикапов;Багажники для пикапов>>>AL - малые и средние пикапы;Багажники для пикапов>>>С регулировкой высоты (HIGH)";"Задняя багажная система Ultra Ridge для Toyota Hilux (версия HIGH)";;"Задняя багажная система Arcane Warrior Ultra Ridge <strong>для пикапа Toyota Hilux.</strong> <br /><strong>Версия HIGH - с регулировкой высоты. </strong><br /><br />Устанавливается в кузов пикапа и позволяет с пользой использовать пространство над кузовом пикапа, настраивая под свои требования. <br />Имеет поперечины AL длиной <strong>1665мм. </strong><br /><br />Подходит для малых и средних пикапов: Jeep Gladiator, Ford Ranger/Ranger Raptor, Great Wall Cannon, Isuzu D-MAX, Toyota Tacoma, Toyota Hilux, Mitsubishi L200, Changan Hunter, BAW BJ212 P01 и др.<br /><br />Совместима с роллетными крышками <a href=""/ultra-ridge-roll-cover"" target=""_blank"" rel=""noreferrer noopener"">Ultra Ridge Roll-up cover.</a>";https://static.tildacdn.com/stor3833-6338-4131-b562-313238393664/78258981.jpg;146015.00;;;;;818EkfGH4K0LyvPTlY9h;;Toyota;0;0;0;0;;;;;
684086181363;;A.006.000004,104-001-004-00;;"Багажники для пикапов;Багажники для пикапов>>>AL - малые и средние пикапы;Багажники для пикапов>>>Без регулировки высоты (MID)";"Задняя багажная система Ultra Ridge для RAM 1500 с рамбоксами (версия MID)";;"Задняя багажная система Arcane Warrior Ultra Ridge <strong>для пикапа RAM 1500 с рамбоксами.</strong><br /><strong>Версия MID - без регулировки высоты. </strong><br /><br />Устанавливается в кузов пикапа и позволяет с пользой использовать пространство над кузовом пикапа, настраивая под свои требования.<br />Имеет поперечины AL длиной <strong>1665мм. </strong><br /><br />Подходит для малых и средних пикапов: Jeep Gladiator, Ford Ranger/Ranger Raptor, Great Wall Cannon, Isuzu D-MAX, Toyota Tacoma, Toyota Hilux, Mitsubishi L200, Changan Hunter, BAW BJ212 P01 и др.<br /><br />Совместима с роллетными крышками <a href=""/ultra-ridge-roll-cover"" target=""_blank"" rel=""noreferrer noopener"">Ultra Ridge Roll-up cover.</a>";https://static.tildacdn.com/stor6631-6131-4433-b062-383738373939/309a62e6c41cb9888f73a8343eaee980.png;142120.00;;;;;aeSxyuZE31sChFZUxnYy;;RAM;0;0;0;0;;;;;
261043559993;;A.006.000002,104-001-002-00;;"Багажники для пикапов;Багажники для пикапов>>>AL - малые и средние пикапы;Багажники для пикапов>>>С регулировкой высоты (HIGH)";"Задняя багажная система Ultra Ridge для RAM 1500 с рамбоксами (версия HIGH)";;"Задняя багажная система Arcane Warrior Ultra Ridge <strong>для пикапа RAM 1500.</strong> <br /><strong>Версия HIGH - с регулировкой высоты. </strong><br /><br />Устанавливается в кузов пикапа и позволяет с пользой использовать пространство над кузовом пикапа, настраивая под свои требования. <br />Имеет поперечины AL длиной <strong>1665мм. </strong><br /><br />Подходит для малых и средних пикапов: Jeep Gladiator, Ford Ranger/Ranger Raptor, Great Wall Cannon, Isuzu D-MAX, Toyota Tacoma, Toyota Hilux, Mitsubishi L200, Changan Hunter, BAW BJ212 P01 и др.<br /><br />Совместима с роллетными крышками <a href=""/ultra-ridge-roll-cover"" target=""_blank"" rel=""noreferrer noopener"">Ultra Ridge Roll-up cover.</a>";https://static.tildacdn.com/stor3833-6338-4131-b562-313238393664/78258981.jpg;146015.00;;;;;V45lpu8mvRzLiYaRi1Tm;;RAM;0;0;0;0;;;;;
417406714223;;A.002.000068;;"Боковые боксы;Боковые боксы>>>Боковые боксы M`LinkX;Хранение";"Боковой бокс STORM PRO версии M`LinkX для BYD Denza B8 2025";;"Боковой бокс <strong>Arcane Warrior STORM PRO</strong> для <strong>BYD Denza B8 2025. </strong><br />С креплениями для багажников серии M`LinkX.<br />Оборудован молле-панелью, внутренней подсветкой, замком и гидроупорами.<br />Предназначен для размещения вещей и оборудования.<br /><br /><strong>Комплектация</strong><br /><ul><li data-list=""bullet"">Бокс</li><li data-list=""bullet"">Основная molle-панель (для установки бокса, также может использоваться отдельно)</li><li data-list=""bullet"">Кронштейны крепления бокса к багажнику M`LinkX</li><li data-list=""bullet"">Светодиодный фонарь подсветки с кабелем зарядки USB</li></ul><br /><strong>Размеры:</strong> 636*437*162мм<br /><strong>Объем: </strong>15л<br /><strong>Вес:</strong> около 10кг<br /><strong>Материал: </strong>PA+15%GF, PC+ASA, zinc alloy, PA";https://static.tildacdn.com/stor6465-6532-4761-b961-656163393731/21938120.png;78090.00;;;;;KnDb4l4VxfxJKzoI5tRJ;;BYD;0;0;0;0;;;;;
463469030073;;A.002.000077;;"Боковые боксы;Боковые боксы>>>Боковые боксы M`LinkX;Хранение";"Боковой бокс STORM PRO версии M`LinkX для Land Rover Defender 90";;"Боковой бокс <strong>Arcane Warrior M`LinkX PRO для Land Rover Defender 90 (2021 и далее).</strong><br />С креплениями для багажников серии M`LinkX, вешается со стороны пассажира.<br />Оборудован внутренней подсветкой, замком и гидроупорами. Предназначен для размещения вещей и оборудования<br /><br /><strong>КОМПЛЕКТАЦИЯ</strong><br /><ul><li data-list=""bullet"">Бокс</li><li data-list=""bullet"">Основная molle-панель (для установки бокса, также может использоваться отдельно)</li><li data-list=""bullet"">Кронштейны крепления бокса к багажнику M`LinkX</li><li data-list=""bullet"">Светодиодный фонарь подсветки с кабелем зарядки USB</li></ul><br /><strong>Размеры:</strong> 636*437*162мм<br /><strong>Объем: </strong>15л<br /><strong>Вес:</strong> около 10кг<br /><strong>Материал: </strong>PA+15%GF, PC+ASA, zinc alloy, PA";https://static.tildacdn.com/stor6465-6532-4761-b961-656163393731/21938120.png;78090.00;;;;;BDJzyThyXTXAR0otbXz7;;"Land Rover";0;0;0;0;;;;;
701705169613;;A.002.00069;;"Боковые боксы;Боковые боксы>>>Боковые боксы M`LinkX;Хранение";"Боковой бокс STORM PRO версии M`LinkX для Land Rover Defender 110";;"Боковой бокс <strong>Arcane Warrior M`LinkX PRO для Land Rover Defender 110 (2020 и далее).</strong><br />С креплениями для багажников серии M`LinkX, вешается со стороны пассажира.<br />Оборудован внутренней подсветкой, замком и гидроупорами. Предназначен для размещения вещей и оборудования<br /><br /><strong>КОМПЛЕКТАЦИЯ</strong><br /><ul><li data-list=""bullet"">Бокс</li><li data-list=""bullet"">Основная molle-панель (для установки бокса, также может использоваться отдельно)</li><li data-list=""bullet"">Кронштейны крепления бокса к багажнику M`LinkX</li><li data-list=""bullet"">Светодиодный фонарь подсветки с кабелем зарядки USB</li></ul><br /><strong>Размеры:</strong> 636*437*162мм<br /><strong>Объем: </strong>15л<br /><strong>Вес:</strong> около 10кг<br /><strong>Материал: </strong>PA+15%GF, PC+ASA, zinc alloy, PA";https://static.tildacdn.com/stor6465-6532-4761-b961-656163393731/21938120.png;78090.00;;;;;Z9b9R01bsI51ibiRZLAS;;"Land Rover";0;0;0;0;;;;;
199131640563;;A.002.000074;;"Боковые боксы;Боковые боксы>>>Боковые боксы M`LinkX;Хранение";"Боковой бокс STORM PRO версии M`LinkX для Chery iCar V27 2026";;"Боковой бокс <strong>Arcane Warrior STORM PRO</strong> для <strong>Chery iCar V27 (2026). </strong><br />С креплениями для багажников серии M`LinkX.<br />Оборудован молле-панелью, внутренней подсветкой, замком и гидроупорами.<br />Предназначен для размещения вещей и оборудования.<br /><br /><strong>Комплектация</strong><br /><ul><li data-list=""bullet"">Бокс</li><li data-list=""bullet"">Основная molle-панель (для установки бокса, также может использоваться отдельно)</li><li data-list=""bullet"">Кронштейны крепления бокса к багажнику M`LinkX</li><li data-list=""bullet"">Светодиодный фонарь подсветки с кабелем зарядки USB</li></ul><br /><strong>Размеры:</strong> 636*437*162мм<br /><strong>Объем: </strong>15л<br /><strong>Вес:</strong> около 10кг<br /><strong>Материал: </strong>PA+15%GF, PC+ASA, zinc alloy, PA";https://static.tildacdn.com/stor6465-6532-4761-b961-656163393731/21938120.png;78090.00;;;;;DXTnkMC3xSRoO763craG;;Chery;0;0;0;0;;;;;
933837537793;;A.004.000040;;"Лестницы;Лестницы>>>Лестницы для M`LinkX";"Боковая лестница CROSSING версии M`LINKX для BYD Denza B8";;"Прочная, удобная и стильная раскладная алюминиевая лестница <strong>CROSSING LADDER для BYD Denza B8 (2025-). С креплениями для багажников серии M`LINKX.</strong><br /><br /><ul><li data-list=""bullet"">Быстрое и легкое раскладывание и складывание</li><li data-list=""bullet"">Удобный доступ к оборудованию и вещам на багажнике</li><li data-list=""bullet"">Стильный и брутальный вид</li><li data-list=""bullet"">Двухточечная блокировка</li><li data-list=""bullet"">Многоточечная фиксация, более стабильный размер</li><li data-list=""bullet"">Трехступенчатое открытие и закрытие, более удобное в использовании</li></ul><br /><strong>Характеристики</strong><br /><ul><li data-list=""bullet"">Закрытый размер: 651*500*140мм</li><li data-list=""bullet"">Открытый размер: 1075*500*140мм</li><li data-list=""bullet"">Вес:12кг</li><li data-list=""bullet"">Материал: алюминий</li><li data-list=""bullet"">Нагрузка: 150кг</li></ul>";https://static.tildacdn.com/stor3731-6462-4439-b530-393633646163/89855094.jpg;66500.00;;;;;FbKgIzD77gjFoc8B7Cls;;BYD;0;0;0;0;;;;;
808130122303;;A.004.000042;;"Лестницы;Лестницы>>>Лестницы для M`LinkX";"Боковая лестница CROSSING версии M`LINKX для Land Rover Defender 90";;"Прочная, удобная и стильная раскладная алюминиевая лестница <strong>CROSSING LADDER для Land Rover Defender 90 (2021-). С креплениями для багажников серии M`LINKX.</strong><br /><br /><ul><li data-list=""bullet"">Быстрое и легкое раскладывание и складывание</li><li data-list=""bullet"">Удобный доступ к оборудованию и вещам на багажнике</li><li data-list=""bullet"">Стильный и брутальный вид</li><li data-list=""bullet"">Двухточечная блокировка</li><li data-list=""bullet"">Многоточечная фиксация, более стабильный размер</li><li data-list=""bullet"">Трехступенчатое открытие и закрытие, более удобное в использовании</li></ul><br /><strong>Характеристики</strong><br /><ul><li data-list=""bullet"">Закрытый размер: 651*500*140мм</li><li data-list=""bullet"">Открытый размер: 1075*500*140мм</li><li data-list=""bullet"">Вес:12кг</li><li data-list=""bullet"">Материал: алюминий</li><li data-list=""bullet"">Нагрузка: 150кг</li></ul>";https://static.tildacdn.com/stor3731-6462-4439-b530-393633646163/89855094.jpg;66500.00;;;;;dNsJYVI7fGLAMVdDfbtV;;"Land Rover";0;0;0;0;;;;;
571865454253;;A.004.000041;;"Лестницы;Лестницы>>>Лестницы для M`LinkX";"Боковая лестница CROSSING версии M`LINKX для Land Rover Defender 110";;"Прочная, удобная и стильная раскладная алюминиевая лестница <strong>CROSSING LADDER для Land Rover Defender 110 (2020-). С креплениями для багажников серии M`LINKX.</strong><br /><br /><ul><li data-list=""bullet"">Быстрое и легкое раскладывание и складывание</li><li data-list=""bullet"">Удобный доступ к оборудованию и вещам на багажнике</li><li data-list=""bullet"">Стильный и брутальный вид</li><li data-list=""bullet"">Двухточечная блокировка</li><li data-list=""bullet"">Многоточечная фиксация, более стабильный размер</li><li data-list=""bullet"">Трехступенчатое открытие и закрытие, более удобное в использовании</li></ul><br /><strong>Характеристики</strong><br /><ul><li data-list=""bullet"">Закрытый размер: 651*500*140мм</li><li data-list=""bullet"">Открытый размер: 1075*500*140мм</li><li data-list=""bullet"">Вес:12кг</li><li data-list=""bullet"">Материал: алюминий</li><li data-list=""bullet"">Нагрузка: 150кг</li></ul>";https://static.tildacdn.com/stor3731-6462-4439-b530-393633646163/89855094.jpg;66500.00;;;;;GID1ujVriBgpM8P7S2ia;;"Land Rover";0;0;0;0;;;;;
443811066523;;A.004.000044;;"Лестницы;Лестницы>>>Лестницы для M`LinkX";"Боковая лестница CROSSING версии M`LINKX для Chery iCar V27";;"Прочная, удобная и стильная раскладная алюминиевая лестница <strong>CROSSING LADDER для Chery iCar V27 (2026). С креплениями для багажников серии M`LINKX со стороны водителя.</strong><br /><br /><ul><li data-list=""bullet"">Быстрое и легкое раскладывание и складывание</li><li data-list=""bullet"">Удобный доступ к оборудованию и вещам на багажнике</li><li data-list=""bullet"">Стильный и брутальный вид</li><li data-list=""bullet"">Двухточечная блокировка</li><li data-list=""bullet"">Многоточечная фиксация, более стабильный размер</li><li data-list=""bullet"">Трехступенчатое открытие и закрытие, более удобное в использовании</li></ul><br /><strong>Характеристики</strong><br /><ul><li data-list=""bullet"">Закрытый размер: 651*500*140мм</li><li data-list=""bullet"">Открытый размер: 1075*500*140мм</li><li data-list=""bullet"">Вес:12кг</li><li data-list=""bullet"">Материал: алюминий</li><li data-list=""bullet"">Нагрузка: 150кг</li></ul>";https://static.tildacdn.com/stor3731-6462-4439-b530-393633646163/89855094.jpg;66500.00;;;;;O5A8Edn7YGgB87HFppcl;;"Chery;iCar";0;0;0;0;;;;;
888479804323;;A.001.000129-L;;"Багажники>>>Багажники STORM;Багажники";"Багажник экспедиционный STORM для HAVAL H5 (2023-2024) длинный";;"Легкий и прочный полноразмерный экспедиционный автомобильный багажник из алюминия <strong>STORM </strong>для <strong>HAVAL H5 (2023-2024) </strong>входит в систему Arcane Warrior для перевозки вещей и установки дополнительного оборудования для кемпинга и автопутешествий. Длинная версия багажника на всю площадь крыши автомобиля.<br /><ul><li data-list=""bullet"">Минимальное завышение от штатной высоты автомобиля</li><li data-list=""bullet"">Удобная сборная конструкция, в комплекте шаблон для сборки</li><li data-list=""bullet"">Специальные пазы для крепежных болтов в поперечинах для закрепления дополнительного оборудования</li><li data-list=""bullet"">Эстетичные и надежные крепления для заводских релингов</li></ul><br /><strong>Характеристики</strong><br />Размер багажника: 2065*1165*66мм<br />Размеры погрузочной площадки: 1569*1000мм<br />Размер упаковки: 2022*363*495мм<br />Завышение от штатной высоты: 63мм<br />Расстояние от дна платформы до крыши автомобиля: 80мм<br />Вес: 25.9кг<br />Динамическая грузоподьемность: 160кг<br />Статическая грузоподьемность: 350кг<br />Макcимальный размер диодной балки: 900мм";https://static.tildacdn.com/stor3938-6336-4933-b065-383161323738/65064910.jpg;137500.00;;;;;55zzXL5NgbhyysjSk3Di;;Haval;0;0;0;0;;;;;
599328551613;;001.000122.01;;"Багажники>>>Багажники STORM;Багажники";"Платформа багажника STORM для Land Rover Defender 110";;"Легкий и прочный полноразмерный экспедиционный автомобильный багажник из алюминия <strong>STORM </strong>для<strong> Land Rover Defender 110 </strong>входит в систему Arcane Warrior для перевозки вещей и установки дополнительного оборудования для кемпинга и автопутешествий.<br /><ul><li data-list=""bullet"">Минимальное завышение от штатной высоты автомобиля</li><li data-list=""bullet"">Специальные пазы для крепежных болтов в поперечинах для закрепления дополнительного оборудования</li><li data-list=""bullet"">Эстетичные и надежные крепления для заводских релингов</li></ul><br /><strong>Характеристики</strong><br />Только платформа 2065*1165, без кронштейнов";https://static.tildacdn.com/stor3865-3030-4536-a465-666464333166/49934420.jpg;88000.00;;;;;b1E7JsbajKP8B7Rs9jC1;;"Land Rover";0;0;0;0;;;;;
605725598453;;A.001.000166;;"Багажники>>>Аксессуары к багажникам STORM";"Дополнительные кронштейны багажника Toyota Land Cruiser 79";;"Для усиленных или удлинненых версий багажников серии STORM на Toyota Land Cruiser 79";https://static.tildacdn.com/stor3864-6261-4065-b130-616434653731/48178413.jpg;18525.00;;;;;vloh1mJz0SdGlN2h8dID;;Toyota;0;0;0;0;;;;;
499581278613;;A.001.000129;;"Багажники>>>Аксессуары к багажникам STORM";"Дополнительные кронштейны багажника Haval H5";;"Для усиленных или удлинненых версий багажников серии STORM на Haval H5";https://static.tildacdn.com/stor3864-6261-4065-b130-616434653731/48178413.jpg;18525.00;;;;;m6ZJ0dPRKf29cxPPgmP2;;Haval;0;0;0;0;;;;;
866517674563;;002.000001.03,103-037-001-03;;"Боковые боксы;Боковые боксы>>>Аксессуары к боковым боксам;Боковые боксы>>>Боковые боксы STORM;Боковые молле-панели;Хранение";"Боковая молле-панель для бокового бокса STORM PRO";;"Боковая молле-панель STORM PRO, устанавливается на кронштейгы для бокового бокса. На молле-панель может быть установлен бокс, можно закрепить другое оборудование (канистра, сэндтраки и т.д.).<br /><br />Подходит для: всех автомобилей, на которые есть кронштейны для боковых боксов.<br /><br /><strong>Характеристики</strong><br />Размеры: 636*437*3мм<br />Вес: около 2кг<br />Материал: 6063 Aluminum Alloy";https://static.tildacdn.com/stor6163-3838-4139-a566-336434626434/75c5c3120bd20a847e632c24c8645f77.png;14200.00;;;;;r8pylah90eI9iROM9fH7;;;0;0;0;0;;;;;
844449258103;;A.001.000261;;"Багажники>>>Багажники M’linkX;Багажники";"Багажник экспедиционный M'LinkX для BYD Leopard 3 / Denza B3 (2025+)";;"Компания Arcane Warrior представляет обновлённую багажную платформу M’linkX Roof Rack 2.0 для установки на автомобиль с заводскими рейлингами — модульную систему нового поколения, разработанную для путешествий, экспедиций и повседневного использования.<br /><br />Новая платформа была протестирована в реальных условиях на маршрутах Внутренней Монголии. За время испытаний было пройдено почти 900 миль, что позволило подтвердить надёжность конструкции и удобство эксплуатации в различных сценариях — от длительных автономных поездок до ежедневных маршрутов.<br /><br />M’linkX Roof Rack 2.0 — это не просто багажник, а универсальная платформа, адаптирующаяся под образ жизни владельца. Система поддерживает установку световых комплектов Light Bar Kits, обеспечивая дополнительное освещение и комфорт в пути.<br /><br />Ключевая особенность платформы — запатентованная система быстрого крепления. Установка и замена аксессуаров занимают всего несколько секунд и не требуют сверления или вмешательства в конструкцию автомобиля, сохраняя его целостность и внешний вид.<br /><br />M’linkX Roof Rack 2.0 сочетает в себе функциональность, продуманную модульность и фирменный подход Arcane Warrior к надёжности и свободе передвижения<br /><br /><strong>Основные особенности: </strong><br /><ul><li data-list=""bullet"">Тонкий профиль толщиной всего 3.7см из прочного алюминиевого сплава</li><li data-list=""bullet"">Вес в 2-3 раза легче аналогов при максимальной нагрузке 350кг.</li><li data-list=""bullet"">Уникальная система расширения: добавь необходимое количество поперечин, пристегни оборудование и дополнительный свет за минуту.</li><li data-list=""bullet"">Эстетичный дизайн выделяет ваш автомобиль в потоке.</li></ul>";https://static.tildacdn.com/stor3537-3264-4864-b561-383862623362/306a0078099c9eea7bb05138c8659dc0.png;141237.00;;;;;VTtjuJ4TJYOlm206XjtM;;"BYD;Denza";0;0;0;0;;;;;
214892651063;;A.001.000278;;"Багажники>>>Багажники M’linkX;Багажники";"Багажник экспедиционный M'LinkX для Toyota 4runner (2024-2025 Gen6)";;"Компания Arcane Warrior представляет обновлённую багажную платформу M’linkX Roof Rack 2.0 для установки на автомобиль с заводскими рейлингами — модульную систему нового поколения, разработанную для путешествий, экспедиций и повседневного использования.<br /><br />Новая платформа была протестирована в реальных условиях на маршрутах Внутренней Монголии. За время испытаний было пройдено почти 900 миль, что позволило подтвердить надёжность конструкции и удобство эксплуатации в различных сценариях — от длительных автономных поездок до ежедневных маршрутов.<br /><br />M’linkX Roof Rack 2.0 — это не просто багажник, а универсальная платформа, адаптирующаяся под образ жизни владельца. Система поддерживает установку световых комплектов Light Bar Kits, обеспечивая дополнительное освещение и комфорт в пути.<br /><br />Ключевая особенность платформы — запатентованная система быстрого крепления. Установка и замена аксессуаров занимают всего несколько секунд и не требуют сверления или вмешательства в конструкцию автомобиля, сохраняя его целостность и внешний вид.<br /><br />M’linkX Roof Rack 2.0 сочетает в себе функциональность, продуманную модульность и фирменный подход Arcane Warrior к надёжности и свободе передвижения<br /><br /><strong>Основные особенности: </strong><br /><ul><li data-list=""bullet"">Тонкий профиль толщиной всего 3.7см из прочного алюминиевого сплава</li><li data-list=""bullet"">Вес в 2-3 раза легче аналогов при максимальной нагрузке 350кг.</li><li data-list=""bullet"">Уникальная система расширения: добавь необходимое количество поперечин, пристегни оборудование и дополнительный свет за минуту.</li><li data-list=""bullet"">Эстетичный дизайн выделяет ваш автомобиль в потоке.</li></ul>";https://static.tildacdn.com/stor3537-3264-4864-b561-383862623362/306a0078099c9eea7bb05138c8659dc0.png;155263.00;;;;;FCc58a0C0EOIzXhuGokC;;Toyota;0;0;0;0;;;;;
309886970563;;A.001.000477;;"Багажники>>>Багажники M’linkX;Багажники";"Багажник экспедиционный M'LinkX для Jeep Wrangler JL Sky One-Touch (2018-2026)";;"Компания Arcane Warrior представляет обновлённую багажную платформу M’linkX Roof Rack 2.0 для установки на автомобиль с заводскими рейлингами — модульную систему нового поколения, разработанную для путешествий, экспедиций и повседневного использования.<br /><br />Новая платформа была протестирована в реальных условиях на маршрутах Внутренней Монголии. За время испытаний было пройдено почти 900 миль, что позволило подтвердить надёжность конструкции и удобство эксплуатации в различных сценариях — от длительных автономных поездок до ежедневных маршрутов.<br /><br />M’linkX Roof Rack 2.0 — это не просто багажник, а универсальная платформа, адаптирующаяся под образ жизни владельца. Система поддерживает установку световых комплектов Light Bar Kits, обеспечивая дополнительное освещение и комфорт в пути.<br /><br />Ключевая особенность платформы — запатентованная система быстрого крепления. Установка и замена аксессуаров занимают всего несколько секунд и не требуют сверления или вмешательства в конструкцию автомобиля, сохраняя его целостность и внешний вид.<br /><br />M’linkX Roof Rack 2.0 сочетает в себе функциональность, продуманную модульность и фирменный подход Arcane Warrior к надёжности и свободе передвижения<br /><br /><strong>Основные особенности: </strong><br /><ul><li data-list=""bullet"">Тонкий профиль толщиной всего 3.7см из прочного алюминиевого сплава</li><li data-list=""bullet"">Вес в 2-3 раза легче аналогов при максимальной нагрузке 350кг.</li><li data-list=""bullet"">Уникальная система расширения: добавь необходимое количество поперечин, пристегни оборудование и дополнительный свет за минуту.</li><li data-list=""bullet"">Эстетичный дизайн выделяет ваш автомобиль в потоке.</li></ul>";https://static.tildacdn.com/stor3537-3264-4864-b561-383862623362/306a0078099c9eea7bb05138c8659dc0.png;155263.00;;;;;8fksifUkVpdINDFyKJfo;;Jeep;0;0;0;0;;;;;
398123128863;;A.001.000267;;"Багажники>>>Багажники M’linkX;Багажники";"Багажник экспедиционный M'LinkX для Jetour Zongheng G700 (2025)";;"Компания Arcane Warrior представляет обновлённую багажную платформу M’linkX Roof Rack 2.0 для установки на автомобиль с заводскими рейлингами — модульную систему нового поколения, разработанную для путешествий, экспедиций и повседневного использования.<br /><br />Новая платформа была протестирована в реальных условиях на маршрутах Внутренней Монголии. За время испытаний было пройдено почти 900 миль, что позволило подтвердить надёжность конструкции и удобство эксплуатации в различных сценариях — от длительных автономных поездок до ежедневных маршрутов.<br /><br />M’linkX Roof Rack 2.0 — это не просто багажник, а универсальная платформа, адаптирующаяся под образ жизни владельца. Система поддерживает установку световых комплектов Light Bar Kits, обеспечивая дополнительное освещение и комфорт в пути.<br /><br />Ключевая особенность платформы — запатентованная система быстрого крепления. Установка и замена аксессуаров занимают всего несколько секунд и не требуют сверления или вмешательства в конструкцию автомобиля, сохраняя его целостность и внешний вид.<br /><br />M’linkX Roof Rack 2.0 сочетает в себе функциональность, продуманную модульность и фирменный подход Arcane Warrior к надёжности и свободе передвижения<br /><br /><strong>Основные особенности: </strong><br /><ul><li data-list=""bullet"">Тонкий профиль толщиной всего 3.7см из прочного алюминиевого сплава</li><li data-list=""bullet"">Вес в 2-3 раза легче аналогов при максимальной нагрузке 350кг.</li><li data-list=""bullet"">Уникальная система расширения: добавь необходимое количество поперечин, пристегни оборудование и дополнительный свет за минуту.</li><li data-list=""bullet"">Эстетичный дизайн выделяет ваш автомобиль в потоке.</li></ul>";https://static.tildacdn.com/stor3537-3264-4864-b561-383862623362/306a0078099c9eea7bb05138c8659dc0.png;155263.00;;;;;aBR6Yb7Iscjtk68c0kEc;;Jetour;0;0;0;0;;;;;
689901670543;;A.001.000441;;"Багажники>>>Багажники M’linkX;Багажники";"Багажник экспедиционный M'LinkX для Land Rover Discovery 3/4";;"Компания Arcane Warrior представляет обновлённую багажную платформу M’linkX Roof Rack 2.0 для установки на автомобиль с заводскими рейлингами — модульную систему нового поколения, разработанную для путешествий, экспедиций и повседневного использования.<br /><br />Новая платформа была протестирована в реальных условиях на маршрутах Внутренней Монголии. За время испытаний было пройдено почти 900 миль, что позволило подтвердить надёжность конструкции и удобство эксплуатации в различных сценариях — от длительных автономных поездок до ежедневных маршрутов.<br /><br />M’linkX Roof Rack 2.0 — это не просто багажник, а универсальная платформа, адаптирующаяся под образ жизни владельца. Система поддерживает установку световых комплектов Light Bar Kits, обеспечивая дополнительное освещение и комфорт в пути.<br /><br />Ключевая особенность платформы — запатентованная система быстрого крепления. Установка и замена аксессуаров занимают всего несколько секунд и не требуют сверления или вмешательства в конструкцию автомобиля, сохраняя его целостность и внешний вид.<br /><br />M’linkX Roof Rack 2.0 сочетает в себе функциональность, продуманную модульность и фирменный подход Arcane Warrior к надёжности и свободе передвижения<br /><br /><strong>Основные особенности: </strong><br /><ul><li data-list=""bullet"">Тонкий профиль толщиной всего 3.7см из прочного алюминиевого сплава</li><li data-list=""bullet"">Вес в 2-3 раза легче аналогов при максимальной нагрузке 350кг.</li><li data-list=""bullet"">Уникальная система расширения: добавь необходимое количество поперечин, пристегни оборудование и дополнительный свет за минуту.</li><li data-list=""bullet"">Эстетичный дизайн выделяет ваш автомобиль в потоке.</li></ul>";https://static.tildacdn.com/stor3537-3264-4864-b561-383862623362/306a0078099c9eea7bb05138c8659dc0.png;141237.00;;;;;j5MB2ofb7k9CuHOp0d4e;;"Land Rover";0;0;0;0;;;;;
319519073473;;A.001.000485;;"Багажники>>>Багажники M’linkX;Багажники";"Багажник экспедиционный M'LinkX для Ford F150/Raptor (2021+)";;"Компания Arcane Warrior представляет обновлённую багажную платформу M’linkX Roof Rack 2.0 для установки на автомобиль с заводскими рейлингами — модульную систему нового поколения, разработанную для путешествий, экспедиций и повседневного использования.<br /><br />Новая платформа была протестирована в реальных условиях на маршрутах Внутренней Монголии. За время испытаний было пройдено почти 900 миль, что позволило подтвердить надёжность конструкции и удобство эксплуатации в различных сценариях — от длительных автономных поездок до ежедневных маршрутов.<br /><br />M’linkX Roof Rack 2.0 — это не просто багажник, а универсальная платформа, адаптирующаяся под образ жизни владельца. Система поддерживает установку световых комплектов Light Bar Kits, обеспечивая дополнительное освещение и комфорт в пути.<br /><br />Ключевая особенность платформы — запатентованная система быстрого крепления. Установка и замена аксессуаров занимают всего несколько секунд и не требуют сверления или вмешательства в конструкцию автомобиля, сохраняя его целостность и внешний вид.<br /><br />M’linkX Roof Rack 2.0 сочетает в себе функциональность, продуманную модульность и фирменный подход Arcane Warrior к надёжности и свободе передвижения<br /><br /><strong>Основные особенности: </strong><br /><ul><li data-list=""bullet"">Тонкий профиль толщиной всего 3.7см из прочного алюминиевого сплава</li><li data-list=""bullet"">Вес в 2-3 раза легче аналогов при максимальной нагрузке 350кг.</li><li data-list=""bullet"">Уникальная система расширения: добавь необходимое количество поперечин, пристегни оборудование и дополнительный свет за минуту.</li><li data-list=""bullet"">Эстетичный дизайн выделяет ваш автомобиль в потоке.</li></ul><br /><strong>Основные характеристики</strong><br /><ul><li data-list=""bullet"">Для автомобиля Ford F150/Raptor (2021+)</li><li data-list=""bullet"">Габариты (ДxШxВ): 1560*1440*37мм</li><li data-list=""bullet"">Вес: 13,5 кг</li></ul>";https://static.tildacdn.com/stor3537-3264-4864-b561-383862623362/306a0078099c9eea7bb05138c8659dc0.png;155263.00;;;;;JaVK3vJyLfZAjhNr8j1u;;Ford;0;0;0;0;;;;;
786147079873;;A.001.000191;;"Багажники>>>Багажники M’linkX;Багажники;Автомобили>>>Leopard 8";"Багажник экспедиционный M'LinkX для BYD Denza B8 (2025)";;"Компания Arcane Warrior представляет обновлённую багажную платформу M’linkX Roof Rack 2.0 для установки на автомобиль с заводскими рейлингами — модульную систему нового поколения, разработанную для путешествий, экспедиций и повседневного использования.<br /><br />Новая платформа была протестирована в реальных условиях на маршрутах Внутренней Монголии. За время испытаний было пройдено почти 900 миль, что позволило подтвердить надёжность конструкции и удобство эксплуатации в различных сценариях — от длительных автономных поездок до ежедневных маршрутов.<br /><br />M’linkX Roof Rack 2.0 — это не просто багажник, а универсальная платформа, адаптирующаяся под образ жизни владельца. Система поддерживает установку световых комплектов Light Bar Kits, обеспечивая дополнительное освещение и комфорт в пути.<br /><br />Ключевая особенность платформы — запатентованная система быстрого крепления. Установка и замена аксессуаров занимают всего несколько секунд и не требуют сверления или вмешательства в конструкцию автомобиля, сохраняя его целостность и внешний вид.<br /><br />M’linkX Roof Rack 2.0 сочетает в себе функциональность, продуманную модульность и фирменный подход Arcane Warrior к надёжности и свободе передвижения<br /><br /><strong>Основные особенности: </strong><br /><ul><li data-list=""bullet"">Тонкий профиль толщиной всего 3.7см из прочного алюминиевого сплава</li><li data-list=""bullet"">Вес в 2-3 раза легче аналогов при максимальной нагрузке 350кг.</li><li data-list=""bullet"">Уникальная система расширения: добавь необходимое количество поперечин, пристегни оборудование и дополнительный свет за минуту.</li><li data-list=""bullet"">Эстетичный дизайн выделяет ваш автомобиль в потоке.</li></ul>";https://static.tildacdn.com/stor3537-3264-4864-b561-383862623362/306a0078099c9eea7bb05138c8659dc0.png;155263.00;;;;;ltPyh48vBc7P7pRnNKEt;;BYD;0;0;0;0;;;;;
257138782793;;A.001.000470;;"Багажники>>>Багажники M’linkX;Багажники";"Багажник экспедиционный M'LinkX для Jeep Gladiator (2022+)";;"Компания Arcane Warrior представляет обновлённую багажную платформу M’linkX Roof Rack 2.0 для установки на автомобиль с заводскими рейлингами — модульную систему нового поколения, разработанную для путешествий, экспедиций и повседневного использования.<br /><br />Новая платформа была протестирована в реальных условиях на маршрутах Внутренней Монголии. За время испытаний было пройдено почти 900 миль, что позволило подтвердить надёжность конструкции и удобство эксплуатации в различных сценариях — от длительных автономных поездок до ежедневных маршрутов.<br /><br />M’linkX Roof Rack 2.0 — это не просто багажник, а универсальная платформа, адаптирующаяся под образ жизни владельца. Система поддерживает установку световых комплектов Light Bar Kits, обеспечивая дополнительное освещение и комфорт в пути.<br /><br />Ключевая особенность платформы — запатентованная система быстрого крепления. Установка и замена аксессуаров занимают всего несколько секунд и не требуют сверления или вмешательства в конструкцию автомобиля, сохраняя его целостность и внешний вид.<br /><br />M’linkX Roof Rack 2.0 сочетает в себе функциональность, продуманную модульность и фирменный подход Arcane Warrior к надёжности и свободе передвижения<br /><br /><strong>Основные особенности: </strong><br /><ul><li data-list=""bullet"">Тонкий профиль толщиной всего 3.7см из прочного алюминиевого сплава</li><li data-list=""bullet"">Вес в 2-3 раза легче аналогов при максимальной нагрузке 350кг.</li><li data-list=""bullet"">Уникальная система расширения: добавь необходимое количество поперечин, пристегни оборудование и дополнительный свет за минуту.</li><li data-list=""bullet"">Эстетичный дизайн выделяет ваш автомобиль в потоке.</li></ul>";https://static.tildacdn.com/stor3537-3264-4864-b561-383862623362/306a0078099c9eea7bb05138c8659dc0.png;141237.00;;;;;grVgK69JkYsx1YTB5Kxa;;Jeep;0;0;0;0;;;;;
134669757753;;A.001.000270;;"Багажники>>>Багажники M’linkX;Багажники";"Багажник экспедиционный M'LinkX для Lixiang Li L7 (2023+)";;"Компания Arcane Warrior представляет обновлённую багажную платформу M’linkX Roof Rack 2.0 для установки на автомобиль с заводскими рейлингами — модульную систему нового поколения, разработанную для путешествий, экспедиций и повседневного использования.<br /><br />Новая платформа была протестирована в реальных условиях на маршрутах Внутренней Монголии. За время испытаний было пройдено почти 900 миль, что позволило подтвердить надёжность конструкции и удобство эксплуатации в различных сценариях — от длительных автономных поездок до ежедневных маршрутов.<br /><br />M’linkX Roof Rack 2.0 — это не просто багажник, а универсальная платформа, адаптирующаяся под образ жизни владельца. Система поддерживает установку световых комплектов Light Bar Kits, обеспечивая дополнительное освещение и комфорт в пути.<br /><br />Ключевая особенность платформы — запатентованная система быстрого крепления. Установка и замена аксессуаров занимают всего несколько секунд и не требуют сверления или вмешательства в конструкцию автомобиля, сохраняя его целостность и внешний вид.<br /><br />M’linkX Roof Rack 2.0 сочетает в себе функциональность, продуманную модульность и фирменный подход Arcane Warrior к надёжности и свободе передвижения<br /><br /><strong>Основные особенности: </strong><br /><ul><li data-list=""bullet"">Тонкий профиль толщиной всего 3.7см из прочного алюминиевого сплава</li><li data-list=""bullet"">Вес в 2-3 раза легче аналогов при максимальной нагрузке 350кг.</li><li data-list=""bullet"">Уникальная система расширения: добавь необходимое количество поперечин, пристегни оборудование и дополнительный свет за минуту.</li><li data-list=""bullet"">Эстетичный дизайн выделяет ваш автомобиль в потоке.</li></ul>";https://static.tildacdn.com/stor3537-3264-4864-b561-383862623362/306a0078099c9eea7bb05138c8659dc0.png;141237.00;;;;;ZASyrfK4X7EhTcp4kKl4;;"Li Auto";0;0;0;0;;;;;
237201311493;;A.001.000422;;"Багажники>>>Багажники M’linkX;Багажники";"Багажник экспедиционный M'LinkX для NIO ES8 (2026)";;"Компания Arcane Warrior представляет обновлённую багажную платформу M’linkX Roof Rack 2.0 для установки на автомобиль с заводскими рейлингами — модульную систему нового поколения, разработанную для путешествий, экспедиций и повседневного использования.<br /><br />Новая платформа была протестирована в реальных условиях на маршрутах Внутренней Монголии. За время испытаний было пройдено почти 900 миль, что позволило подтвердить надёжность конструкции и удобство эксплуатации в различных сценариях — от длительных автономных поездок до ежедневных маршрутов.<br /><br />M’linkX Roof Rack 2.0 — это не просто багажник, а универсальная платформа, адаптирующаяся под образ жизни владельца. Система поддерживает установку световых комплектов Light Bar Kits, обеспечивая дополнительное освещение и комфорт в пути.<br /><br />Ключевая особенность платформы — запатентованная система быстрого крепления. Установка и замена аксессуаров занимают всего несколько секунд и не требуют сверления или вмешательства в конструкцию автомобиля, сохраняя его целостность и внешний вид.<br /><br />M’linkX Roof Rack 2.0 сочетает в себе функциональность, продуманную модульность и фирменный подход Arcane Warrior к надёжности и свободе передвижения<br /><br /><strong>Основные особенности: </strong><br /><ul><li data-list=""bullet"">Тонкий профиль толщиной всего 3.7см из прочного алюминиевого сплава</li><li data-list=""bullet"">Вес в 2-3 раза легче аналогов при максимальной нагрузке 350кг.</li><li data-list=""bullet"">Уникальная система расширения: добавь необходимое количество поперечин, пристегни оборудование и дополнительный свет за минуту.</li><li data-list=""bullet"">Эстетичный дизайн выделяет ваш автомобиль в потоке.</li></ul>";https://static.tildacdn.com/stor3537-3264-4864-b561-383862623362/306a0078099c9eea7bb05138c8659dc0.png;141237.00;;;;;7J6N84mTKPzOzAJPmxmJ;;NIO;0;0;0;0;;;;;
822147487733;;A.001.000467;;"Багажники>>>Багажники M’linkX;Багажники";"Багажник экспедиционный M'LinkX для Haval H5 (2023-2025)";;"Компания Arcane Warrior представляет обновлённую багажную платформу M’linkX Roof Rack 2.0 для установки на автомобиль с заводскими рейлингами — модульную систему нового поколения, разработанную для путешествий, экспедиций и повседневного использования.<br /><br />Новая платформа была протестирована в реальных условиях на маршрутах Внутренней Монголии. За время испытаний было пройдено почти 900 миль, что позволило подтвердить надёжность конструкции и удобство эксплуатации в различных сценариях — от длительных автономных поездок до ежедневных маршрутов.<br /><br />M’linkX Roof Rack 2.0 — это не просто багажник, а универсальная платформа, адаптирующаяся под образ жизни владельца. Система поддерживает установку световых комплектов Light Bar Kits, обеспечивая дополнительное освещение и комфорт в пути.<br /><br />Ключевая особенность платформы — запатентованная система быстрого крепления. Установка и замена аксессуаров занимают всего несколько секунд и не требуют сверления или вмешательства в конструкцию автомобиля, сохраняя его целостность и внешний вид.<br /><br />M’linkX Roof Rack 2.0 сочетает в себе функциональность, продуманную модульность и фирменный подход Arcane Warrior к надёжности и свободе передвижения<br /><br /><strong>Основные особенности: </strong><br /><ul><li data-list=""bullet"">Тонкий профиль толщиной всего 3.7см из прочного алюминиевого сплава</li><li data-list=""bullet"">Вес в 2-3 раза легче аналогов при максимальной нагрузке 350кг.</li><li data-list=""bullet"">Уникальная система расширения: добавь необходимое количество поперечин, пристегни оборудование и дополнительный свет за минуту.</li><li data-list=""bullet"">Эстетичный дизайн выделяет ваш автомобиль в потоке.</li></ul>";https://static.tildacdn.com/stor3537-3264-4864-b561-383862623362/306a0078099c9eea7bb05138c8659dc0.png;155263.00;;;;;xscT3Uf2SduL15vHiPVN;;Haval;0;0;0;0;;;;;
737750102903;;A.001.000272;;"Багажники>>>Багажники STORM;Багажники";"Багажник экспедиционный STORM для Toyota Fortuner (2015-2026)";;"Легкий и прочный полноразмерный экспедиционный автомобильный багажник из алюминия <strong>STORM </strong>для <strong>Toyota Fortuner (2015-2026)</strong> входит в систему Arcane Warrior для перевозки вещей и установки дополнительного оборудования для кемпинга и автопутешествий.<br /><ul><li data-list=""bullet"">Минимальное завышение от штатной высоты автомобиля</li><li data-list=""bullet"">Удобная сборная конструкция, в комплекте шаблон для сборки</li><li data-list=""bullet"">Специальные пазы для крепежных болтов в поперечинах для закрепления дополнительного оборудования</li><li data-list=""bullet"">Эстетичные и надежные крепления для заводских релингов</li></ul>";https://static.tildacdn.com/stor6331-3465-4637-a132-346131613630/89778673.jpg;107008.00;;;;;r1jm4BgAVz4H67rK7TE3;;Toyota;0;0;0;0;;;;;
307375601593;;002.000001.01,103-037-001-00;;"Боковые боксы;Боковые боксы>>>Боковые боксы STORM;Хранение";"Боковой бокс STORM для Toyota Fortuner (2015-2026)";;"Боковой бокс <strong>Arcane Warrior STORM для Toyota Fortuner (2015-2026) с кронштейнами в комплекте. </strong>Оборудован внутренней подсветкой, замком и гидроупорами. Предназначен для размещения вещей и оборудования<br /><br /><strong>КОМПЛЕКТАЦИЯ:</strong><br /><ul><li data-list=""bullet"">Бокс</li><li data-list=""bullet"">Кронштейны крепления бокса к багажнику (103-037-058-01)</li><li data-list=""bullet"">Светодиодный фонарь подсветки с кабелем зарядки USB</li></ul><br /><strong>Размеры:</strong> 636*437*162мм<br /><strong>Объем: </strong>15л<br /><strong>Вес:</strong> около 10кг<br /><strong>Материал: </strong>PA+15%GF, PC+ASA, zinc alloy, PA";https://static.tildacdn.com/stor6463-3330-4862-b833-393933643963/48381322.png;63840.00;;;;;thDNEZNNGyg2B47tIyD6;;Toyota;0;0;0;0;;;;;
885117254403;;A.004.000037;;"Лестницы;Лестницы>>>Лестницы для STORM;Лестницы>>>Лестницы Crossing";"Боковая лестница CROSSING Ladder для Toyota Fortuner (2015-2026)";;"Прочная, удобная и стильная раскладная алюминиевая лестница <strong>CROSSING LADDER для Toyota Fortuner (2015-2026).</strong><br /><br /><ul><li data-list=""bullet"">Быстрое и легкое раскладывание и складывание</li><li data-list=""bullet"">Удобный доступ к оборудованию и вещам на багажнике</li><li data-list=""bullet"">Стильный и брутальный вид</li><li data-list=""bullet"">Двухточечная блокировка</li><li data-list=""bullet"">Многоточечная фиксация, более стабильный размер</li><li data-list=""bullet"">Трехступенчатое открытие и закрытие, более удобное в использовании</li></ul><br /><strong>Характеристики</strong><br /><ul><li data-list=""bullet"">Закрытый размер: 651*500*140мм</li><li data-list=""bullet"">Открытый размер: 1075*500*140мм</li><li data-list=""bullet"">Вес:12кг</li><li data-list=""bullet"">Материал: алюминий</li><li data-list=""bullet"">Нагрузка: 150кг</li></ul>";https://static.tildacdn.com/stor3731-6462-4439-b530-393633646163/89855094.jpg;66500.00;;;;;9m6Fk1ChVKi4RfLGE6HH;;Toyota;0;0;0;0;;;;;
604428877693;;A.012.000107;;"Багажники>>>Аксессуары к багажникам M`LinkX";"Кабель питания внешнего драйвера M'LinkX Ambient Light (ACC)";;;;0;;;;;bHy8KPv0vmBYtuS0uzVc;;;0;0;0;0;;;;;
802533684993;;A.004.000036;;"Лестницы;Лестницы>>>Лестницы для STORM;Лестницы>>>Лестницы Crossing";"Боковая лестница CROSSING Ladder для Toyota FJ (2026)";;"Прочная, удобная и стильная раскладная алюминиевая лестница <strong>CROSSING LADDER для Toyota FJ (2026) на пассажирскую сторону.</strong><br /><br /><ul><li data-list=""bullet"">Быстрое и легкое раскладывание и складывание</li><li data-list=""bullet"">Удобный доступ к оборудованию и вещам на багажнике</li><li data-list=""bullet"">Стильный и брутальный вид</li><li data-list=""bullet"">Двухточечная блокировка</li><li data-list=""bullet"">Многоточечная фиксация, более стабильный размер</li><li data-list=""bullet"">Трехступенчатое открытие и закрытие, более удобное в использовании</li></ul><br /><strong>Характеристики</strong><br /><ul><li data-list=""bullet"">Закрытый размер: 651*500*140мм</li><li data-list=""bullet"">Открытый размер: 1075*500*140мм</li><li data-list=""bullet"">Вес:12кг</li><li data-list=""bullet"">Материал: алюминий</li><li data-list=""bullet"">Нагрузка: 150кг</li></ul>";https://static.tildacdn.com/stor3731-6462-4439-b530-393633646163/89855094.jpg;66500.00;;;;;LLNxPHVycviYAvZ0l3aM;;Toyota;0;0;0;0;;;;;
656969510093;;A.001.000268;;"Багажники>>>Багажники STORM;Багажники";"Багажник экспедиционный STORM для Toyota FJ (2026)";;"Легкий и прочный полноразмерный экспедиционный автомобильный багажник из алюминия <strong>STORM </strong>для Toyota FJ (2026) входит в систему Arcane Warrior для перевозки вещей и установки дополнительного оборудования для кемпинга и автопутешествий.<br /><ul><li data-list=""bullet"">Минимальное завышение от штатной высоты автомобиля</li><li data-list=""bullet"">Удобная сборная конструкция, в комплекте шаблон для сборки</li><li data-list=""bullet"">Специальные пазы для крепежных болтов в поперечинах для закрепления дополнительного оборудования</li><li data-list=""bullet"">Эстетичные и надежные крепления для заводских релингов</li></ul>";https://static.tildacdn.com/stor6331-3465-4637-a132-346131613630/89778673.jpg;131879.00;;;;;eA2c2SLiXjb8ezGaOHn2;;Toyota;0;0;0;0;;;;;
501046772213;;;;"Боковые боксы>>>Аксессуары к боковым боксам;Боковые молле-панели";"Боковая молле-панель для Haval H9";;"Комплект из боковой молле-панели и креплений под автомобиль. Боковая молле-панель STORM PRO, устанавливается на кронштейны для бокового бокса. На молле-панель может быть установлен бокс, можно закрепить другое оборудование (канистра, сэндтраки и т.д.).<br /><br />Подходит для: всех автомобилей, на которые есть кронштейны для боковых боксов.<br /><br /><ul><li data-list=""bullet"">Алюминий авиационного класса 6061: сверхлегкий, но при этом невероятно прочный. 100% устойчивость к коррозии для экстремальных внедорожных условий.</li><li data-list=""bullet"">Эксклюзивная система крепления STORM Rack: разработана специально для багажника STORM. Крепится болтами напрямую, без сверления.</li><li data-list=""bullet"">Максимальное использование внешнего пространства для хранения: универсальная сетка MOLLE позволяет легко закрепить эвакуационные доски, канистры с топливом и инструменты. Освободите место в салоне.</li><li data-list=""bullet"">Надежная фиксация снаряжения: жесткая конструкция предотвращает дребезжание на ухабистых дорогах. Надежно удерживает тяжелое снаряжение на месте.</li></ul><br /><strong>Характеристики</strong><br />Размеры: 636*437*3мм<br />Вес: около 2кг";https://static.tildacdn.com/stor6163-3838-4139-a566-336434626434/75c5c3120bd20a847e632c24c8645f77.png;27265.00;;;;;krh0UPKsSMOZJ8xgsdXA;;Haval;0;0;0;0;;;;;
572295212343;;;;"Боковые боксы>>>Аксессуары к боковым боксам;Боковые молле-панели";"Боковая молле-панель для BYD Leopard 8";;"Комплект из боковой молле-панели и креплений под автомобиль. Боковая молле-панель STORM PRO, устанавливается на кронштейны для бокового бокса. На молле-панель может быть установлен бокс, можно закрепить другое оборудование (канистра, сэндтраки и т.д.).<br /><br />Подходит для: всех автомобилей, на которые есть кронштейны для боковых боксов.<br /><br /><ul><li data-list=""bullet"">Алюминий авиационного класса 6061: сверхлегкий, но при этом невероятно прочный. 100% устойчивость к коррозии для экстремальных внедорожных условий.</li><li data-list=""bullet"">Эксклюзивная система крепления STORM Rack: разработана специально для багажника STORM. Крепится болтами напрямую, без сверления.</li><li data-list=""bullet"">Максимальное использование внешнего пространства для хранения: универсальная сетка MOLLE позволяет легко закрепить эвакуационные доски, канистры с топливом и инструменты. Освободите место в салоне.</li><li data-list=""bullet"">Надежная фиксация снаряжения: жесткая конструкция предотвращает дребезжание на ухабистых дорогах. Надежно удерживает тяжелое снаряжение на месте.</li></ul><br /><strong>Характеристики</strong><br />Размеры: 636*437*3мм<br />Вес: около 2кг";https://static.tildacdn.com/stor6163-3838-4139-a566-336434626434/75c5c3120bd20a847e632c24c8645f77.png;27265.00;;;;;ImzPMxeMSuJvFeKoKDRf;;BYD;0;0;0;0;;;;;
541651725713;;;;"Боковые боксы>>>Аксессуары к боковым боксам;Боковые молле-панели";"Боковая молле-панель для BYD Leopard 5";;"Комплект из боковой молле-панели и креплений под автомобиль. Боковая молле-панель STORM PRO, устанавливается на кронштейны для бокового бокса. На молле-панель может быть установлен бокс, можно закрепить другое оборудование (канистра, сэндтраки и т.д.).<br /><br />Подходит для: всех автомобилей, на которые есть кронштейны для боковых боксов.<br /><br /><ul><li data-list=""bullet"">Алюминий авиационного класса 6061: сверхлегкий, но при этом невероятно прочный. 100% устойчивость к коррозии для экстремальных внедорожных условий.</li><li data-list=""bullet"">Эксклюзивная система крепления STORM Rack: разработана специально для багажника STORM. Крепится болтами напрямую, без сверления.</li><li data-list=""bullet"">Максимальное использование внешнего пространства для хранения: универсальная сетка MOLLE позволяет легко закрепить эвакуационные доски, канистры с топливом и инструменты. Освободите место в салоне.</li><li data-list=""bullet"">Надежная фиксация снаряжения: жесткая конструкция предотвращает дребезжание на ухабистых дорогах. Надежно удерживает тяжелое снаряжение на месте.</li></ul><br /><strong>Характеристики</strong><br />Размеры: 636*437*3мм<br />Вес: около 2кг";https://static.tildacdn.com/stor6163-3838-4139-a566-336434626434/75c5c3120bd20a847e632c24c8645f77.png;27265.00;;;;;238bYsYHb66jKo51A81T;;BYD;0;0;0;0;;;;;
731319974183;;;;"Боковые боксы>>>Аксессуары к боковым боксам;Боковые молле-панели";"Боковая молле-панель для Ford Bronco";;"Комплект из боковой молле-панели и креплений под автомобиль. Боковая молле-панель STORM PRO, устанавливается на кронштейны для бокового бокса. На молле-панель может быть установлен бокс, можно закрепить другое оборудование (канистра, сэндтраки и т.д.).<br /><br />Подходит для: всех автомобилей, на которые есть кронштейны для боковых боксов.<br /><br /><ul><li data-list=""bullet"">Алюминий авиационного класса 6061: сверхлегкий, но при этом невероятно прочный. 100% устойчивость к коррозии для экстремальных внедорожных условий.</li><li data-list=""bullet"">Эксклюзивная система крепления STORM Rack: разработана специально для багажника STORM. Крепится болтами напрямую, без сверления.</li><li data-list=""bullet"">Максимальное использование внешнего пространства для хранения: универсальная сетка MOLLE позволяет легко закрепить эвакуационные доски, канистры с топливом и инструменты. Освободите место в салоне.</li><li data-list=""bullet"">Надежная фиксация снаряжения: жесткая конструкция предотвращает дребезжание на ухабистых дорогах. Надежно удерживает тяжелое снаряжение на месте.</li></ul><br /><strong>Характеристики</strong><br />Размеры: 636*437*3мм<br />Вес: около 2кг";https://static.tildacdn.com/stor6163-3838-4139-a566-336434626434/75c5c3120bd20a847e632c24c8645f77.png;27265.00;;;;;9Bo2TPgpZPOpsogGObx1;;Ford;0;0;0;0;;;;;
190088129483;;;;"Боковые боксы>>>Аксессуары к боковым боксам;Боковые молле-панели";"Боковая молле-панель для Haval Raptor";;"Комплект из боковой молле-панели и креплений под автомобиль. Боковая молле-панель STORM PRO, устанавливается на кронштейны для бокового бокса. На молле-панель может быть установлен бокс, можно закрепить другое оборудование (канистра, сэндтраки и т.д.).<br /><br />Подходит для: всех автомобилей, на которые есть кронштейны для боковых боксов.<br /><br /><ul><li data-list=""bullet"">Алюминий авиационного класса 6061: сверхлегкий, но при этом невероятно прочный. 100% устойчивость к коррозии для экстремальных внедорожных условий.</li><li data-list=""bullet"">Эксклюзивная система крепления STORM Rack: разработана специально для багажника STORM. Крепится болтами напрямую, без сверления.</li><li data-list=""bullet"">Максимальное использование внешнего пространства для хранения: универсальная сетка MOLLE позволяет легко закрепить эвакуационные доски, канистры с топливом и инструменты. Освободите место в салоне.</li><li data-list=""bullet"">Надежная фиксация снаряжения: жесткая конструкция предотвращает дребезжание на ухабистых дорогах. Надежно удерживает тяжелое снаряжение на месте.</li></ul><br /><strong>Характеристики</strong><br />Размеры: 636*437*3мм<br />Вес: около 2кг";https://static.tildacdn.com/stor6163-3838-4139-a566-336434626434/75c5c3120bd20a847e632c24c8645f77.png;27265.00;;;;;hAOvV3jTDGboHlZgR9l1;;Haval;0;0;0;0;;;;;
333607123733;;;;"Боковые боксы>>>Аксессуары к боковым боксам;Боковые молле-панели";"Боковая молле-панель для Tank 300";;"Комплект из боковой молле-панели и креплений под автомобиль. Боковая молле-панель STORM PRO, устанавливается на кронштейны для бокового бокса. На молле-панель может быть установлен бокс, можно закрепить другое оборудование (канистра, сэндтраки и т.д.).<br /><br />Подходит для: всех автомобилей, на которые есть кронштейны для боковых боксов.<br /><br /><ul><li data-list=""bullet"">Алюминий авиационного класса 6061: сверхлегкий, но при этом невероятно прочный. 100% устойчивость к коррозии для экстремальных внедорожных условий.</li><li data-list=""bullet"">Эксклюзивная система крепления STORM Rack: разработана специально для багажника STORM. Крепится болтами напрямую, без сверления.</li><li data-list=""bullet"">Максимальное использование внешнего пространства для хранения: универсальная сетка MOLLE позволяет легко закрепить эвакуационные доски, канистры с топливом и инструменты. Освободите место в салоне.</li><li data-list=""bullet"">Надежная фиксация снаряжения: жесткая конструкция предотвращает дребезжание на ухабистых дорогах. Надежно удерживает тяжелое снаряжение на месте.</li></ul><br /><strong>Характеристики</strong><br />Размеры: 636*437*3мм<br />Вес: около 2кг";https://static.tildacdn.com/stor6163-3838-4139-a566-336434626434/75c5c3120bd20a847e632c24c8645f77.png;27265.00;;;;;3XKcySo4vB0bFtOK8IoC;;Tank;0;0;0;0;;;;;
945433175863;;;;"Боковые боксы>>>Аксессуары к боковым боксам;Боковые молле-панели";"Боковая молле-панель для Toyota Land Cruiser Prado 250";;"Комплект из боковой молле-панели и креплений под автомобиль. Боковая молле-панель STORM PRO, устанавливается на кронштейны для бокового бокса. На молле-панель может быть установлен бокс, можно закрепить другое оборудование (канистра, сэндтраки и т.д.).<br /><br />Подходит для: всех автомобилей, на которые есть кронштейны для боковых боксов.<br /><br /><ul><li data-list=""bullet"">Алюминий авиационного класса 6061: сверхлегкий, но при этом невероятно прочный. 100% устойчивость к коррозии для экстремальных внедорожных условий.</li><li data-list=""bullet"">Эксклюзивная система крепления STORM Rack: разработана специально для багажника STORM. Крепится болтами напрямую, без сверления.</li><li data-list=""bullet"">Максимальное использование внешнего пространства для хранения: универсальная сетка MOLLE позволяет легко закрепить эвакуационные доски, канистры с топливом и инструменты. Освободите место в салоне.</li><li data-list=""bullet"">Надежная фиксация снаряжения: жесткая конструкция предотвращает дребезжание на ухабистых дорогах. Надежно удерживает тяжелое снаряжение на месте.</li></ul><br /><strong>Характеристики</strong><br />Размеры: 636*437*3мм<br />Вес: около 2кг";https://static.tildacdn.com/stor6163-3838-4139-a566-336434626434/75c5c3120bd20a847e632c24c8645f77.png;27265.00;;;;;sxMjyVF7UJhDFEmVCjNI;;Toyota;0;0;0;0;;;;;
748537517723;;;;"Боковые боксы>>>Аксессуары к боковым боксам;Боковые молле-панели";"Боковая молле-панель для Toyota Land Cruiser Prado 300";;"Комплект из боковой молле-панели и креплений под автомобиль. Боковая молле-панель STORM PRO, устанавливается на кронштейны для бокового бокса. На молле-панель может быть установлен бокс, можно закрепить другое оборудование (канистра, сэндтраки и т.д.).<br /><br />Подходит для: всех автомобилей, на которые есть кронштейны для боковых боксов.<br /><br /><ul><li data-list=""bullet"">Алюминий авиационного класса 6061: сверхлегкий, но при этом невероятно прочный. 100% устойчивость к коррозии для экстремальных внедорожных условий.</li><li data-list=""bullet"">Эксклюзивная система крепления STORM Rack: разработана специально для багажника STORM. Крепится болтами напрямую, без сверления.</li><li data-list=""bullet"">Максимальное использование внешнего пространства для хранения: универсальная сетка MOLLE позволяет легко закрепить эвакуационные доски, канистры с топливом и инструменты. Освободите место в салоне.</li><li data-list=""bullet"">Надежная фиксация снаряжения: жесткая конструкция предотвращает дребезжание на ухабистых дорогах. Надежно удерживает тяжелое снаряжение на месте.</li></ul><br /><strong>Характеристики</strong><br />Размеры: 636*437*3мм<br />Вес: около 2кг";https://static.tildacdn.com/stor6163-3838-4139-a566-336434626434/75c5c3120bd20a847e632c24c8645f77.png;27265.00;;;;;9hZfcYkY7nPfJvYFRG92;;Toyota;0;0;0;0;;;;;
446818027743;;;;"Боковые боксы>>>Аксессуары к боковым боксам;Боковые молле-панели";"Боковая молле-панель для Jeep Wrangler JK";;"Комплект из боковой молле-панели и креплений под автомобиль. Боковая молле-панель STORM PRO, устанавливается на кронштейны для бокового бокса. На молле-панель может быть установлен бокс, можно закрепить другое оборудование (канистра, сэндтраки и т.д.).<br /><br />Подходит для: всех автомобилей, на которые есть кронштейны для боковых боксов.<br /><br /><ul><li data-list=""bullet"">Алюминий авиационного класса 6061: сверхлегкий, но при этом невероятно прочный. 100% устойчивость к коррозии для экстремальных внедорожных условий.</li><li data-list=""bullet"">Эксклюзивная система крепления STORM Rack: разработана специально для багажника STORM. Крепится болтами напрямую, без сверления.</li><li data-list=""bullet"">Максимальное использование внешнего пространства для хранения: универсальная сетка MOLLE позволяет легко закрепить эвакуационные доски, канистры с топливом и инструменты. Освободите место в салоне.</li><li data-list=""bullet"">Надежная фиксация снаряжения: жесткая конструкция предотвращает дребезжание на ухабистых дорогах. Надежно удерживает тяжелое снаряжение на месте.</li></ul><br /><strong>Характеристики</strong><br />Размеры: 636*437*3мм<br />Вес: около 2кг";https://static.tildacdn.com/stor6163-3838-4139-a566-336434626434/75c5c3120bd20a847e632c24c8645f77.png;27265.00;;;;;PdZnSRJenx5vlm3JZdOS;;Jeep;0;0;0;0;;;;;
637820305643;;;;"Боковые боксы>>>Аксессуары к боковым боксам;Боковые молле-панели";"Боковая молле-панель для Jeep Wrangler JL";;"Комплект из боковой молле-панели и креплений под автомобиль. Боковая молле-панель STORM PRO, устанавливается на кронштейны для бокового бокса. На молле-панель может быть установлен бокс, можно закрепить другое оборудование (канистра, сэндтраки и т.д.).<br /><br />Подходит для: всех автомобилей, на которые есть кронштейны для боковых боксов.<br /><br /><ul><li data-list=""bullet"">Алюминий авиационного класса 6061: сверхлегкий, но при этом невероятно прочный. 100% устойчивость к коррозии для экстремальных внедорожных условий.</li><li data-list=""bullet"">Эксклюзивная система крепления STORM Rack: разработана специально для багажника STORM. Крепится болтами напрямую, без сверления.</li><li data-list=""bullet"">Максимальное использование внешнего пространства для хранения: универсальная сетка MOLLE позволяет легко закрепить эвакуационные доски, канистры с топливом и инструменты. Освободите место в салоне.</li><li data-list=""bullet"">Надежная фиксация снаряжения: жесткая конструкция предотвращает дребезжание на ухабистых дорогах. Надежно удерживает тяжелое снаряжение на месте.</li></ul><br /><strong>Характеристики</strong><br />Размеры: 636*437*3мм<br />Вес: около 2кг";https://static.tildacdn.com/stor6163-3838-4139-a566-336434626434/75c5c3120bd20a847e632c24c8645f77.png;27265.00;;;;;Vu9U1ZkgsFf2OR0VCefv;;Jeep;0;0;0;0;;;;;
311809168583;;;;"Боковые боксы>>>Аксессуары к боковым боксам;Боковые молле-панели";"Боковая молле-панель для Land Rover Defender 90/110";;"Комплект из боковой молле-панели и креплений под автомобиль. Боковая молле-панель STORM PRO, устанавливается на кронштейны для бокового бокса. На молле-панель может быть установлен бокс, можно закрепить другое оборудование (канистра, сэндтраки и т.д.).<br /><br />Подходит для: всех автомобилей, на которые есть кронштейны для боковых боксов.<br /><br /><ul><li data-list=""bullet"">Алюминий авиационного класса 6061: сверхлегкий, но при этом невероятно прочный. 100% устойчивость к коррозии для экстремальных внедорожных условий.</li><li data-list=""bullet"">Эксклюзивная система крепления STORM Rack: разработана специально для багажника STORM. Крепится болтами напрямую, без сверления.</li><li data-list=""bullet"">Максимальное использование внешнего пространства для хранения: универсальная сетка MOLLE позволяет легко закрепить эвакуационные доски, канистры с топливом и инструменты. Освободите место в салоне.</li><li data-list=""bullet"">Надежная фиксация снаряжения: жесткая конструкция предотвращает дребезжание на ухабистых дорогах. Надежно удерживает тяжелое снаряжение на месте.</li></ul><br /><strong>Характеристики</strong><br />Размеры: 636*437*3мм<br />Вес: около 2кг";https://static.tildacdn.com/stor6163-3838-4139-a566-336434626434/75c5c3120bd20a847e632c24c8645f77.png;27265.00;;;;;y0ypGH33HgLuvz9xA1uU;;"Land Rover";0;0;0;0;;;;;
517272779693;;;;"Боковые боксы>>>Аксессуары к боковым боксам;Боковые молле-панели";"Боковая молле-панель для Land Rover Discovery 4";;"Комплект из боковой молле-панели и креплений под автомобиль. Боковая молле-панель STORM PRO, устанавливается на кронштейны для бокового бокса. На молле-панель может быть установлен бокс, можно закрепить другое оборудование (канистра, сэндтраки и т.д.).<br /><br />Подходит для: всех автомобилей, на которые есть кронштейны для боковых боксов.<br /><br /><ul><li data-list=""bullet"">Алюминий авиационного класса 6061: сверхлегкий, но при этом невероятно прочный. 100% устойчивость к коррозии для экстремальных внедорожных условий.</li><li data-list=""bullet"">Эксклюзивная система крепления STORM Rack: разработана специально для багажника STORM. Крепится болтами напрямую, без сверления.</li><li data-list=""bullet"">Максимальное использование внешнего пространства для хранения: универсальная сетка MOLLE позволяет легко закрепить эвакуационные доски, канистры с топливом и инструменты. Освободите место в салоне.</li><li data-list=""bullet"">Надежная фиксация снаряжения: жесткая конструкция предотвращает дребезжание на ухабистых дорогах. Надежно удерживает тяжелое снаряжение на месте.</li></ul><br /><strong>Характеристики</strong><br />Размеры: 636*437*3мм<br />Вес: около 2кг";https://static.tildacdn.com/stor6163-3838-4139-a566-336434626434/75c5c3120bd20a847e632c24c8645f77.png;27265.00;;;;;EaXibAXAxb4etxc8uvyr;;"Land Rover";0;0;0;0;;;;;
231817761943;;;;"Боковые боксы>>>Аксессуары к боковым боксам;Боковые молле-панели";"Боковая молле-панель для BAIC BJ40 (2024+)";;"Комплект из боковой молле-панели и креплений под автомобиль. Боковая молле-панель STORM PRO, устанавливается на кронштейны для бокового бокса. На молле-панель может быть установлен бокс, можно закрепить другое оборудование (канистра, сэндтраки и т.д.).<br /><br />Подходит для: всех автомобилей, на которые есть кронштейны для боковых боксов.<br /><br /><ul><li data-list=""bullet"">Алюминий авиационного класса 6061: сверхлегкий, но при этом невероятно прочный. 100% устойчивость к коррозии для экстремальных внедорожных условий.</li><li data-list=""bullet"">Эксклюзивная система крепления STORM Rack: разработана специально для багажника STORM. Крепится болтами напрямую, без сверления.</li><li data-list=""bullet"">Максимальное использование внешнего пространства для хранения: универсальная сетка MOLLE позволяет легко закрепить эвакуационные доски, канистры с топливом и инструменты. Освободите место в салоне.</li><li data-list=""bullet"">Надежная фиксация снаряжения: жесткая конструкция предотвращает дребезжание на ухабистых дорогах. Надежно удерживает тяжелое снаряжение на месте.</li></ul><br /><strong>Характеристики</strong><br />Размеры: 636*437*3мм<br />Вес: около 2кг";https://static.tildacdn.com/stor6163-3838-4139-a566-336434626434/75c5c3120bd20a847e632c24c8645f77.png;27265.00;;;;;ZVs4Oh2t3FuFbVPsJeY8;;BAIC;0;0;0;0;;;;;
896547296743;;;;"Боковые боксы>>>Аксессуары к боковым боксам;Боковые молле-панели";"Боковая молле-панель для BAW BJ212";;"Комплект из боковой молле-панели и креплений под автомобиль. Боковая молле-панель STORM PRO, устанавливается на кронштейны для бокового бокса. На молле-панель может быть установлен бокс, можно закрепить другое оборудование (канистра, сэндтраки и т.д.).<br /><br />Подходит для: всех автомобилей, на которые есть кронштейны для боковых боксов.<br /><br /><ul><li data-list=""bullet"">Алюминий авиационного класса 6061: сверхлегкий, но при этом невероятно прочный. 100% устойчивость к коррозии для экстремальных внедорожных условий.</li><li data-list=""bullet"">Эксклюзивная система крепления STORM Rack: разработана специально для багажника STORM. Крепится болтами напрямую, без сверления.</li><li data-list=""bullet"">Максимальное использование внешнего пространства для хранения: универсальная сетка MOLLE позволяет легко закрепить эвакуационные доски, канистры с топливом и инструменты. Освободите место в салоне.</li><li data-list=""bullet"">Надежная фиксация снаряжения: жесткая конструкция предотвращает дребезжание на ухабистых дорогах. Надежно удерживает тяжелое снаряжение на месте.</li></ul><br /><strong>Характеристики</strong><br />Размеры: 636*437*3мм<br />Вес: около 2кг";https://static.tildacdn.com/stor6163-3838-4139-a566-336434626434/75c5c3120bd20a847e632c24c8645f77.png;27265.00;;;;;vyTMrxhEUCUcTAHumrXy;;BAW;0;0;0;0;;;;;
406763691783;;;;"Боковые боксы>>>Аксессуары к боковым боксам;Боковые молле-панели";"Боковая молле-панель для Jetour Traveller / Shanhai T2";;"Комплект из боковой молле-панели и креплений под автомобиль. Боковая молле-панель STORM PRO, устанавливается на кронштейны для бокового бокса. На молле-панель может быть установлен бокс, можно закрепить другое оборудование (канистра, сэндтраки и т.д.).<br /><br />Подходит для: всех автомобилей, на которые есть кронштейны для боковых боксов.<br /><br /><ul><li data-list=""bullet"">Алюминий авиационного класса 6061: сверхлегкий, но при этом невероятно прочный. 100% устойчивость к коррозии для экстремальных внедорожных условий.</li><li data-list=""bullet"">Эксклюзивная система крепления STORM Rack: разработана специально для багажника STORM. Крепится болтами напрямую, без сверления.</li><li data-list=""bullet"">Максимальное использование внешнего пространства для хранения: универсальная сетка MOLLE позволяет легко закрепить эвакуационные доски, канистры с топливом и инструменты. Освободите место в салоне.</li><li data-list=""bullet"">Надежная фиксация снаряжения: жесткая конструкция предотвращает дребезжание на ухабистых дорогах. Надежно удерживает тяжелое снаряжение на месте.</li></ul><br /><strong>Характеристики</strong><br />Размеры: 636*437*3мм<br />Вес: около 2кг";https://static.tildacdn.com/stor6163-3838-4139-a566-336434626434/75c5c3120bd20a847e632c24c8645f77.png;27265.00;;;;;rvm0IcbGuHXlJpvii0r2;;Jetour;0;0;0;0;;;;;
319764627503;;;;"Боковые боксы>>>Аксессуары к боковым боксам;Боковые молле-панели";"Боковая молле-панель для Hyundai Santa Fe";;"Комплект из боковой молле-панели и креплений под автомобиль. Боковая молле-панель STORM PRO, устанавливается на кронштейны для бокового бокса. На молле-панель может быть установлен бокс, можно закрепить другое оборудование (канистра, сэндтраки и т.д.).<br /><br />Подходит для: всех автомобилей, на которые есть кронштейны для боковых боксов.<br /><br /><ul><li data-list=""bullet"">Алюминий авиационного класса 6061: сверхлегкий, но при этом невероятно прочный. 100% устойчивость к коррозии для экстремальных внедорожных условий.</li><li data-list=""bullet"">Эксклюзивная система крепления STORM Rack: разработана специально для багажника STORM. Крепится болтами напрямую, без сверления.</li><li data-list=""bullet"">Максимальное использование внешнего пространства для хранения: универсальная сетка MOLLE позволяет легко закрепить эвакуационные доски, канистры с топливом и инструменты. Освободите место в салоне.</li><li data-list=""bullet"">Надежная фиксация снаряжения: жесткая конструкция предотвращает дребезжание на ухабистых дорогах. Надежно удерживает тяжелое снаряжение на месте.</li></ul><br /><strong>Характеристики</strong><br />Размеры: 636*437*3мм<br />Вес: около 2кг";https://static.tildacdn.com/stor6163-3838-4139-a566-336434626434/75c5c3120bd20a847e632c24c8645f77.png;27265.00;;;;;XtlS7Fj2klGbLMYnp0oh;;Hyundai;0;0;0;0;;;;;
